{"_step":4,"train_accuracy":0.712,"val_f1":0.6620689655172414,"_timestamp":1.7316878556512403e+09,"train_loss":0.6233189851045609,"gradients/graph_7gat1.heads.0.attn_fc.weight":{"_type":"histogram","values":[1,0,0,0,0,0,0,0,0,0,0,0,0,0,0,0,0,0,1,0,0,0,0,0,1,1,1,1,0,0,0,0,0,1,0,0,0,0,0,0,0,0,0,0,0,0,0,0,0,0,0,0,0,0,0,0,0,0,0,0,0,0,0,1],"bins":[-0.11134551465511322,-0.10695747286081314,-0.10256943106651306,-0.09818139672279358,-0.0937933549284935,-0.08940531313419342,-0.08501727879047394,-0.08062923699617386,-0.07624119520187378,-0.0718531534075737,-0.06746511161327362,-0.06307707726955414,-0.05868903547525406,-0.05430099368095398,-0.0499129556119442,-0.04552491754293442,-0.04113687574863434,-0.03674883395433426,-0.03236079216003418,-0.027972757816314697,-0.023584716022014618,-0.01919667422771454,-0.014808639883995056,-0.010420598089694977,-0.0060325562953948975,-0.0016445145010948181,0.0027435272932052612,0.007131561636924744,0.011519603431224823,0.015907645225524902,0.020295679569244385,0.02468372881412506,0.029071763157844543,0.033459797501564026,0.0378478467464447,0.042235881090164185,0.046623922884464264,0.05101196467876434,0.055399999022483826,0.059788040816783905,0.06417608261108398,0.06856412440538406,0.07295216619968414,0.07734020054340363,0.0817282423377037,0.08611628413200378,0.09050431847572327,0.09489236027002335,0.09928040206432343,0.1036684438586235,0.10805648565292358,0.11244451999664307,0.11683256179094315,0.12122060358524323,0.1256086379289627,0.12999668717384338,0.13438472151756287,0.13877275586128235,0.14316080510616302,0.1475488394498825,0.15193688869476318,0.15632492303848267,0.16071295738220215,0.16510100662708282,0.1694890409708023]},"gradients/graph_7gat1.heads.0.fc.weight":{"values":[1,0,0,0,0,0,1,1,0,1,0,0,0,0,1,1,0,0,0,0,0,0,0,0,0,0,1,2,0,0,1,0,0,1,1,1,0,0,2,0,0,0,0,0,0,0,0,0,0,0,2,0,0,0,0,0,2,2,0,1,1,0,0,1],"bins":[-0.05835660174489021,-0.05659162998199463,-0.054826654493808746,-0.05306168273091316,-0.05129671096801758,-0.049531739205121994,-0.04776676744222641,-0.04600179195404053,-0.04423682019114494,-0.04247184842824936,-0.04070687294006348,-0.03894190117716789,-0.03717692941427231,-0.035411957651376724,-0.03364698588848114,-0.03188201040029526,-0.030117038637399673,-0.02835206687450409,-0.026587095111608505,-0.024822119623422623,-0.02305714786052704,-0.021292176097631454,-0.019527200609445572,-0.017762228846549988,-0.015997257083654404,-0.01423228532075882,-0.012467313557863235,-0.010702338069677353,-0.008937366306781769,-0.007172394543886185,-0.005407419055700302,-0.003642447292804718,-0.0018774792551994324,-0.00011250749230384827,0.0016524642705917358,0.0034174397587776184,0.0051824115216732025,0.006947383284568787,0.00871235877275467,0.010477330535650253,0.012242302298545837,0.014007274061441422,0.015772245824337006,0.017537221312522888,0.019302193075418472,0.021067164838314056,0.02283214032649994,0.024597112089395523,0.026362083852291107,0.02812705561518669,0.029892029240727425,0.03165700286626816,0.03342197462916374,0.035186946392059326,0.03695192188024521,0.03871689364314079,0.04048186540603638,0.04224683716893196,0.044011808931827545,0.04577678442001343,0.04754175618290901,0.049306727945804596,0.05107170343399048,0.05283667519688606,0.05460164695978165],"_type":"histogram"},"gradients/graph_7classifier.weight":{"_type":"histogram","values":[1,0,0,0,0,0,0,0,0,1,0,0,0,0,0,0,0,0,0,0,0,1,0,0,0,0,0,1,0,0,0,0,0,0,0,0,1,0,0,0,0,0,1,0,0,0,0,0,0,0,0,0,0,0,1,0,0,0,0,0,0,0,0,1],"bins":[-0.12551946938037872,-0.12159698456525803,-0.11767449975013733,-0.11375202238559723,-0.10982953757047653,-0.10590705275535583,-0.10198456794023514,-0.09806208312511444,-0.09413960576057434,-0.09021711349487305,-0.08629463613033295,-0.08237215131521225,-0.07844966650009155,-0.07452718913555145,-0.07060469686985016,-0.06668221950531006,-0.06275973469018936,-0.058837249875068665,-0.05491476505994797,-0.05099228769540787,-0.04706980288028717,-0.04314731806516647,-0.039224833250045776,-0.03530234843492508,-0.03137986361980438,-0.027457386255264282,-0.023534901440143585,-0.019612416625022888,-0.01568993180990219,-0.011767446994781494,-0.007844969630241394,-0.003922484815120697,0,0.003922484815120697,0.007844969630241394,0.011767446994781494,0.01568993180990219,0.019612416625022888,0.023534901440143585,0.027457386255264282,0.03137986361980438,0.03530234843492508,0.039224833250045776,0.04314731806516647,0.04706980288028717,0.05099228769540787,0.05491476505994797,0.058837249875068665,0.06275973469018936,0.06668221950531006,0.07060469686985016,0.07452718913555145,0.07844966650009155,0.08237215131521225,0.08629463613033295,0.09021711349487305,0.09413960576057434,0.09806208312511444,0.10198456794023514,0.10590705275535583,0.10982953757047653,0.11375202238559723,0.11767449975013733,0.12159698456525803,0.12551946938037872]},"epoch":5,"gradients/graph_7classifier.bias":{"_type":"histogram","values":[1,0,0,0,0,0,0,0,0,0,0,0,0,0,0,0,0,0,0,0,0,0,0,0,0,0,0,0,0,0,0,0,0,0,0,0,0,0,0,0,0,0,0,0,0,0,0,0,0,0,0,0,0,0,0,0,0,0,0,0,0,0,0,1],"bins":[-0.10614268481731415,-0.10282572358846664,-0.09950876981019974,-0.09619180858135223,-0.09287484735250473,-0.08955788612365723,-0.08624093234539032,-0.08292397111654282,-0.07960700988769531,-0.0762900561094284,-0.0729730948805809,-0.0696561336517334,-0.06633917987346649,-0.06302221864461899,-0.05970526114106178,-0.05638829991221428,-0.053071342408657074,-0.04975438490509987,-0.046437423676252365,-0.04312046617269516,-0.039803504943847656,-0.03648655116558075,-0.033169589936733246,-0.029852628707885742,-0.026535674929618835,-0.023218713700771332,-0.019901752471923828,-0.016584791243076324,-0.013267837464809418,-0.009950876235961914,-0.00663391500711441,-0.0033169612288475037,0,0.0033169612288475037,0.00663391500711441,0.009950876235961914,0.013267837464809418,0.016584791243076324,0.019901752471923828,0.023218713700771332,0.026535674929618835,0.029852628707885742,0.033169589936733246,0.03648655116558075,0.039803504943847656,0.04312046617269516,0.046437423676252365,0.04975438490509987,0.053071342408657074,0.05638829991221428,0.05970526114106178,0.06302221864461899,0.06633917987346649,0.0696561336517334,0.0729730948805809,0.0762900561094284,0.07960700988769531,0.08292397111654282,0.08624093234539032,0.08955788612365723,0.09287484735250473,0.09619180858135223,0.09950876981019974,0.10282572358846664,0.10614268481731415]},"parameters/graph_7gat1.heads.0.attn_fc.weight":{"bins":[-2.2938919067382812,-2.2376434803009033,-2.1813950538635254,-2.1251466274261475,-2.0688982009887695,-2.0126500129699707,-1.9564014673233032,-1.9001531600952148,-1.843904733657837,-1.787656307220459,-1.731407880783081,-1.6751594543457031,-1.6189110279083252,-1.5626627206802368,-1.5064142942428589,-1.4501659870147705,-1.3939175605773926,-1.3376691341400146,-1.2814207077026367,-1.2251722812652588,-1.1689238548278809,-1.1126755475997925,-1.0564271211624146,-1.0001786947250366,-0.9439302682876587,-0.8876818418502808,-0.8314335346221924,-0.7751851081848145,-0.7189366817474365,-0.6626882553100586,-0.6064399480819702,-0.5501915216445923,-0.49394309520721436,-0.4376946687698364,-0.3814462423324585,-0.3251979351043701,-0.2689495086669922,-0.21270108222961426,-0.15645265579223633,-0.10020434856414795,-0.04395592212677002,0.01229250431060791,0.06854093074798584,0.12478935718536377,0.18103766441345215,0.23728609085083008,0.293534517288208,0.34978288412094116,0.4060313105583191,0.462279736995697,0.5185281038284302,0.5747765302658081,0.6310248970985413,0.6872733235359192,0.7435216903686523,0.7997701168060303,0.8560185432434082,0.9122669100761414,0.9685152769088745,1.0247637033462524,1.0810121297836304,1.1372605562210083,1.1935088634490967,1.2497572898864746,1.3060057163238525],"_type":"histogram","values":[1,0,0,0,0,0,0,0,0,0,0,0,0,0,0,0,0,0,0,0,0,0,0,0,0,0,0,0,1,0,0,0,0,0,0,2,0,0,1,0,0,0,0,0,0,0,0,1,0,0,0,0,0,0,0,0,0,0,0,0,1,0,0,1]},"val_loss":0.615608811378479,