{"gradients/graph_24gat1.heads.0.attn_fc.weight":{"bins":[-0.0601666085422039,-0.058543622493743896,-0.05692063644528389,-0.05529765039682388,-0.053674664348363876,-0.05205167829990387,-0.05042869225144386,-0.048805706202983856,-0.04718272015452385,-0.04555973410606384,-0.043936748057603836,-0.04231376200914383,-0.04069077596068382,-0.039067789912223816,-0.03744480386376381,-0.0358218178153038,-0.034198831766843796,-0.03257584571838379,-0.030952859669923782,-0.029329873621463776,-0.02770688757300377,-0.026083901524543762,-0.024460915476083755,-0.02283792942762375,-0.021214943379163742,-0.019591957330703735,-0.01796897128224373,-0.016345985233783722,-0.014722999185323715,-0.013100013136863708,-0.011477027088403702,-0.009854041039943695,-0.00823105126619339,-0.006608065217733383,-0.0049850791692733765,-0.0033620931208133698,-0.001739107072353363,-0.00011612102389335632,0.0015068650245666504,0.003129851073026657,0.004752837121486664,0.0063758231699466705,0.007998809218406677,0.009621795266866684,0.01124478131532669,0.012867767363786697,0.014490753412246704,0.01611373946070671,0.017736725509166718,0.019359711557626724,0.02098269760608673,0.022605683654546738,0.024228669703006744,0.02585165575146675,0.027474641799926758,0.029097627848386765,0.03072061389684677,0.03234359994530678,0.033966585993766785,0.03558957204222679,0.0372125580906868,0.038835544139146805,0.04045853018760681,0.04208151623606682,0.043704502284526825],"_type":"histogram","values":[1,0,0,0,0,1,0,0,0,1,0,0,0,0,0,0,0,0,0,0,0,0,1,0,1,0,0,0,0,1,0,0,0,0,1,0,1,1,2,1,1,0,1,0,0,0,0,0,0,0,1,0,0,0,0,0,0,0,0,0,0,0,0,1]},"val_accuracy":0.25925925925925924,"gradients/graph_24classifier.weight":{"bins":[-0.25055578351020813,-0.2427259087562561,-0.23489604890346527,-0.22706617414951324,-0.2192363142967224,-0.21140643954277039,-0.20357656478881836,-0.19574670493602753,-0.1879168450832367,-0.18008697032928467,-0.17225709557533264,-0.1644272357225418,-0.15659736096858978,-0.14876750111579895,-0.14093762636184692,-0.1331077516078949,-0.12527789175510406,-0.11744801700115204,-0.1096181571483612,-0.10178828239440918,-0.09395842254161835,-0.08612854778766632,-0.07829868793487549,-0.07046881318092346,-0.06263893842697144,-0.0548090785741806,-0.04697920382022858,-0.039149343967437744,-0.03131946921348572,-0.023489609360694885,-0.01565973460674286,-0.007829874753952026,0,0.007829874753952026,0.01565973460674286,0.023489609360694885,0.03131946921348572,0.039149343967437744,0.04697920382022858,0.0548090785741806,0.06263893842697144,0.07046881318092346,0.07829868793487549,0.08612854778766632,0.09395842254161835,0.10178828239440918,0.1096181571483612,0.11744801700115204,0.12527789175510406,0.1331077516078949,0.14093762636184692,0.14876750111579895,0.15659736096858978,0.1644272357225418,0.17225709557533264,0.18008697032928467,0.1879168450832367,0.19574670493602753,0.20357656478881836,0.21140643954277039,0.2192363142967224,0.22706617414951324,0.23489604890346527,0.2427259087562561,0.25055578351020813],"_type":"histogram","values":[1,0,0,0,0,2,0,0,2,0,0,0,0,1,1,0,0,0,0,0,0,2,0,0,1,0,2,2,1,0,0,1,1,0,0,1,2,2,0,1,0,0,2,0,0,0,0,0,0,1,1,0,0,0,0,2,0,0,2,0,0,0,0,1]},"val_f1":0.25925925925925924,"parameters/graph_24gat1.heads.1.fc.weight":{"_type":"histogram","values":[1,2,0,1,2,1,0,1,0,0,1,1,1,1,0,0,1,1,0,2,1,0,0,1,1,2,0,1,2,1,0,1,0,2,3,1,2,3,0,1,2,0,0,0,2,1,0,1,0,0,0,1,1,0,0,0,0,0,1,0,0,0,0,1],"bins":[-1.0272512435913086,-0.9888229966163635,-0.9503947496414185,-0.9119665026664734,-0.8735382556915283,-0.8351100087165833,-0.7966817617416382,-0.7582534551620483,-0.719825267791748,-0.6813969612121582,-0.6429687738418579,-0.6045404672622681,-0.566112220287323,-0.5276839733123779,-0.48925572633743286,-0.4508274793624878,-0.4123992323875427,-0.37397098541259766,-0.3355427384376526,-0.2971144914627075,-0.25868624448776245,-0.22025799751281738,-0.18182975053787231,-0.14340150356292725,-0.1049731969833374,-0.06654495000839233,-0.028116703033447266,0.010311484336853027,0.04873979091644287,0.08716797828674316,0.125596284866333,0.1640244722366333,0.20245277881622314,0.240881085395813,0.2793092727661133,0.3177375793457031,0.3561657667160034,0.39459407329559326,0.43302226066589355,0.4714505076408386,0.5098787546157837,0.5483070611953735,0.5867353081703186,0.6251635551452637,0.6635918021202087,0.7020200490951538,0.7404482960700989,0.778876543045044,0.817304790019989,0.8557330369949341,0.8941612839698792,0.9325895309448242,0.9710177779197693,1.0094460248947144,1.0478743314743042,1.0863025188446045,1.1247308254241943,1.1631590127944946,1.2015873193740845,1.2400155067443848,1.2784438133239746,1.316872000694275,1.3553003072738647,1.393728494644165,1.4321568012237549]},"parameters/graph_24gat1.heads.1.attn_fc.weight":{"_type":"histogram","values":[1,0,0,0,0,0,0,0,0,0,0,0,0,0,0,0,0,0,0,0,0,1,0,0,0,0,1,0,1,0,0,0,0,1,1,0,1,2,1,1,1,0,0,0,0,1,0,1,0,0,0,0,0,0,0,1,0,0,0,0,0,0,0,1],"bins":[-1.0749391317367554,-1.0439523458480835,-1.0129655599594116,-0.981978714466095,-0.9509919285774231,-0.9200050830841064,-0.8890182971954346,-0.8580315113067627,-0.8270447254180908,-0.7960578799247742,-0.7650710940361023,-0.7340842485427856,-0.7030974626541138,-0.6721106767654419,-0.64112389087677,-0.6101371049880981,-0.5791502594947815,-0.5481634736061096,-0.517176628112793,-0.4861898422241211,-0.4552030563354492,-0.42421621084213257,-0.3932294249534607,-0.3622426390647888,-0.33125579357147217,-0.3002690076828003,-0.2692822217941284,-0.23829543590545654,-0.2073085904121399,-0.17632180452346802,-0.14533501863479614,-0.11434817314147949,-0.08336132764816284,-0.05237454175949097,-0.021387696266174316,0.009599089622497559,0.040585875511169434,0.07157272100448608,0.10255950689315796,0.13354629278182983,0.1645330786705017,0.19551992416381836,0.22650671005249023,0.2574934959411621,0.28848034143447876,0.31946712732315063,0.3504539132118225,0.38144075870513916,0.41242754459381104,0.4434143602848053,0.4744011461734772,0.5053879618644714,0.5363747477531433,0.56736159324646,0.5983483791351318,0.6293351650238037,0.6603219509124756,0.6913087964057922,0.7222955822944641,0.7532824277877808,0.7842692136764526,0.8152559995651245,0.8462427854537964,0.877229630947113,0.9082164168357849]},"_wandb":{"runtime":8},"epoch":5,"parameters/graph_24classifier.bias":{"_type":"histogram","values":[1,0,0,0,0,0,0,0,0,0,0,0,0,0,0,0,0,0,0,0,0,0,0,0,0,0,0,0,0,0,0,0,0,0,0,0,0,0,0,0,0,0,0,0,0,0,0,0,0,0,0,0,0,0,0,0,0,0,0,0,0,0,0,1],"bins":[-0.22585031390190125,-0.21999379992485046,-0.21413728594779968,-0.2082807719707489,-0.20242425799369812,-0.19656774401664734,-0.19071123003959656,-0.18485471606254578,-0.178998202085495,-0.1731416881084442,-0.16728517413139343,-0.16142866015434265,-0.15557213127613068,-0.1497156172990799,-0.1438591033220291,-0.13800258934497833,-0.13214607536792755,-0.12628956139087677,-0.12043304741382599,-0.11457653343677521,-0.10872001945972443,-0.10286349803209305,-0.09700699150562286,-0.09115047752857208,-0.08529394865036011,-0.07943743467330933,-0.07358092069625854,-0.06772440671920776,-0.06186789274215698,-0.0560113787651062,-0.05015486478805542,-0.04429835081100464,-0.03844183683395386,-0.032585322856903076,-0.026728808879852295,-0.020872294902801514,-0.015015780925750732,-0.009159266948699951,-0.00330275297164917,0.0025537610054016113,0.008410274982452393,0.014266803860664368,0.02012331783771515,0.025979824364185333,0.03183634579181671,0.03769285976886749,0.043549373745918274,0.049405887722969055,0.055262401700019836,0.06111891567707062,0.0669754296541214,0.07283194363117218,0.07868845760822296,0.08454497903585434,0.09040149301290512,0.0962580069899559,0.10211452096700668,0.10797103494405746,0.11382754892110825,0.11968407034873962,0.1255405843257904,0.1313970983028412,0.13725361227989197,0.14311012625694275,0.14896664023399353]},"gradients/graph_24gat1.heads.1.fc.weight":{"values":[1,0,0,0,0,0,0,0,0,0,1,0,1,1,0,0,1,0,0,0,1,1,1,3,1,0,1,1,0,3,1,2,5,3,0,1,1,2,3,2,1,0,1,0,0,0,0,1,0,1,2,1,0,0,1,0,1,0,0,0,1,0,0,1],