{"epoch":5,"gradients/graph_12gat1.heads.0.attn_fc.weight":{"_type":"histogram","values":[1,0,0,0,0,0,0,0,0,0,0,0,0,0,0,0,0,1,0,0,0,1,0,0,0,0,0,0,1,2,2,3,0,0,2,0,0,0,0,0,0,0,0,0,0,0,0,0,0,0,1,0,0,0,0,0,1,0,0,0,0,0,0,1],"bins":[-0.00905517302453518,-0.008758872747421265,-0.008462571538984776,-0.008166271261870861,-0.007869970984756947,-0.007573670241981745,-0.007277369499206543,-0.0069810692220926285,-0.006684768479317427,-0.006388467736542225,-0.00609216745942831,-0.005795866716653109,-0.005499565973877907,-0.005203265696763992,-0.0049069649539887905,-0.004610664676874876,-0.004314363934099674,-0.004018063191324472,-0.003721762914210558,-0.003425462171435356,-0.0031291618943214417,-0.00283286115154624,-0.002536560408771038,-0.0022402601316571236,-0.0019439593888819218,-0.00164765864610672,-0.0013513583689928055,-0.001055058091878891,-0.0007587568834424019,-0.0004624566063284874,-0.0001661563292145729,0.0001301448792219162,0.0004264442250132561,0.0007227445021271706,0.0010190457105636597,0.0013153459876775742,0.0016116462647914886,0.0019079474732279778,0.0022042477503418922,0.0025005480274558067,0.0027968487702310085,0.0030931495130062103,0.003389449790120125,0.0036857505328953266,0.003982051275670528,0.004278351552784443,0.004574652295559645,0.004870952572673559,0.005167253315448761,0.005463554058223963,0.005759854335337877,0.006056155078113079,0.0063524553552269936,0.006648756098002195,0.006945056840777397,0.007241357117891312,0.0075376578606665134,0.007833958603441715,0.00813025888055563,0.008426560088992119,0.008722860366106033,0.009019160643219948,0.009315460920333862,0.009611762128770351,0.009908062405884266]},"parameters/graph_12gat1.heads.1.attn_fc.weight":{"_type":"histogram","values":[1,0,0,1,0,0,0,0,1,0,0,0,0,0,0,0,0,0,0,0,0,1,0,0,1,0,0,0,0,0,0,0,0,1,0,0,1,1,0,1,0,0,1,0,0,0,0,1,0,0,0,1,0,0,0,0,1,0,1,1,0,0,0,1],"bins":[-0.7997622489929199,-0.7795150279998779,-0.7592678666114807,-0.7390206456184387,-0.7187734246253967,-0.6985262632369995,-0.6782790422439575,-0.6580318212509155,-0.6377846598625183,-0.6175374388694763,-0.5972902774810791,-0.5770430564880371,-0.5567958354949951,-0.5365486145019531,-0.5163014531135559,-0.4960542321205139,-0.4758070409297943,-0.4555598497390747,-0.4353126287460327,-0.4150654375553131,-0.3948182463645935,-0.3745710253715515,-0.3543238341808319,-0.3340766429901123,-0.3138294219970703,-0.2935822606086731,-0.2733350396156311,-0.2530878186225891,-0.2328406572341919,-0.2125934362411499,-0.1923462152481079,-0.1720990538597107,-0.1518518030643463,-0.13160458207130432,-0.1113574206829071,-0.09111019968986511,-0.07086297869682312,-0.0506158173084259,-0.03036859631538391,-0.010121375322341919,0.010125786066055298,0.03037300705909729,0.050620198249816895,0.0708673894405365,0.09111461043357849,0.1113618016242981,0.1316089928150177,0.1518562138080597,0.1721034049987793,0.1923505961894989,0.2125978171825409,0.2328450083732605,0.2530921995639801,0.2733393907546997,0.2935866117477417,0.3138338029384613,0.3340809941291809,0.3543282151222229,0.3745754063129425,0.3948225975036621,0.4150698184967041,0.4353170096874237,0.4555642008781433,0.4758114218711853,0.4960586130619049]},"parameters/graph_12gat1.heads.0.fc.weight":{"values":[1,0,1,0,1,0,1,0,0,0,1,0,3,0,2,3,0,2,2,0,1,0,0,1,3,1,0,1,1,1,0,1,1,0,1,2,0,2,0,0,0,3,0,0,2,2,0,1,1,1,0,0,0,1,0,0,0,0,0,0,1,1,1,1],"bins":[-0.893498420715332,-0.8660514950752258,-0.8386046290397644,-0.8111577033996582,-0.783710777759552,-0.7562638521194458,-0.7288169860839844,-0.7013700604438782,-0.673923134803772,-0.6464762687683105,-0.6190293431282043,-0.5915824174880981,-0.5641355514526367,-0.5366886258125305,-0.5092417001724243,-0.4817948043346405,-0.4543479084968567,-0.4269010126590729,-0.3994540870189667,-0.37200719118118286,-0.34456026554107666,-0.31711339950561523,-0.28966647386550903,-0.26221954822540283,-0.2347726821899414,-0.2073257565498352,-0.179878830909729,-0.1524319052696228,-0.12498503923416138,-0.09753811359405518,-0.07009118795394897,-0.04264432191848755,-0.015197336673736572,0.012249588966369629,0.039696455001831055,0.06714338064193726,0.09459030628204346,0.12203717231750488,0.14948409795761108,0.17693102359771729,0.2043779492378235,0.2318248152732849,0.2592717409133911,0.2867186665534973,0.31416553258895874,0.34161245822906494,0.36905935406684875,0.39650627970695496,0.42395317554473877,0.4514000713825226,0.4788469970226288,0.5062938928604126,0.5337408185005188,0.561187744140625,0.5886346101760864,0.6160815358161926,0.6435284614562988,0.6709753274917603,0.6984222531318665,0.7258691787719727,0.7533160448074341,0.7807629704475403,0.8082098960876465,0.8356567621231079,0.8631036877632141],"_type":"histogram"},"_step":4,"parameters/graph_12classifier.bias":{"values":[1,0,0,0,0,0,0,0,0,0,0,0,0,0,0,0,0,0,0,0,0,0,0,0,0,0,0,0,0,0,0,0,0,0,0,0,0,0,0,0,0,0,0,0,0,0,0,0,0,0,0,0,0,0,0,0,0,0,0,0,0,0,0,1],"bins":[-0.1361098438501358,-0.13113585114479065,-0.1261618733406067,-0.12118788808584213,-0.11621390283107758,-0.11123991012573242,-0.10626592487096786,-0.10129193961620331,-0.09631795436143875,-0.0913439691066742,-0.08636998385190964,-0.08139599859714508,-0.07642200589179993,-0.07144802063703537,-0.06647403538227081,-0.061500050127506256,-0.0565260648727417,-0.05155207961797714,-0.046578094363212585,-0.04160410910844803,-0.03663012385368347,-0.03165613114833832,-0.02668214589357376,-0.021708160638809204,-0.016734175384044647,-0.01176019012928009,-0.0067861974239349365,-0.0018122196197509766,0.0031617730855941772,0.008135750889778137,0.013109743595123291,0.01808372139930725,0.023057714104652405,0.02803170680999756,0.03300568461418152,0.03797967731952667,0.04295365512371063,0.047927647829055786,0.052901625633239746,0.0578756183385849,0.06284960359334946,0.06782358884811401,0.07279757410287857,0.07777155935764313,0.08274555206298828,0.08771953731775284,0.0926935225725174,0.09766750782728195,0.10264149308204651,0.10761547833681107,0.11258946359157562,0.11756344884634018,0.12253743410110474,0.1275114268064499,0.13248541951179504,0.137459397315979,0.14243337512016296,0.14740736782550812,0.15238136053085327,0.15735533833503723,0.16232933104038239,0.16730330884456635,0.1722773015499115,0.17725127935409546,0.1822252720594406],"_type":"histogram"},"parameters/graph_12gat1.heads.1.fc.weight":{"_type":"histogram","values":[1,1,0,0,0,0,0,0,0,0,2,0,1,0,0,1,0,0,0,0,0,1,1,2,2,1,1,0,0,1,1,0,2,0,1,3,3,0,1,0,2,0,0,1,2,1,3,2,1,0,1,2,1,1,0,1,0,0,1,0,0,1,0,2],"bins":[-1.144982099533081,-1.1109570264816284,-1.0769319534301758,-1.0429068803787231,-1.0088818073272705,-0.9748567342758179,-0.9408316612243652,-0.9068065881729126,-0.87278151512146,-0.8387564420700073,-0.8047313690185547,-0.770706295967102,-0.7366812825202942,-0.7026562094688416,-0.6686311364173889,-0.6346060633659363,-0.6005809903144836,-0.566555917263031,-0.5325308442115784,-0.49850577116012573,-0.4644806981086731,-0.43045562505722046,-0.3964305520057678,-0.3624054789543152,-0.3283804655075073,-0.2943553924560547,-0.26033031940460205,-0.22630524635314941,-0.19228017330169678,-0.15825510025024414,-0.1242300271987915,-0.09020495414733887,-0.05617988109588623,-0.022154808044433594,0.011870265007019043,0.04589533805847168,0.07992041110992432,0.11394548416137695,0.1479705572128296,0.18199563026428223,0.21602070331573486,0.2500457167625427,0.28407078981399536,0.318095862865448,0.35212093591690063,0.38614600896835327,0.4201710820198059,0.45419615507125854,0.4882212281227112,0.5222463011741638,0.5562713742256165,0.5902964472770691,0.6243215203285217,0.6583465337753296,0.6923716068267822,0.7263966798782349,0.7604217529296875,0.7944468259811401,0.8284718990325928,0.8624969720840454,0.896522045135498,0.9305471181869507,0.9645721912384033,0.998597264289856,1.0326223373413086]},"train_f1":0.41151020408163264,"_wandb":{"runtime":8},"gradients/graph_12gat1.heads.0.fc.weight":{"values":[1,0,1,0,1,0,0,0,0,0,1,1,0,1,0,1,1,1,1,2,3,2,2,1,2,1,2,2,1,0,2,1,2,2,0,0,0,0,0,1,1,1,3,0,1,1,0,1,1,2,0,0,0,0,0,0,0,0,0,0,0,0,0,1],