{"gradients/gat1.heads.0.attn_fc.weight":0.01652517542243004,"_runtime":27.7853156,"epoch":10,"val/accuracy":0.5555555555555556,"_timestamp":1.7309828665632675e+09,"train/accuracy":0.568,"confusion_matrix_table":{"path":"media/table/confusion_matrix_table_18_42fcd583fc53f12996dc.table.json","ncols":3,"nrows":4,"_type":"table-file","sha256":"42fcd583fc53f12996dce52c95a6598745d755914f59bd0d19a13ab5161d9681","size":132,"artifact_path":"wandb-client-artifact://9dkkild2330gnvkux3b9smq4tu1pam5apitldq54qhvsolsxcdf1n2joqyf62xs2ou5lih01kxybm31ffqd2p48njnyfrxaixxf53busre3h1zduld863lggpgeyl0eo/confusion_matrix_table.table.json","_latest_artifact_path":"wandb-client-artifact://2obwvpu7a5ud3rdjeobpvq3zztth91y0bdeop8afe12stni2kfdsawt3bxjnuh6l3k1v25mofaw4zcmyf6bx7wizfckvqy05o9sqa9sb764hsg01cx73ai9asl5qsayo:latest/confusion_matrix_table.table.json"},"gradients/classifier.bias":0.17958472669124603,"val/loss":0.6774649620056152,"gradients/gat1.heads.1.fc.weight":0.019789647310972214,"val/f1_score":0.39682539682539686,"gradients/classifier.weight":0.15595848858356476,"gradients/gat1.heads.0.fc.weight":0.02235163375735283,"Training Metrics":{"path":"media/table/Training Metrics_20_2562edf3e644cf099a4e.table.json","ncols":7,"nrows":10,"_type":"table-file","sha256":"2562edf3e644cf099a4ec5a29d22ee6383a41dc05f007e3e42323aaaa52a9227","size":1249,"artifact_path":"wandb-client-artifact://ktpg1mquc2gs637e85leckjma8qd9oayua56q0yq1kktifkumu9wxonwhhu7vfoap3y2aji2mh5mwf8xqslf0gtf9t1kjg8dj5k4w7jl0anuk2tvhkdjlwkiagbbovrk/Training Metrics.table.json","_latest_artifact_path":"wandb-client-artifact://a24phf5tu8m2x7sgzwwkcjnf0aum68zhqxy4twucpwdsnl39xzk1p9x5eux5g4gfsawfk65gz1v061hjvzc99sitorafyvhka4jokvapohd0wiwgxl0p4tndm37pbm92:latest/Training Metrics.table.json"},"gradients/gat1.heads.1.attn_fc.weight":0.00396433100104332,"train/f1_score":0.41151020408163264,"_step":20,"gradients/gat1.heads.2.fc.weight":0.019066067412495613,"train/loss":0.6754190921783447,"_wandb":{"runtime":27},"gradients/gat1.heads.2.attn_fc.weight":0.0027588927187025547}