{"_step":4,"parameters/graph_1gat1.heads.0.fc.weight":{"values":[1,0,0,1,0,0,0,3,1,0,2,2,0,4,2,3,0,1,2,2,0,0,4,0,4,1,1,1,1,0,1,0,2,0,1,0,0,0,0,0,0,3,1,1,0,0,2,0,0,0,0,0,0,0,0,0,0,0,0,0,0,0,0,1],"bins":[-0.8450256586074829,-0.8097274303436279,-0.774429202079773,-0.7391310334205627,-0.7038328051567078,-0.6685345768928528,-0.6332364082336426,-0.5979381799697876,-0.5626399517059326,-0.5273417234420776,-0.49204352498054504,-0.45674532651901245,-0.42144709825515747,-0.3861488699913025,-0.3508506715297699,-0.3155524730682373,-0.2802542448043823,-0.24495601654052734,-0.20965778827667236,-0.17435961961746216,-0.13906139135360718,-0.1037631630897522,-0.06846499443054199,-0.03316676616668701,0.0021314620971679688,0.03742969036102295,0.07272791862487793,0.10802608728408813,0.14332431554794312,0.17862248420715332,0.2139207124710083,0.24921894073486328,0.2845170497894287,0.3198152780532837,0.35511350631713867,0.39041173458099365,0.42570990324020386,0.46100813150405884,0.49630630016326904,0.531604528427124,0.566902756690979,0.602200984954834,0.637499213218689,0.6727973818778992,0.7080956101417542,0.7433938384056091,0.7786920070648193,0.8139902353286743,0.8492884635925293,0.8845866918563843,0.9198849201202393,0.9551830887794495,0.9904813170433044,1.0257794857025146,1.0610777139663696,1.0963759422302246,1.1316741704940796,1.1669723987579346,1.2022706270217896,1.2375688552856445,1.27286696434021,1.308165192604065,1.34346342086792,1.378761649131775,1.4140598773956299],"_type":"histogram"},"gradients/graph_1gat1.heads.0.attn_fc.weight":{"bins":[-0.02089734934270382,-0.020085344091057777,-0.019273336976766586,-0.018461331725120544,-0.017649326473474503,-0.01683732122182846,-0.01602531597018242,-0.015213308855891228,-0.014401303604245186,-0.013589298352599144,-0.012777292169630527,-0.011965285986661911,-0.01115328073501587,-0.010341275483369827,-0.00952926930040121,-0.008717263117432594,-0.007905257865786552,-0.0070932526141405106,-0.006281246431171894,-0.005469240248203278,-0.004657234996557236,-0.003845229744911194,-0.0030332226306200027,-0.002221217378973961,-0.001409212127327919,-0.0005972068756818771,0.00021479837596416473,0.0010268054902553558,0.0018388107419013977,0.0026508159935474396,0.0034628231078386307,0.0042748283594846725,0.005086831748485565,0.005898837000131607,0.006710842251777649,0.00752284936606884,0.008334854617714882,0.009146859869360924,0.009958866983652115,0.010770872235298157,0.011582877486944199,0.01239488273859024,0.013206887990236282,0.014018895104527473,0.014830900356173515,0.015642905607819557,0.01645491272211075,0.01726691797375679,0.018078923225402832,0.018890928477048874,0.019702933728694916,0.020514940842986107,0.02132694609463215,0.02213895134627819,0.02295095846056938,0.023762963712215424,0.024574968963861465,0.025386974215507507,0.02619897946715355,0.02701098658144474,0.027822991833090782,0.028634997084736824,0.029447004199028015,0.030259009450674057,0.0310710147023201],"_type":"histogram","values":[1,0,0,0,1,0,0,0,0,0,0,0,0,0,0,1,0,0,0,0,0,0,0,0,2,1,4,1,0,1,0,0,0,0,0,0,0,0,0,0,0,2,1,0,0,0,0,0,0,0,0,0,0,0,0,0,0,0,0,0,0,0,0,1]},"train_loss":0.6851217299699783,"_wandb":{"runtime":8},"parameters/graph_1gat1.heads.1.fc.weight":{"values":[1,0,0,1,0,1,0,1,0,0,0,1,0,0,1,2,1,0,0,1,1,3,4,0,0,1,3,0,0,0,1,0,0,0,0,1,1,0,2,5,2,0,1,3,0,0,0,0,1,0,2,0,2,0,2,0,1,1,0,0,0,0,0,1],"bins":[-1.1445581912994385,-1.1135917901992798,-1.0826252698898315,-1.0516588687896729,-1.0206923484802246,-0.9897259473800659,-0.9587594270706177,-0.927793025970459,-0.8968265652656555,-0.865860104560852,-0.8348936438560486,-0.8039271831512451,-0.7729607224464417,-0.7419942617416382,-0.7110278606414795,-0.6800613403320312,-0.6490949392318726,-0.6181284785270691,-0.5871620178222656,-0.5561955571174622,-0.5252290964126587,-0.4942626357078552,-0.46329617500305176,-0.4323297142982483,-0.4013632535934448,-0.37039679288864136,-0.3394303321838379,-0.3084639310836792,-0.27749747037887573,-0.24653100967407227,-0.2155645489692688,-0.18459808826446533,-0.15363162755966187,-0.1226651668548584,-0.09169870615005493,-0.060732245445251465,-0.029765784740447998,0.0012006759643554688,0.03216707706451416,0.06313353776931763,0.0940999984741211,0.12506645917892456,0.15603291988372803,0.1869993805885315,0.21796584129333496,0.24893230199813843,0.2798987627029419,0.31086522340774536,0.34183165431022644,0.3727981150150299,0.4037645757198334,0.43473100662231445,0.4656974673271179,0.4966639280319214,0.5276303887367249,0.5585968494415283,0.5895633101463318,0.6205297708511353,0.651496171951294,0.6824626922607422,0.7134290933609009,0.7443955540657043,0.7753620147705078,0.8063284754753113,0.8372949361801147],"_type":"histogram"},"train_accuracy":0.568,"val_loss":0.6867488622665405,"_runtime":8.1285382,"gradients/graph_1gat1.heads.0.fc.weight":{"bins":[-0.006491436623036861,-0.006221950054168701,-0.005952463019639254,-0.005682975985109806,-0.005413489416241646,-0.0051440028473734856,-0.004874515812844038,-0.0046050287783145905,-0.00433554220944643,-0.00406605564057827,-0.0037965686060488224,-0.0035270818043500185,-0.0032575950026512146,-0.0029881082009524107,-0.002718621399253607,-0.0024491343647241592,-0.002179647795855999,-0.0019101612269878387,-0.0016406741924583912,-0.0013711871579289436,-0.0011017005890607834,-0.0008322140201926231,-0.0005627269856631756,-0.00029323995113372803,-2.375338226556778e-05,0.00024573318660259247,0.00051522022113204,0.0007847072556614876,0.0010541938245296478,0.001323680393397808,0.001593167893588543,0.0018626544624567032,0.0021321410313248634,0.0024016276001930237,0.002671114169061184,0.002940601669251919,0.003210088238120079,0.0034795748069882393,0.003749061841517687,0.004018548876047134,0.004288035444915295,0.004557522013783455,0.0048270090483129025,0.00509649608284235,0.00536598265171051,0.0056354692205786705,0.005904956255108118,0.006174443289637566,0.006443929858505726,0.006713416427373886,0.006982903461903334,0.007252390496432781,0.0075218770653009415,0.007791363634169102,0.008060850203037262,0.008330337703227997,0.008599824272096157,0.008869310840964317,0.009138798341155052,0.009408284910023212,0.009677771478891373,0.009947258047759533,0.010216744616627693,0.010486232116818428,0.010755718685686588],"_type":"histogram","values":[1,0,0,0,0,2,1,0,1,0,1,1,0,0,1,0,0,1,0,1,2,0,1,3,0,1,1,2,2,0,1,1,1,0,1,1,2,3,0,1,0,0,2,2,0,1,0,1,0,3,1,0,0,0,0,0,1,0,0,0,1,1,1,1]},"parameters/graph_1classifier.bias":{"bins":[-0.20890933275222778,-0.20824888348579407,-0.20758843421936035,-0.20692798495292664,-0.20626753568649292,-0.2056071013212204,-0.20494665205478668,-0.20428620278835297,-0.20362575352191925,-0.20296530425548553,-0.20230485498905182,-0.2016444057226181,-0.20098397135734558,-0.20032352209091187,-0.19966307282447815,-0.19900262355804443,-0.19834217429161072,-0.197681725025177,-0.1970212757587433,-0.19636082649230957,-0.19570037722587585,-0.19503994286060333,-0.19437949359416962,-0.1937190443277359,-0.19305859506130219,-0.19239814579486847,-0.19173769652843475,-0.19107724726200104,-0.19041681289672852,-0.1897563636302948,-0.18909591436386108,-0.18843546509742737,-0.18777501583099365,-0.18711456656455994,-0.18645411729812622,-0.1857936680316925,-0.1851332187652588,-0.18447278439998627,-0.18381233513355255,-0.18315188586711884,-0.18249143660068512,-0.1818309873342514,-0.1811705380678177,-0.18051008880138397,-0.17984965443611145,-0.17918920516967773,-0.17852875590324402,-0.1778683066368103,-0.1772078573703766,-0.17654740810394287,-0.17588695883750916,-0.17522650957107544,-0.17456606030464172,-0.1739056259393692,-0.17324517667293549,-0.17258472740650177,-0.17192427814006805,-0.17126382887363434,-0.17060337960720062,-0.1699429303407669,-0.16928249597549438,-0.16862204670906067,-0.16796159744262695,-0.16730114817619324,-0.16664069890975952],"_type":"histogram","values":[1,0,0,0,0,0,0,0,0,0,0,0,0,0,0,0,0,0,0,0,0,0,0,0,0,0,0,0,0,0,0,0,0,0,0,0,0,0,0,0,0,0,0,0,0,0,0,0,0,0,0,0,0,0,0,0,0,0,0,0,0,0,0,1]},"gradients/graph_1classifier.bias":{"_type":"histogram",