{"_runtime":8.2321127,"_timestamp":1.7317019296621099e+09,"parameters/graph_49gat1.heads.1.fc.weight":{"_type":"histogram","values":[1,0,1,0,1,0,0,1,1,0,0,0,1,0,1,1,3,0,1,0,0,0,1,1,3,0,1,0,0,1,0,0,0,0,2,2,2,2,2,0,0,2,1,2,1,0,0,2,3,0,1,1,0,0,2,1,1,0,0,0,0,0,0,2],"bins":[-1.3817380666732788,-1.3352950811386108,-1.2888522148132324,-1.2424092292785645,-1.1959662437438965,-1.1495232582092285,-1.10308039188385,-1.0566374063491821,-1.0101945400238037,-0.9637515544891357,-0.9173085689544678,-0.8708656430244446,-0.8244227170944214,-0.7779797315597534,-0.7315368056297302,-0.6850938200950623,-0.6386508941650391,-0.5922079682350159,-0.5457649827003479,-0.4993220567703247,-0.45287907123565674,-0.40643614530563354,-0.35999321937561035,-0.3135502338409424,-0.26710736751556396,-0.220664381980896,-0.17422139644622803,-0.12777841091156006,-0.08133554458618164,-0.03489255905151367,0.011550426483154297,0.057993292808532715,0.10443639755249023,0.1508793830871582,0.19732224941253662,0.2437652349472046,0.29020822048187256,0.336651086807251,0.38309407234191895,0.4295370578765869,0.4759800434112549,0.5224229097366333,0.5688658952713013,0.6153088212013245,0.6617517471313477,0.7081947326660156,0.7546376585960388,0.8010806441307068,0.84752357006073,0.8939664959907532,0.9404094815254211,0.9868524074554443,1.0332953929901123,1.0797383785247803,1.1261812448501587,1.1726242303848267,1.219067096710205,1.265510082244873,1.311953067779541,1.358396053314209,1.4048389196395874,1.4512819051742554,1.4977248907089233,1.5441677570343018,1.5906107425689697]},"gradients/graph_49gat1.heads.0.fc.weight":{"bins":[-0.02281004562973976,-0.022019103169441223,-0.021228162571787834,-0.020437220111489296,-0.019646279513835907,-0.01885533705353737,-0.01806439459323883,-0.01727345399558544,-0.016482511535286903,-0.015691570937633514,-0.014900628477334976,-0.014109686948359013,-0.013318745419383049,-0.012527803890407085,-0.011736861430108547,-0.010945919901132584,-0.01015497837215662,-0.009364036843180656,-0.008573095314204693,-0.007782152853906155,-0.006991211324930191,-0.006200270727276802,-0.005409328266978264,-0.004618385806679726,-0.0038274452090263367,-0.0030365027487277985,-0.0022455621510744095,-0.0014546196907758713,-0.0006636772304773331,0.0001272633671760559,0.0009182058274745941,0.001709146425127983,0.0025000888854265213,0.0032910313457250595,0.0040819719433784485,0.004872914403676987,0.005663855001330376,0.006454797461628914,0.007245739921927452,0.008036680519580841,0.00882762297987938,0.009618563577532768,0.010409506037831306,0.011200448498129845,0.011991389095783234,0.012782330624759197,0.013573273085057735,0.014364214614033699,0.015155156143009663,0.015946097671985626,0.016737040132284164,0.017527982592582703,0.01831892319023609,0.01910986378788948,0.01990080624818802,0.020691748708486557,0.021482689306139946,0.022273631766438484,0.023064572364091873,0.02385551482439041,0.02464645728468895,0.02543739788234234,0.026228340342640877,0.027019280940294266,0.027810223400592804],"_type":"histogram","values":[1,0,0,0,1,0,1,0,0,0,1,0,0,0,2,0,1,2,1,1,1,2,0,1,2,1,3,2,3,3,3,0,0,1,1,1,0,0,2,0,0,3,1,1,1,0,0,1,0,1,0,0,0,1,0,0,0,1,0,0,0,0,0,1]},"val_loss":0.43951570987701416,"gradients/graph_49classifier.weight":{"values":[2,0,1,0,0,1,0,1,0,0,0,1,0,2,1,0,1,0,0,0,1,0,0,0,1,1,0,0,1,1,0,1,1,0,1,1,0,0,1,1,0,0,0,1,0,0,0,1,0,1,2,0,1,0,0,0,1,0,1,0,0,1,0,2],"bins":[-0.019046982750296593,-0.018451765179634094,-0.017856545746326447,-0.017261328175663948,-0.01666611060500145,-0.016070891171693802,-0.015475673601031303,-0.01488045509904623,-0.014285236597061157,-0.013690019026398659,-0.013094800524413586,-0.012499582022428513,-0.011904364451766014,-0.011309145949780941,-0.010713927447795868,-0.01011870987713337,-0.009523491375148296,-0.008928272873163223,-0.008333055302500725,-0.007737836800515652,-0.007142618298530579,-0.00654740072786808,-0.005952182225883007,-0.005356963723897934,-0.0047617461532354355,-0.004166527651250362,-0.0035713091492652893,-0.002976091578602791,-0.002380872145295143,-0.0017856545746326447,-0.0011904370039701462,-0.0005952175706624985,0,0.0005952175706624985,0.0011904370039701462,0.0017856545746326447,0.002380872145295143,0.002976091578602791,0.0035713091492652893,0.004166527651250362,0.0047617461532354355,0.005356963723897934,0.005952182225883007,0.00654740072786808,0.007142618298530579,0.007737836800515652,0.008333055302500725,0.008928272873163223,0.009523491375148296,0.01011870987713337,0.010713927447795868,0.011309145949780941,0.011904364451766014,0.012499582022428513,0.013094800524413586,0.013690019026398659,0.014285236597061157,0.01488045509904623,0.015475673601031303,0.016070891171693802,0.01666611060500145,0.017261328175663948,0.017856545746326447,0.018451765179634094,0.019046982750296593],"_type":"histogram"},"val_accuracy":0.7777777777777778,"parameters/graph_49gat1.heads.0.fc.weight":{"bins":[-1.4106179475784302,-1.3654288053512573,-1.320239782333374,-1.2750506401062012,-1.2298614978790283,-1.1846723556518555,-1.1394832134246826,-1.0942941904067993,-1.0491050481796265,-1.0039159059524536,-0.9587268233299255,-0.9135377407073975,-0.8683485984802246,-0.8231594562530518,-0.7779703736305237,-0.7327812910079956,-0.6875921487808228,-0.6424030065536499,-0.5972139239311218,-0.5520248413085938,-0.5068356990814209,-0.46164655685424805,-0.41645747423171997,-0.3712683916091919,-0.32607924938201904,-0.2808901071548462,-0.23570096492767334,-0.19051194190979004,-0.1453227996826172,-0.10013365745544434,-0.054944634437561035,-0.009755492210388184,0.03543365001678467,0.08062279224395752,0.12581193447113037,0.17100095748901367,0.21619009971618652,0.2613792419433594,0.3065682649612427,0.3517574071884155,0.3969465494155884,0.44213569164276123,0.4873247742652893,0.5325138568878174,0.5777029991149902,0.6228921413421631,0.6680812239646912,0.7132703065872192,0.7584594488143921,0.8036485910415649,0.848837673664093,0.8940267562866211,0.939215898513794,0.9844050407409668,1.0295941829681396,1.074783205986023,1.1199723482131958,1.1651614904403687,1.210350513458252,1.2555396556854248,1.3007287979125977,1.3459179401397705,1.3911070823669434,1.4362961053848267,1.4814852476119995],"_type":"histogram","values":[1,0,0,0,0,0,0,0,2,0,0,0,1,1,0,0,0,0,1,1,2,1,3,1,1,1,2,1,0,2,0,3,2,1,1,1,1,0,1,4,2,1,2,1,0,1,0,0,0,2,0,0,0,1,0,0,1,0,0,0,0,0,0,2]},"gradients/graph_49gat1.heads.1.fc.weight":{"values":[1,0,1,0,0,0,0,0,0,1,0,0,1,2,0,2,2,1,1,3,1,4,2,2,1,1,1,0,2,1,0,0,1,1,2,0,0,0,1,2,4,1,2,0,1,0,0,0,0,0,0,0,0,0,1,0,1,0,0,0,0,0,0,1],"bins":[-0.030009839683771133,-0.02889612875878811,-0.027782417833805084,-0.02666870504617691,-0.025554994121193886,-0.02444128319621086,-0.023327570408582687,-0.022213859483599663,-0.021100148558616638,-0.019986437633633614,-0.01887272670865059,-0.017759013921022415,-0.01664530299603939,-0.015531592071056366,-0.014417880214750767,-0.013304168358445168,-0.012190457433462143,-0.011076746508479118,-0.009963035583496094,-0.00884932279586792,-0.007735611870884895,-0.006621900945901871,-0.005508188158273697,-0.004394477233290672,-0.0032807663083076477,-0.002167055383324623,-0.0010533444583415985,6.036832928657532e-05,0.0011740792542696,0.0022877901792526245,0.0034015029668807983,0.004515212029218674,0.005628928542137146,0.00674264132976532,0.007856350392103195,0.008970063179731369,0.010083774104714394,0.011197485029697418,0.012311197817325592,0.013424908742308617,0.014538619667291641,0.015652330592274666,0.01676604151725769,0.017879754304885864,0.01899346522986889,0.020107176154851913,0.021220888942480087,0.022334599867463112,0.023448310792446136,0.02456202171742916,0.025675732642412186,0.02678944543004036,0.027903156355023384,0.02901686728000641,0.030130580067634583,0.031244290992617607,0.03235800191760063,0.033471714705228806,0.03458542376756668,0.035699136555194855,0.03681284934282303,0.037926558405160904,0.03904027119278908,0.04015398025512695,0.04126769304275513],"_type":"histogram"},