{"gradients/gat1.heads.2.fc.weight":0.01773330383002758,"gradients/classifier.weight":0.12116861343383789,"val/f1_score":0.47488013341671875,"_timestamp":1.7309823766126008e+09,"_wandb":{"runtime":27},"val/accuracy":0.5925925925925926,"gradients/gat1.heads.1.attn_fc.weight":0.0020457354839891195,"_runtime":27.7991959,"gradients/gat1.heads.1.fc.weight":0.01370877306908369,"train/loss":0.6708629280328751,"epoch":10,"_step":19,"gradients/gat1.heads.2.attn_fc.weight":0.010559694841504097,"gradients/gat1.heads.0.attn_fc.weight":0.007434755563735962,"train/f1_score":0.41151020408163264,"train/accuracy":0.568,"val/loss":0.6731060743331909,"gradients/gat1.heads.0.fc.weight":0.015822384506464005,"confusion_matrix_table":{"nrows":4,"_type":"table-file","sha256":"cbb7c728e74adde047733d21e8bb8ed49f2f03e8289c3b910783a1ca1484c965","size":132,"artifact_path":"wandb-client-artifact://9nwp2gxjhjf9tuwfmup8b4kpi88iik89qcq6zr9ngwinrrzevdoqbqoakle2qn3kqoez6xfbzs4xkilwiew136q49e8j7vh8shzjpqxp9dwrud2vt00har3uqropaz4x/confusion_matrix_table.table.json","_latest_artifact_path":"wandb-client-artifact://0wsdgoetcnvbnkaqojnres98sgvfcig9onw6yu27xgzhqzx4mopo2u3zzt4bwvhkhy007yipux02qknclmn6gp1w32d6fsmgut1j0qvpowfj9050be87c883le2zxen3:latest/confusion_matrix_table.table.json","path":"media/table/confusion_matrix_table_18_cbb7c728e74adde04773.table.json","ncols":3},"gradients/classifier.bias":0.0581023134291172}