{"_step":4,"gradients/graph_20classifier.bias":{"_type":"histogram","values":[1,0,0,0,0,0,0,0,0,0,0,0,0,0,0,0,0,0,0,0,0,0,0,0,0,0,0,0,0,0,0,0,0,0,0,0,0,0,0,0,0,0,0,0,0,0,0,0,0,0,0,0,0,0,0,0,0,0,0,0,0,0,0,1],"bins":[-0.048567891120910645,-0.04705014452338219,-0.04553239792585373,-0.04401465132832527,-0.042496904730796814,-0.040979161858558655,-0.0394614115357399,-0.03794366866350174,-0.03642592206597328,-0.034908175468444824,-0.03339042887091637,-0.03187268227338791,-0.03035493567585945,-0.028837189078330994,-0.027319444343447685,-0.025801697745919228,-0.02428395114839077,-0.022766204550862312,-0.021248457953333855,-0.019730713218450546,-0.01821296662092209,-0.01669522002339363,-0.015177473425865173,-0.013659726828336716,-0.012141980230808258,-0.0106242336332798,-0.009106487035751343,-0.007588744163513184,-0.006070997565984726,-0.004553250968456268,-0.0030355043709278107,-0.001517757773399353,-1.1175870895385742e-08,0.0015177354216575623,0.00303548201918602,0.0045532286167144775,0.006070975214242935,0.007588721811771393,0.009106464684009552,0.01062421128153801,0.012141957879066467,0.013659704476594925,0.015177451074123383,0.01669519767165184,0.018212944269180298,0.019730690866708755,0.021248435601592064,0.02276618219912052,0.02428392879664898,0.025801675394177437,0.027319421991705894,0.028837166726589203,0.03035491332411766,0.03187265992164612,0.033390406519174576,0.03490815311670303,0.03642589971423149,0.03794364631175995,0.03946138918399811,0.040979139506816864,0.04249688237905502,0.04401462897658348,0.04553237557411194,0.047050122171640396,0.048567868769168854]},"gradients/graph_20classifier.weight":{"bins":[-0.06565620005130768,-0.0636044442653656,-0.06155268847942352,-0.059500932693481445,-0.05744917690753937,-0.05539742112159729,-0.05334566533565521,-0.051293909549713135,-0.04924215376377106,-0.04719039797782898,-0.0451386421918869,-0.043086886405944824,-0.04103513062000275,-0.03898337483406067,-0.03693161904811859,-0.034879863262176514,-0.032828107476234436,-0.03077635169029236,-0.02872459590435028,-0.026672840118408203,-0.024621084332466125,-0.022569328546524048,-0.02051757276058197,-0.018465816974639893,-0.016414061188697815,-0.014362305402755737,-0.01231054961681366,-0.010258793830871582,-0.008207038044929504,-0.006155282258987427,-0.004103526473045349,-0.0020517706871032715,-1.4901161193847656e-08,0.002051740884780884,0.004103496670722961,0.006155252456665039,0.008207008242607117,0.010258764028549194,0.012310519814491272,0.01436227560043335,0.016414031386375427,0.018465787172317505,0.020517542958259583,0.02256929874420166,0.024621054530143738,0.026672810316085815,0.028724566102027893,0.03077632188796997,0.03282807767391205,0.034879833459854126,0.036931589245796204,0.03898334503173828,0.04103510081768036,0.043086856603622437,0.045138612389564514,0.04719036817550659,0.04924212396144867,0.05129387974739075,0.053345635533332825,0.0553973913192749,0.05744914710521698,0.05950090289115906,0.061552658677101135,0.06360441446304321,0.06565617024898529],"_type":"histogram","values":[1,0,0,0,0,0,1,0,0,0,0,0,0,0,1,0,0,1,0,0,0,0,0,0,0,0,0,0,0,0,0,0,0,0,0,0,0,0,0,0,0,0,0,0,0,0,1,0,0,1,0,0,0,0,0,0,0,1,0,0,0,0,0,1]},"gradients/graph_20gat1.heads.0.fc.weight":{"_type":"histogram","values":[2,0,0,0,0,0,0,0,0,0,0,0,0,0,0,0,1,1,0,0,0,0,0,0,0,2,0,1,0,0,0,0,1,0,0,1,1,1,0,0,0,3,0,0,0,2,2,0,0,1,1,0,0,0,1,1,0,0,0,0,0,0,1,1],"bins":[-0.07036888599395752,-0.06882353872060776,-0.06727819889783859,-0.06573285162448883,-0.06418750435113907,-0.0626421570777893,-0.06109681725502014,-0.05955146998167038,-0.058006126433610916,-0.056460779160261154,-0.05491543561220169,-0.05337008833885193,-0.051824744790792465,-0.050279401242733,-0.04873405396938324,-0.047188710421323776,-0.04564336687326431,-0.04409801959991455,-0.04255267232656479,-0.041007332503795624,-0.03946198523044586,-0.0379166379570961,-0.036371294409036636,-0.03482595086097717,-0.03328060358762741,-0.03173526003956795,-0.030189912766218185,-0.028644569218158722,-0.02709922567009926,-0.025553878396749496,-0.024008534848690033,-0.02246318757534027,-0.020917844027280807,-0.019372500479221344,-0.017827153205871582,-0.01628180965781212,-0.014736462384462357,-0.013191118836402893,-0.01164577528834343,-0.010100428014993668,-0.008555084466934204,-0.007009737193584442,-0.005464393645524979,-0.003919050097465515,-0.002373702824115753,-0.0008283574134111404,0.0007169861346483231,0.002262331545352936,0.0038076769560575485,0.005353022366762161,0.006898367777466774,0.008443711325526237,0.00998905673623085,0.011534402146935463,0.013079747557640076,0.014625092037022114,0.0161704383790493,0.017715781927108765,0.019261127337813377,0.02080647274851799,0.022351818159222603,0.023897163569927216,0.02544250711798668,0.026987852528691292,0.028533197939395905]},"parameters/graph_20gat1.heads.0.fc.weight":{"_type":"histogram","values":[1,0,1,0,0,0,0,0,0,0,0,0,0,0,1,0,0,0,0,0,0,0,0,1,1,2,0,0,0,1,1,0,0,1,2,0,2,1,0,0,0,1,0,0,1,0,0,0,0,1,1,0,0,0,0,3,0,1,0,0,0,0,0,1],"bins":[-1.420064926147461,-1.3783459663391113,-1.3366271257400513,-1.2949082851409912,-1.2531893253326416,-1.211470365524292,-1.169751524925232,-1.1280326843261719,-1.0863137245178223,-1.0445947647094727,-1.0028759241104126,-0.9611570239067078,-0.9194381237030029,-0.8777192234992981,-0.8360003232955933,-0.7942814230918884,-0.7525625228881836,-0.7108436226844788,-0.6691247224807739,-0.6274058222770691,-0.5856869220733643,-0.5439680218696594,-0.5022491216659546,-0.46053022146224976,-0.4188113212585449,-0.3770923614501953,-0.33537352085113525,-0.2936546802520752,-0.2519357204437256,-0.21021676063537598,-0.16849792003631592,-0.12677907943725586,-0.0850602388381958,-0.04334127902984619,-0.0016224384307861328,0.040096402168273926,0.08181536197662354,0.12353432178497314,0.1652531623840332,0.20697200298309326,0.24869096279144287,0.2904098629951477,0.33212876319885254,0.3738476634025574,0.4155665636062622,0.45728546380996704,0.4990043640136719,0.5407232642173767,0.5824421644210815,0.6241610646247864,0.6658799648284912,0.707598865032196,0.7493177652359009,0.7910366654396057,0.8327555656433105,0.8744744658470154,0.9161933660507202,0.957912266254425,0.9996311664581299,1.0413501262664795,1.0830689668655396,1.1247878074645996,1.1665067672729492,1.2082257270812988,1.2499445676803589]},"_runtime":8.2968683,"val_accuracy":0.4444444444444444,"val_loss":0.7262944281101227,"parameters/graph_20classifier.weight":{"_type":"histogram","values":[1,0,0,0,0,0,0,0,0,0,0,0,0,0,0,0,0,1,0,0,0,1,0,0,0,0,0,0,0,0,0,0,0,1,0,0,0,0,0,0,0,0,0,0,1,0,0,0,0,0,0,0,0,0,0,0,0,0,1,0,0,0,1,1],"bins":[-0.30065757036209106,-0.2886117398738861,-0.27656587958335876,-0.2645200490951538,-0.25247418880462646,-0.2404283583164215,-0.22838251292705536,-0.2163366675376892,-0.20429082214832306,-0.1922449767589569,-0.18019913136959076,-0.1681532859802246,-0.15610745549201965,-0.1440616101026535,-0.13201576471328735,-0.1199699193239212,-0.10792407393455505,-0.0958782285451889,-0.08383238315582275,-0.0717865377664566,-0.059740692377090454,-0.0476948618888855,-0.035649001598358154,-0.023603171110153198,-0.011557340621948242,0.0004885196685791016,0.012534350156784058,0.0245802104473114,0.03662604093551636,0.0486719012260437,0.06071773171424866,0.072763592004776,0.08480942249298096,0.09685525298118591,0.10890111327171326,0.12094694375991821,0.13299280405044556,0.1450386345386505,0.15708449482917786,0.1691303253173828,0.18117618560791016,0.1932220160961151,0.20526784658432007,0.2173137068748474,0.22935953736305237,0.24140538275241852,0.25345122814178467,0.265497088432312,0.27754291892051697,0.2895887494087219,0.30163460969924927,0.3136804699897766,0.32572630047798157,0.3377721309661865,0.34981799125671387,0.3618638217449188,0.3739096522331238,0.3859555125236511,0.39800137281417847,0.4100472033023834,0.4220930337905884,0.4341388940811157,0.4461847245693207,0.458230584859848,0.470276415348053]},"_wandb":{"runtime":8},"epoch":5,"_timestamp":1.7316947560956717e+09,"train_loss":0.6836492121219635,