{"parameters/graph_26classifier.bias":{"bins":[-0.35257861018180847,-0.3522792458534241,-0.3519798517227173,-0.3516804873943329,-0.3513811230659485,-0.3510817289352417,-0.3507823646068573,-0.3504829704761505,-0.3501836061477661,-0.3498842418193817,-0.3495848476886749,-0.3492854833602905,-0.34898611903190613,-0.34868672490119934,-0.34838736057281494,-0.34808799624443054,-0.34778860211372375,-0.34748923778533936,-0.34718987345695496,-0.34689047932624817,-0.34659111499786377,-0.346291720867157,-0.3459923565387726,-0.3456929922103882,-0.3453935980796814,-0.345094233751297,-0.3447948694229126,-0.3444954752922058,-0.3441961109638214,-0.343896746635437,-0.3435973525047302,-0.3432979881763458,-0.3429986238479614,-0.34269922971725464,-0.34239986538887024,-0.34210047125816345,-0.34180110692977905,-0.34150174260139465,-0.34120234847068787,-0.34090298414230347,-0.34060361981391907,-0.3403042256832123,-0.3400048613548279,-0.3397054970264435,-0.3394061028957367,-0.3391067385673523,-0.3388073444366455,-0.3385079801082611,-0.3382086157798767,-0.3379092216491699,-0.3376098573207855,-0.3373104929924011,-0.33701109886169434,-0.33671173453330994,-0.33641237020492554,-0.33611297607421875,-0.33581361174583435,-0.33551424741744995,-0.33521485328674316,-0.33491548895835876,-0.334616094827652,-0.3343167304992676,-0.3340173661708832,-0.3337179720401764,-0.333418607711792],"_type":"histogram","values":[1,0,0,0,0,0,0,0,0,0,0,0,0,0,0,0,0,0,0,0,0,0,0,0,0,0,0,0,0,0,0,0,0,0,0,0,0,0,0,0,0,0,0,0,0,0,0,0,0,0,0,0,0,0,0,0,0,0,0,0,0,0,0,1]},"gradients/graph_26gat1.heads.0.attn_fc.weight":{"bins":[-0.11938299983739853,-0.11412516236305237,-0.10886731743812561,-0.10360947996377945,-0.09835164248943329,-0.09309379756450653,-0.08783596009016037,-0.08257812261581421,-0.07732027769088745,-0.0720624327659607,-0.06680459529161453,-0.06154675781726837,-0.05628892034292221,-0.05103107541799545,-0.04577323794364929,-0.040515393018722534,-0.03525755554437637,-0.029999718070030212,-0.024741873145103455,-0.019484035670757294,-0.014226190745830536,-0.008968353271484375,-0.003710515797138214,0.0015473291277885437,0.006805159151554108,0.012063004076480865,0.017320849001407623,0.02257869392633438,0.027836523950099945,0.0330943688750267,0.03835221379995346,0.043610043823719025,0.04886789619922638,0.05412574112415314,0.0593835711479187,0.06464141607284546,0.06989926099777222,0.07515709102153778,0.08041493594646454,0.0856727808713913,0.09093062579631805,0.09618845582008362,0.10144630074501038,0.10670413821935654,0.1119619756937027,0.11721982061862946,0.12247765809297562,0.12773549556732178,0.13299334049224854,0.1382511854171753,0.14350903034210205,0.14876686036586761,0.15402470529079437,0.15928253531455994,0.1645403802394867,0.16979822516441345,0.1750560700893402,0.18031390011310577,0.18557174503803253,0.1908295750617981,0.19608741998672485,0.2013452649116516,0.20660310983657837,0.21186093986034393,0.2171187847852707],"_type":"histogram","values":[1,0,0,0,0,0,0,0,0,0,0,0,0,0,0,0,1,0,0,0,0,0,7,2,0,0,0,0,0,0,1,0,0,0,0,1,1,0,0,0,0,0,0,0,0,0,1,0,0,0,0,0,0,0,0,0,0,0,0,0,0,0,0,1]},"parameters/graph_26gat1.heads.0.fc.weight":{"bins":[-1.1025567054748535,-1.061497688293457,-1.020438551902771,-0.9793794751167297,-0.9383203983306885,-0.897261381149292,-0.8562023043632507,-0.8151432275772095,-0.7740841507911682,-0.733025074005127,-0.6919659972190857,-0.6509069204330444,-0.609847903251648,-0.5687888264656067,-0.5277297496795654,-0.48667067289352417,-0.4456115961074829,-0.40455251932144165,-0.3634934425354004,-0.32243436574935913,-0.28137528896331787,-0.2403162717819214,-0.19925719499588013,-0.15819811820983887,-0.11713904142379761,-0.07607996463775635,-0.03502094745635986,0.006038188934326172,0.047097206115722656,0.08815634250640869,0.12921535968780518,0.1702744960784912,0.2113335132598877,0.2523925304412842,0.2934516668319702,0.3345106840133667,0.37556982040405273,0.4166288375854492,0.45768797397613525,0.49874699115753174,0.539806067943573,0.5808651447296143,0.6219242215156555,0.6629832983016968,0.7040423154830933,0.7451013922691345,0.7861604690551758,0.827219545841217,0.8682786226272583,0.9093376994132996,0.9503967761993408,0.9914558529853821,1.0325149297714233,1.0735739469528198,1.1146330833435059,1.1556921005249023,1.1967511177062988,1.2378102540969849,1.2788692712783813,1.3199284076690674,1.3609874248504639,1.40204656124115,1.4431055784225464,1.4841647148132324,1.525223731994629],"_type":"histogram","values":[1,0,0,0,0,0,0,0,0,0,0,0,0,2,0,1,0,2,4,3,2,0,0,0,1,4,0,2,1,1,2,1,0,1,1,2,0,0,1,1,1,2,3,1,1,0,2,0,0,2,0,1,0,0,0,0,0,0,1,0,0,0,0,1]},"_runtime":10.9475417,"train_accuracy":0.472,"epoch":5,"val_f1":0.4382716049382716,"parameters/graph_26gat1.heads.0.attn_fc.weight":{"_type":"histogram","values":[1,1,0,0,0,0,0,0,0,0,0,1,0,0,1,0,0,0,1,0,0,1,0,1,0,0,0,0,0,0,0,0,0,1,0,0,0,0,0,1,0,0,1,0,0,1,0,1,1,0,0,0,0,0,0,0,0,0,1,0,0,0,0,2],"bins":[-0.9210983514785767,-0.894013524055481,-0.86692875623703,-0.8398439884185791,-0.8127591609954834,-0.7856743335723877,-0.7585895657539368,-0.7315047979354858,-0.7044199705123901,-0.6773351430892944,-0.6502503752708435,-0.6231656074523926,-0.5960807800292969,-0.5689959526062012,-0.5419111847877502,-0.5148264169692993,-0.4877415895462036,-0.4606567919254303,-0.433571994304657,-0.40648722648620605,-0.37940239906311035,-0.35231757164001465,-0.3252328038215637,-0.2981480360031128,-0.2710632085800171,-0.2439783811569214,-0.21689361333847046,-0.18980884552001953,-0.16272401809692383,-0.13563919067382812,-0.1085544228553772,-0.08146965503692627,-0.05438476800918579,-0.027299940586090088,-0.00021517276763916016,0.026869595050811768,0.05395442247390747,0.08103924989700317,0.1081240177154541,0.13520878553390503,0.16229361295700073,0.18937844038009644,0.21646320819854736,0.2435479760169983,0.270632803440094,0.2977176308631897,0.3248023986816406,0.35188719630241394,0.37897199392318726,0.40605679154396057,0.4331415891647339,0.4602263867855072,0.4873111844062805,0.5143959522247314,0.5414807796478271,0.5685656070709229,0.5956503748893738,0.6227351427078247,0.6498199701309204,0.6769047975540161,0.703989565372467,0.731074333190918,0.7581591606140137,0.7852439880371094,0.8123287558555603]},"parameters/graph_26classifier.weight":{"_type":"histogram","values":[1,0,0,0,0,0,1,0,0,1,0,0,1,0,0,0,1,0,0,0,0,1,0,0,0,0,0,0,0,0,0,1,0,1,0,1,0,1,0,0,0,0,1,0,0,0,1,0,0,0,0,0,0,1,0,0,0,1,0,0,0,0,0,2],"bins":[-0.3142113983631134,-0.3049437403678894,-0.2956760823726654,-0.2864084243774414,-0.2771407663822174,-0.2678731083869934,-0.2586054503917694,-0.2493377923965454,-0.2400701344013214,-0.2308024764060974,-0.2215348184108734,-0.21226716041564941,-0.2029995173215866,-0.1937318593263626,-0.1844642013311386,-0.1751965433359146,-0.1659288853406906,-0.1566612273454666,-0.14739356935024261,-0.13812591135501862,-0.12885825335979462,-0.11959059536457062,-0.11032293736934662,-0.10105527937412262,-0.09178763628005981,-0.08251997828483582,-0.07325232028961182,-0.06398466229438782,-0.05471700429916382,-0.04544934630393982,-0.03618168830871582,-0.02691403031349182,-0.017646372318267822,-0.008378714323043823,0.0008889436721801758,0.010156601667404175,0.019424259662628174,0.028691917657852173,0.03795957565307617,0.04722723364830017,0.05649489164352417,0.06576253473758698,0.07503019273281097,0.08429785072803497,0.09356550872325897,0.10283316671848297,0.11210082471370697,0.12136848270893097,0.13063614070415497,0.13990379869937897,0.14917145669460297,0.15843911468982697,0.16770677268505096,0.17697441577911377,0.18624207377433777,0.19550973176956177,0.20477738976478577,0.21404504776000977,0.22331270575523376,0.23258036375045776,0.24184802174568176,0.25111567974090576,0.26038333773612976,0.26965099573135376,0.27891865372657776]},"_wandb":{"runtime":11},"_step":4,"train_loss":0.703555304557085,"_timestamp":1.7316883451387458e+09,"val_loss":0.7071448415517807,