{"_wandb":{"runtime":9},"_step":4,"parameters/graph_17gat1.heads.0.fc.weight":{"_type":"histogram","values":[1,0,1,1,0,2,1,0,0,0,0,2,2,0,2,0,2,0,2,1,2,2,4,5,1,4,4,3,5,1,4,0,3,3,4,0,1,3,4,5,2,1,2,1,3,2,1,1,0,3,2,0,1,1,0,0,0,0,0,0,0,0,0,1],"bins":[-1.0033400058746338,-0.9716731905937195,-0.94000643491745,-0.9083396196365356,-0.8766728639602661,-0.8450060486793518,-0.8133392333984375,-0.781672477722168,-0.7500056624412537,-0.7183388471603394,-0.6866720914840698,-0.6550052762031555,-0.6233384609222412,-0.5916717052459717,-0.5600048899650574,-0.5283380746841431,-0.49667131900787354,-0.46500450372695923,-0.4333377480506897,-0.4016709327697754,-0.37000417709350586,-0.33833736181259155,-0.30667054653167725,-0.2750037908554077,-0.2433369755744934,-0.2116701602935791,-0.18000340461730957,-0.14833658933639526,-0.11666977405548096,-0.08500301837921143,-0.05333620309829712,-0.021669447422027588,0.009997248649597168,0.041664063930511475,0.073330819606781,0.10499763488769531,0.13666439056396484,0.16833120584487915,0.19999802112579346,0.231664776802063,0.2633315920829773,0.2949984073638916,0.32666516304016113,0.35833197832107544,0.38999879360198975,0.4216655492782593,0.4533323645591736,0.4849991202354431,0.5166659355163574,0.548332691192627,0.5799995064735413,0.6116663217544556,0.6433330774307251,0.6749998927116394,0.7066667079925537,0.7383334636688232,0.7700002789497375,0.8016670942306519,0.8333338499069214,0.8650006651878357,0.89666748046875,0.9283342361450195,0.9600010514259338,0.9916678071022034,1.0233346223831177]},"_timestamp":1.7316320849997792e+09,"parameters/graph_17classifier.bias":{"bins":[-0.013783848844468594,-0.011622248217463493,-0.009460647590458393,-0.007299046963453293,-0.005137446336448193,-0.0029758457094430923,-0.0008142450824379921,0.0013473555445671082,0.0035089561715722084,0.005670555867254734,0.007832157425582409,0.009993758983910084,0.01215535867959261,0.014316958375275135,0.016478560864925385,0.01864016056060791,0.020801760256290436,0.02296335995197296,0.025124959647655487,0.02728656306862831,0.029448162764310837,0.03160976245999336,0.033771365880966187,0.03593296557664871,0.03809456527233124,0.04025616496801376,0.04241776466369629,0.04457936808466911,0.04674096778035164,0.04890257120132446,0.05106417089700699,0.053225770592689514,0.05538737773895264,0.05754897743463516,0.05971057713031769,0.061872176826000214,0.06403377652168274,0.06619538366794586,0.06835698336362839,0.07051858305931091,0.07268018275499344,0.07484178245067596,0.07700338214635849,0.07916498184204102,0.08132658898830414,0.08348818123340607,0.08564978837966919,0.08781138807535172,0.08997298777103424,0.09213458746671677,0.09429618716239929,0.09645779430866241,0.09861938655376434,0.10078099370002747,0.10294259339570999,0.10510419309139252,0.10726579278707504,0.10942739248275757,0.1115889921784401,0.11375059187412262,0.11591219902038574,0.11807379871606827,0.1202353984117508,0.12239699810743332,0.12455859780311584],"_type":"histogram","values":[1,0,0,0,0,0,0,0,0,0,0,0,0,0,0,0,0,0,0,0,0,0,0,0,0,0,0,0,0,0,0,0,0,0,0,0,0,0,0,0,0,0,0,0,0,0,0,0,0,0,0,0,0,0,0,0,0,0,0,0,0,0,0,1]},"parameters/graph_17gat1.heads.1.fc.weight":{"bins":[-1.1947367191314697,-1.1605521440505981,-1.1263675689697266,-1.092182993888855,-1.0579984188079834,-1.0238138437271118,-0.9896292090415955,-0.9554446339607239,-0.9212600588798523,-0.8870754837989807,-0.8528909087181091,-0.8187062740325928,-0.7845216989517212,-0.7503371238708496,-0.716152548789978,-0.6819679737091064,-0.6477833986282349,-0.6135988235473633,-0.5794142484664917,-0.5452296733856201,-0.5110450983047485,-0.4768604636192322,-0.4426758885383606,-0.408491313457489,-0.37430673837661743,-0.34012216329574585,-0.30593758821487427,-0.2717530131340027,-0.23756837844848633,-0.20338380336761475,-0.16919922828674316,-0.13501465320587158,-0.10083001852035522,-0.06664544343948364,-0.03246086835861206,0.0017237067222595215,0.035908281803131104,0.07009291648864746,0.10427749156951904,0.13846206665039062,0.1726466417312622,0.2068312168121338,0.24101579189300537,0.27520036697387695,0.3093850016593933,0.3435695767402649,0.3777541518211365,0.41193872690200806,0.44612330198287964,0.4803078770637512,0.5144924521446228,0.5486770868301392,0.5828616619110107,0.6170462369918823,0.6512308120727539,0.6854153871536255,0.7195999622344971,0.7537845373153687,0.7879691123962402,0.8221536874771118,0.8563382625579834,0.8905228972434998,0.9247074723243713,0.9588920474052429,0.9930766224861145],"_type":"histogram","values":[1,0,0,0,0,0,0,0,0,0,0,1,1,2,1,1,1,0,3,1,1,4,0,1,0,5,1,2,2,2,4,3,8,4,2,4,3,1,3,2,5,0,2,3,4,2,2,0,2,3,0,2,2,2,1,0,0,0,1,0,0,0,0,1]},"parameters/graph_17gat1.heads.0.attn_fc.weight":{"values":[1,0,0,0,0,0,0,0,0,1,2,0,0,0,0,1,1,1,1,0,0,1,1,2,0,0,1,0,1,2,1,1,0,0,0,1,0,1,0,0,0,1,0,1,2,0,1,1,0,0,0,1,1,0,1,0,0,1,1,0,0,0,0,1],"bins":[-0.5353459119796753,-0.5181403756141663,-0.5009347796440125,-0.4837292432785034,-0.466523677110672,-0.4493181109428406,-0.43211257457733154,-0.4149070084095001,-0.3977014422416687,-0.3804958760738373,-0.36329030990600586,-0.3460847735404968,-0.3288792073726654,-0.311673641204834,-0.29446810483932495,-0.27726253867149353,-0.2600569725036621,-0.2428514063358307,-0.22564584016799927,-0.20844030380249023,-0.1912347376346588,-0.1740291714668274,-0.15682363510131836,-0.13961806893348694,-0.12241250276565552,-0.1052069365978241,-0.08800137042999268,-0.07079583406448364,-0.05359026789665222,-0.0363847017288208,-0.019179165363311768,-0.001973569393157959,0.015231907367706299,0.03243744373321533,0.04964303970336914,0.06684857606887817,0.0840541422367096,0.10125970840454102,0.11846524477005005,0.13567081093788147,0.1528763771057129,0.1700819432735443,0.18728750944137573,0.20449304580688477,0.2216986119747162,0.2389041781425476,0.25610971450805664,0.27331528067588806,0.2905208468437195,0.3077264130115509,0.3249319791793823,0.34213751554489136,0.3593430817127228,0.3765486478805542,0.39375418424606323,0.41095975041389465,0.4281653165817261,0.4453708827495575,0.4625764489173889,0.47978198528289795,0.49698755145072937,0.5141931176185608,0.5313986539840698,0.5486042499542236,0.5658097863197327],"_type":"histogram"},"gradients/graph_17classifier.bias":{"bins":[-0.13585346937179565,-0.1316080540418625,-0.12736262381076813,-0.12311720848083496,-0.1188717857003212,-0.11462636291980743,-0.11038094013929367,-0.10613551735877991,-0.10189010202884674,-0.09764467179775238,-0.09339925646781921,-0.08915383368730545,-0.08490841090679169,-0.08066299557685852,-0.07641756534576416,-0.072172150015831,-0.06792672723531723,-0.06368130445480347,-0.0594358816742897,-0.05519046634435654,-0.05094504356384277,-0.04669962078332901,-0.04245419800281525,-0.03820877522230148,-0.03396335244178772,-0.029717937111854553,-0.02547251433134079,-0.021227091550827026,-0.016981668770313263,-0.0127362459897995,-0.008490830659866333,-0.004245400428771973,1.4901161193847656e-08,0.00424543023109436,0.00849086046218872,0.012736275792121887,0.01698169857263565,0.021227121353149414,0.025472544133663177,0.02971796691417694,0.03396338224411011,0.03820880502462387,0.042454227805137634,0.0466996505856514,0.05094507336616516,0.055190496146678925,0.05943591147661209,0.06368133425712585,0.06792675703763962,0.07217217981815338,0.07641759514808655,0.08066302537918091,0.08490844070911407,0.08915386348962784,0.0933992862701416,0.09764470160007477,0.10189013183116913,0.1061355471611023,0.11038096994161606,0.11462639272212982,0.11887181550264359,0.12311723828315735,0.12736265361309052,0.13160808384418488,0.13585349917411804],"_type":"histogram","values":[1,0,0,0,0,0,0,0,0,0,0,0,0,0,0,0,0,0,0,0,0,0,0,0,0,0,0,0,0,0,0,0,0,0,0,0,0,0,0,0,0,0,0,0,0,0,0,0,0,0,0,0,0,0,0,0,0,0,0,0,0,0,0,1]},