{"gradients/graph_8gat1.heads.0.fc.weight":{"bins":[-0.02556491270661354,-0.02466893009841442,-0.0237729474902153,-0.022876964882016182,-0.021980982273817062,-0.021085001528263092,-0.020189018920063972,-0.019293036311864853,-0.018397053703665733,-0.017501071095466614,-0.016605088487267494,-0.015709105879068375,-0.01481312420219183,-0.01391714159399271,-0.013021159917116165,-0.012125177308917046,-0.011229194700717926,-0.010333212092518806,-0.009437229484319687,-0.008541246876120567,-0.007645264267921448,-0.006749283522367477,-0.005853300914168358,-0.004957318305969238,-0.004061335697770119,-0.003165353089570999,-0.0022693704813718796,-0.00137338787317276,-0.00047740712761878967,0.0004185754805803299,0.0013145580887794495,0.002210540696978569,0.0031065233051776886,0.004002505913376808,0.004898488521575928,0.005794471129775047,0.006690453737974167,0.007586434483528137,0.008482417091727257,0.009378399699926376,0.010274382308125496,0.011170364916324615,0.012066347524523735,0.012962330132722855,0.013858310878276825,0.014754293486475945,0.015650276094675064,0.016546258702874184,0.017442241311073303,0.018338223919272423,0.019234206527471542,0.020130187273025513,0.02102617174386978,0.021922152489423752,0.02281813509762287,0.02371411770582199,0.02461010031402111,0.02550608292222023,0.02640206553041935,0.02729804813861847,0.02819402888417244,0.02909001149237156,0.02998599410057068,0.0308819767087698,0.03177795931696892],"_type":"histogram","values":[1,0,1,0,0,1,0,0,0,0,0,0,1,0,2,3,0,1,1,0,1,2,1,0,4,2,4,6,10,7,5,7,4,5,3,0,3,2,3,2,2,2,0,0,0,1,1,1,1,0,0,2,0,0,1,1,0,0,0,0,1,0,0,1]},"val_f1":0.5173789173789174,"train_accuracy":0.688,"_runtime":8.3340165,"parameters/graph_8gat1.heads.1.fc.weight":{"bins":[-0.9061368107795715,-0.8774585127830505,-0.8487802147865295,-0.8201019167900085,-0.7914236783981323,-0.7627453804016113,-0.7340670824050903,-0.7053887844085693,-0.6767104864120483,-0.6480321884155273,-0.6193538904190063,-0.5906755924224854,-0.5619972944259644,-0.5333189964294434,-0.5046407580375671,-0.47596246004104614,-0.44728416204452515,-0.41860586404800415,-0.38992756605148315,-0.36124926805496216,-0.33257097005844116,-0.30389273166656494,-0.27521443367004395,-0.24653613567352295,-0.21785783767700195,-0.18917953968048096,-0.16050124168395996,-0.13182294368743896,-0.10314470529556274,-0.07446640729904175,-0.04578810930252075,-0.017109811305999756,0.01156848669052124,0.040246784687042236,0.06892508268356323,0.09760338068008423,0.12628167867660522,0.15495991706848145,0.18363821506500244,0.21231651306152344,0.24099481105804443,0.26967310905456543,0.2983514070510864,0.3270297050476074,0.35570794343948364,0.38438624143600464,0.41306453943252563,0.44174283742904663,0.4704211354255676,0.4990994334220886,0.5277777314186096,0.5564559698104858,0.5851342678070068,0.6138125658035278,0.6424908638000488,0.6711691617965698,0.6998474597930908,0.7285257577896118,0.7572040557861328,0.7858823537826538,0.8145606517791748,0.843238890171051,0.871917188167572,0.900595486164093,0.929273784160614],"_type":"histogram","values":[1,0,0,1,0,0,1,0,0,1,3,3,0,1,0,0,0,1,2,2,1,2,2,0,1,3,1,4,2,1,2,3,2,3,4,3,5,3,3,3,4,1,2,2,2,1,3,1,2,2,0,1,1,1,1,1,2,1,1,0,1,0,1,1]},"gradients/graph_8classifier.bias":{"values":[1,0,0,0,0,0,0,0,0,0,0,0,0,0,0,0,0,0,0,0,0,0,0,0,0,0,0,0,0,0,0,0,0,0,0,0,0,0,0,0,0,0,0,0,0,0,0,0,0,0,0,0,0,0,0,0,0,0,0,0,0,0,0,1],"bins":[-0.019574763253331184,-0.018963051959872246,-0.018351340666413307,-0.01773962937295437,-0.01712791621685028,-0.016516204923391342,-0.015904493629932404,-0.015292782336473465,-0.014681071043014526,-0.014069359749555588,-0.01345764845609665,-0.012845936231315136,-0.012234224937856197,-0.011622513644397259,-0.011010801419615746,-0.010399090126156807,-0.009787378832697868,-0.00917566753923893,-0.008563956245779991,-0.007952244020998478,-0.007340532727539539,-0.006728821434080601,-0.0061171092092990875,-0.005505397915840149,-0.00489368662238121,-0.004281975328922272,-0.003670264035463333,-0.0030585527420043945,-0.0024468395859003067,-0.001835128292441368,-0.0012234169989824295,-0.0006117057055234909,3.725290298461914e-09,0.0006117150187492371,0.0012234263122081757,0.0018351376056671143,0.002446848899126053,0.0030585620552301407,0.0036702733486890793,0.004281984642148018,0.0048936959356069565,0.005505407229065895,0.006117118522524834,0.006728830747306347,0.0073405420407652855,0.007952253334224224,0.008563965559005737,0.009175676852464676,0.009787388145923615,0.010399099439382553,0.011010810732841492,0.011622522957623005,0.012234234251081944,0.012845945544540882,0.013457657769322395,0.014069369062781334,0.014681080356240273,0.015292791649699211,0.01590450294315815,0.01651621423661709,0.017127927392721176,0.017739638686180115,0.018351349979639053,0.018963061273097992,0.01957477256655693],"_type":"histogram"},"train_f1":0.657190317566067,"val_accuracy":0.5925925925925926,"gradients/graph_8gat1.heads.1.attn_fc.weight":{"_type":"histogram","values":[1,0,0,0,0,0,1,0,0,0,1,0,0,0,0,0,0,0,0,0,0,0,0,1,1,0,0,0,1,1,2,3,3,2,4,1,1,0,0,1,1,0,1,0,0,0,0,0,2,0,0,0,2,0,0,0,0,0,0,0,1,0,0,1],"bins":[-0.010457891970872879,-0.010131409391760826,-0.009804926812648773,-0.00947844423353672,-0.009151961654424667,-0.008825480006635189,-0.008498997427523136,-0.008172514848411083,-0.00784603226929903,-0.007519549690186977,-0.0071930671110749245,-0.006866584997624159,-0.006540102418512106,-0.006213619839400053,-0.005887137725949287,-0.0055606551468372345,-0.005234172567725182,-0.004907689988613129,-0.004581207409501076,-0.00425472529605031,-0.003928242716938257,-0.0036017601378262043,-0.0032752780243754387,-0.0029487954452633858,-0.002622312866151333,-0.00229583028703928,-0.001969347707927227,-0.001642865128815174,-0.0013163834810256958,-0.0009899009019136429,-0.00066341832280159,-0.00033693574368953705,-1.0452233254909515e-05,0.0003160303458571434,0.0006425129249691963,0.0009689955040812492,0.0012954780831933022,0.0016219597309827805,0.0019484423100948334,0.0022749248892068863,0.002601407468318939,0.002927890047430992,0.003254372626543045,0.0035808547399938107,0.003907337319105864,0.0042338198982179165,0.004560302011668682,0.004886784590780735,0.005213267169892788,0.005539749749004841,0.005866232328116894,0.006192714441567659,0.006519197020679712,0.006845679599791765,0.007172161713242531,0.007498644292354584,0.007825126871466637,0.00815160945057869,0.008478092029690742,0.008804574608802795,0.009131057187914848,0.009457538835704327,0.00978402141481638,0.010110503993928432,0.010436986573040485]},"gradients/graph_8gat1.heads.0.attn_fc.weight":{"values":[1,0,0,0,0,0,1,0,0,1,0,1,1,0,0,1,0,0,2,0,0,0,1,4,1,3,4,2,1,1,0,1,0,0,0,1,0,2,0,0,0,0,0,0,0,0,0,0,0,0,0,0,1,0,0,0,0,0,0,0,1,0,0,1],