{"gradients/graph_1gat1.heads.0.attn_fc.weight":{"bins":[-0.006495913956314325,-0.006211347412317991,-0.00592678040266037,-0.005642213858664036,-0.005357647314667702,-0.005073080770671368,-0.004788513761013746,-0.004503947217017412,-0.004219380207359791,-0.003934813663363457,-0.0036502471193671227,-0.003365680342540145,-0.003081113565713167,-0.002796547021716833,-0.002511980477720499,-0.0022274134680628777,-0.0019428469240665436,-0.0016582803800702095,-0.0013737133704125881,-0.001089146826416254,-0.00080458028241992,-0.0005200132727622986,-0.0002354467287659645,4.911981523036957e-05,0.00033368682488799095,0.000618253368884325,0.0009028199128806591,0.0011873864568769932,0.0014719530008733273,0.001756520476192236,0.00204108702018857,0.002325653564184904,0.0026102205738425255,0.0028947871178388596,0.0031793536618351936,0.0034639202058315277,0.0037484876811504364,0.0040330542251467705,0.0043176207691431046,0.004602187313139439,0.004886753857135773,0.005171320866793394,0.005455887410789728,0.005740453954786062,0.006025020964443684,0.006309587508440018,0.006594154052436352,0.006878721062093973,0.007163287606090307,0.007447854150086641,0.007732421159744263,0.008016987703740597,0.00830155424773693,0.008586120791733265,0.008870687335729599,0.009155254811048508,0.009439821355044842,0.009724387899041176,0.01000895444303751,0.010293520987033844,0.010578087531030178,0.010862654075026512,0.01114722155034542,0.011431788094341755,0.011716354638338089],"_type":"histogram","values":[1,0,0,0,0,0,1,0,0,0,1,0,0,1,3,0,1,0,1,0,2,0,4,1,2,2,4,1,0,1,1,0,0,0,0,0,0,0,1,1,0,0,0,0,0,0,1,0,0,0,0,0,0,0,0,0,0,0,0,1,0,0,0,1]},"parameters/graph_1gat1.heads.1.attn_fc.weight":{"bins":[-0.722975492477417,-0.6987972855567932,-0.6746190190315247,-0.6504408121109009,-0.6262625455856323,-0.6020843386650085,-0.5779061317443848,-0.5537278652191162,-0.5295496582984924,-0.5053713917732239,-0.4811931848526001,-0.45701494812965393,-0.43283671140670776,-0.4086584746837616,-0.3844802677631378,-0.36030203104019165,-0.3361237943172455,-0.3119455575942993,-0.28776732087135315,-0.26358911395072937,-0.2394108772277832,-0.21523261070251465,-0.19105440378189087,-0.1668761968612671,-0.14269793033599854,-0.11851972341537476,-0.0943414568901062,-0.07016324996948242,-0.04598504304885864,-0.021806776523590088,0.0023714303970336914,0.026549696922302246,0.050727903842926025,0.0749061107635498,0.09908437728881836,0.12326258420944214,0.1474408507347107,0.17161905765533447,0.19579726457595825,0.2199755311012268,0.24415373802185059,0.26833200454711914,0.2925102114677429,0.3166884183883667,0.34086668491363525,0.3650449216365814,0.3892231285572052,0.41340136528015137,0.43757960200309753,0.4617578387260437,0.48593607544898987,0.510114312171936,0.5342925190925598,0.5584707260131836,0.5826489925384521,0.6068271994590759,0.6310054659843445,0.6551836729049683,0.6793619394302368,0.7035401463508606,0.7277183532714844,0.7518966197967529,0.7760748267173767,0.8002530932426453,0.824431300163269],"_type":"histogram","values":[1,0,1,0,0,0,1,0,1,0,0,0,1,1,0,1,1,1,1,0,0,1,0,0,1,2,0,0,1,0,2,0,0,0,1,2,2,0,0,1,1,0,0,1,0,3,1,0,0,1,0,0,0,1,0,0,0,0,0,0,0,0,0,1]},"parameters/graph_1gat1.heads.0.fc.weight":{"bins":[-0.9103275537490845,-0.8800240159034729,-0.8497204780578613,-0.8194169402122498,-0.7891134023666382,-0.7588099241256714,-0.728506326675415,-0.6982028484344482,-0.6678993105888367,-0.6375957727432251,-0.6072922348976135,-0.576988697052002,-0.5466851592063904,-0.5163816213607788,-0.4860781133174896,-0.45577457547187805,-0.4254710376262665,-0.3951675295829773,-0.3648639917373657,-0.33456045389175415,-0.3042569160461426,-0.273953378200531,-0.24364984035491943,-0.21334630250930786,-0.1830427646636963,-0.15273922681808472,-0.12243568897247314,-0.09213221073150635,-0.061828672885894775,-0.0315251350402832,-0.0012215971946716309,0.02908194065093994,0.059385478496551514,0.08968901634216309,0.11999255418777466,0.15029609203338623,0.1805996298789978,0.21090316772460938,0.24120664596557617,0.27151018381118774,0.3018137216567993,0.3321172595024109,0.36242079734802246,0.39272433519363403,0.4230278730392456,0.4533314108848572,0.48363494873046875,0.5139384865760803,0.5442420244216919,0.5745455026626587,0.604849100112915,0.6351525783538818,0.6654561161994934,0.695759654045105,0.7260631918907166,0.7563667297363281,0.7866702675819397,0.8169738054275513,0.8472772836685181,0.8775808811187744,0.9078843593597412,0.9381878972053528,0.9684914350509644,0.9987949728965759,1.0290985107421875],"_type":"histogram","values":[1,1,0,0,0,0,1,0,0,1,2,2,0,1,1,3,4,1,2,1,1,3,2,3,1,1,4,2,2,2,4,4,4,3,2,2,4,4,2,3,1,2,2,1,3,2,2,1,1,0,0,2,0,0,1,1,1,0,0,0,1,0,0,1]},"train_f1":0.5205271105010295,"_timestamp":1.7316972809701161e+09,"epoch":5,"val_loss":0.642065703868866,"val_accuracy":0.6666666666666666,"val_f1":0.6051282051282051,"train_accuracy":0.616,"_runtime":9.2191922,"parameters/graph_1gat1.heads.0.attn_fc.weight":{"values":[2,0,1,0,0,0,0,1,0,1,0,1,1,0,2,1,0,1,2,0,2,0,0,0,2,0,0,0,0,1,0,0,0,1,0,2,2,0,0,0,1,1,0,2,0,0,0,2,0,0,0,0,0,1,1,0,0,0,0,0,0,0,0,1],"bins":[-0.5914835333824158,-0.5677856206893921,-0.5440877079963684,-0.5203897953033447,-0.49669185280799866,-0.472993940114975,-0.4492959976196289,-0.4255980849266052,-0.40190017223358154,-0.37820225954055786,-0.3545043468475342,-0.3308064043521881,-0.30710849165916443,-0.28341057896614075,-0.2597126364707947,-0.236014723777771,-0.21231681108474731,-0.18861889839172363,-0.16492098569869995,-0.14122304320335388,-0.1175251305103302,-0.09382721781730652,-0.07012927532196045,-0.04643136262893677,-0.022733449935913086,0.0009644627571105957,0.024662375450134277,0.04836028814315796,0.07205826044082642,0.0957561731338501,0.11945408582687378,0.14315199851989746,0.16684991121292114,0.19054782390594482,0.2142457365989685,0.2379436492919922,0.26164156198501587,0.2853395342826843,0.309037446975708,0.3327353596687317,0.35643327236175537,0.38013118505477905,0.40382909774780273,0.4275270402431488,0.4512249529361725,0.47492286562919617,0.49862080812454224,0.5223187208175659,0.5460166335105896,0.5697145462036133,0.593412458896637,0.6171103715896606,0.6408083438873291,0.664506196975708,0.6882041692733765,0.7119020819664001,0.7355999946594238,0.7592979073524475,0.7829958200454712,0.8066937327384949,0.8303916454315186,0.854089617729187,0.8777875304222107,0.9014854431152344,0.9251833558082581],"_type":"histogram"},"gradients/graph_1classifier.bias":{"values":[1,0,0,0,0,0,0,0,0,0,0,0,0,0,0,0,0,0,0,0,0,0,0,0,0,0,0,0,0,0,0,0,0,0,0,0,0,0,0,0,0,0,0,0,0,0,0,0,0,0,0,0,0,0,0,0,0,0,0,0,0,0,0,1],"bins":[-0.26707005500793457,-0.2587241232395172,-0.25037819147109985,-0.2420322299003601,-0.23368629813194275,-0.2253403663635254,-0.21699441969394684,-0.2086484730243683,-0.20030254125595093,-0.19195660948753357,-0.18361066281795502,-0.17526471614837646,-0.1669187843799591,-0.15857285261154175,-0.1502269059419632,-0.14188095927238464,-0.13353502750396729,-0.12518909573554993,-0.11684314906597137,-0.10849720239639282,-0.10015127062797546,-0.0918053388595581,-0.08345939218997955,-0.075113445520401,-0.06676751375198364,-0.058421581983566284,-0.05007563531398773,-0.04172968864440918,-0.03338375687599182,-0.025037825107574463,-0.016691863536834717,-0.008345931768417358,2.9802322387695312e-08,0.008345961570739746,0.016691893339157104,0.02503785490989685,0.03338378667831421,0.04172971844673157,0.05007566511631012,0.05842161178588867,0.06676754355430603,0.07511347532272339,0.08345942199230194,0.0918053686618805,0.10015130043029785,0.10849723219871521,0.11684317886829376,0.12518912553787231,0.13353505730628967,0.14188098907470703,0.15022693574428558,0.15857288241386414,0.1669188141822815,0.17526474595069885,0.1836106926202774,0.19195663928985596,0.20030257105827332,0.20864850282669067,0.21699444949626923,0.22534039616584778,0.23368632793426514,0.2420322597026825,0.25037819147109985,0.2587241530418396,0.26707008481025696],"_type":"histogram"},