{"_wandb":{"runtime":13},"_timestamp":1.7316965260828707e+09,"_step":4,"gradients/gat1.heads.0.attn_fc.weight":{"values":[1,0,0,0,0,0,0,1,0,0,0,0,0,0,0,0,0,0,0,0,0,0,0,3,0,0,1,0,0,0,0,0,0,0,0,0,0,0,0,0,1,0,0,0,0,0,0,0,0,0,0,0,0,0,0,0,0,0,0,0,0,0,0,1],"bins":[-0.021002253517508507,-0.020123491063714027,-0.0192447267472744,-0.01836596429347992,-0.01748720183968544,-0.01660843938589096,-0.015729675069451332,-0.014850912615656853,-0.013972149230539799,-0.013093385845422745,-0.012214623391628265,-0.011335860006511211,-0.010457096621394157,-0.009578334167599678,-0.008699570782482624,-0.007820808328688145,-0.006942044943571091,-0.006063281558454037,-0.005184518173336983,-0.004305755719542503,-0.003426993265748024,-0.0025482289493083954,-0.001669466495513916,-0.0007907040417194366,8.806027472019196e-05,0.0009668227285146713,0.0018455851823091507,0.00272434763610363,0.0036031119525432587,0.004481874406337738,0.005360636860132217,0.006239401176571846,0.007118161767721176,0.007996924221515656,0.008875688537955284,0.009754450991749763,0.010633213445544243,0.011511977761983871,0.01239074021577835,0.01326950266957283,0.01414826512336731,0.015027029439806938,0.015905791893601418,0.016784554347395897,0.017663318663835526,0.018542081117630005,0.019420843571424484,0.020299606025218964,0.021178370341658592,0.02205713465809822,0.0229358971118927,0.02381465956568718,0.02469342201948166,0.02557218447327614,0.026450948789715767,0.027329711243510246,0.028208475559949875,0.029087238013744354,0.029966000467538834,0.030844762921333313,0.03172352537512779,0.03260228782892227,0.03348105400800705,0.03435981646180153,0.03523857891559601],"_type":"histogram"},"parameters/gat1.heads.0.attn_fc.weight":{"_type":"histogram","values":[1,0,0,0,1,1,0,0,0,0,0,0,0,0,0,0,0,0,1,0,0,2,0,0,0,0,0,0,0,0,0,0,0,0,0,0,0,0,0,0,0,0,0,0,0,0,0,0,0,0,0,0,1,0,0,0,0,0,0,0,0,0,0,1],"bins":[-0.2689104974269867,-0.25231021642684937,-0.23570993542671204,-0.2191096544265747,-0.20250937342643738,-0.18590909242630005,-0.16930881142616272,-0.1527085304260254,-0.13610824942588806,-0.11950796842575073,-0.1029076874256134,-0.08630740642547607,-0.06970712542533875,-0.053106844425201416,-0.03650656342506409,-0.019906282424926758,-0.0033060014247894287,0.0132942795753479,0.02989456057548523,0.04649484157562256,0.06309512257575989,0.07969540357589722,0.09629568457603455,0.11289596557617188,0.1294962465763092,0.14609652757644653,0.16269680857658386,0.1792970895767212,0.19589737057685852,0.21249765157699585,0.22909793257713318,0.2456982433795929,0.26229846477508545,0.2788987159729004,0.2954990267753601,0.31209930777549744,0.32869958877563477,0.3452998697757721,0.3619001507759094,0.37850043177604675,0.3951007127761841,0.4117009937763214,0.42830127477645874,0.44490155577659607,0.4615018367767334,0.4781021177768707,0.49470239877700806,0.5113027095794678,0.5279029607772827,0.5445032119750977,0.5611035227775574,0.5777038335800171,0.594304084777832,0.610904335975647,0.6275046467781067,0.6441049575805664,0.6607052087783813,0.6773054599761963,0.693905770778656,0.7105060815811157,0.7271063327789307,0.7437065839767456,0.7603068947792053,0.776907205581665,0.79350745677948]},"train_accuracy":0.568,"parameters/classifier.bias":{"bins":[0.33668985962867737,0.3367944657802582,0.3368990421295166,0.3370036482810974,0.33710822463035583,0.33721283078193665,0.33731743693351746,0.3374220132827759,0.3375266194343567,0.3376311957836151,0.3377358019351959,0.33784040808677673,0.33794498443603516,0.33804959058761597,0.3381541967391968,0.3382587730884552,0.338363379240036,0.33846795558929443,0.33857256174087524,0.33867716789245605,0.3387817442417145,0.3388863503932953,0.3389909267425537,0.3390955328941345,0.33920013904571533,0.33930471539497375,0.33940932154655457,0.339513897895813,0.3396185040473938,0.3397231101989746,0.33982768654823303,0.33993229269981384,0.34003686904907227,0.3401414752006531,0.3402460813522339,0.3403506577014923,0.3404552638530731,0.34055987000465393,0.34066444635391235,0.34076905250549316,0.3408736288547516,0.3409782350063324,0.3410828411579132,0.34118741750717163,0.34129202365875244,0.34139660000801086,0.3415012061595917,0.3416058123111725,0.3417103886604309,0.3418149948120117,0.34191957116127014,0.34202417731285095,0.34212878346443176,0.3422333598136902,0.342337965965271,0.3424425721168518,0.34254714846611023,0.34265175461769104,0.34275633096694946,0.3428609371185303,0.3429655432701111,0.3430701196193695,0.3431747257709503,0.34327930212020874,0.34338390827178955],"_type":"histogram","values":[1,0,0,0,0,0,0,0,0,0,0,0,0,0,0,0,0,0,0,0,0,0,0,0,0,0,0,0,0,0,0,0,0,0,0,0,0,0,0,0,0,0,0,0,0,0,0,0,0,0,0,0,0,0,0,0,0,0,0,0,0,0,0,1]},"parameters/gat1.heads.0.fc.weight":{"bins":[-0.8829478621482849,-0.853000283241272,-0.8230527639389038,-0.7931052446365356,-0.7631576657295227,-0.7332100868225098,-0.7032625675201416,-0.6733150482177734,-0.6433674693107605,-0.6134198904037476,-0.5834723711013794,-0.5535248517990112,-0.5235772728919983,-0.49362972378730774,-0.4636821746826172,-0.43373462557792664,-0.4037870764732361,-0.3738395571708679,-0.343891978263855,-0.31394439935684204,-0.2839968800544739,-0.2540493607521057,-0.22410178184509277,-0.19415420293807983,-0.16420668363571167,-0.1342591643333435,-0.10431158542633057,-0.07436400651931763,-0.04441648721694946,-0.014468967914581299,0.01547861099243164,0.04542618989944458,0.07537364959716797,0.10532116889953613,0.13526874780654907,0.165216326713562,0.19516384601593018,0.22511136531829834,0.2550589442253113,0.2850065231323242,0.3149540424346924,0.34490156173706055,0.3748491406440735,0.4047967195510864,0.4347442388534546,0.46469175815582275,0.4946393370628357,0.5245869159698486,0.5545344352722168,0.584481954574585,0.6144295334815979,0.6443771123886108,0.674324631690979,0.7042721509933472,0.7342197299003601,0.764167308807373,0.7941148281097412,0.8240623474121094,0.8540099263191223,0.8839575052261353,0.9139050245285034,0.9438525438308716,0.9738001227378845,1.0037477016448975,1.0336952209472656],"_type":"histogram","values":[1,0,0,0,1,0,0,0,0,0,0,0,0,1,0,2,1,1,0,1,0,0,0,0,1,0,0,0,0,0,2,0,1,0,0,0,1,0,0,1,0,2,0,0,3,0,0,0,0,1,1,0,0,0,1,0,0,0,0,0,0,0,1,1]},"val_accuracy":0.5555555555555556,"train_f1":0.41151020408163264,"val_f1":0.39682539682539686,"epoch":5,"val_loss":0.6829747706651688,"gradients/gat1.heads.0.fc.weight":{"_type":"histogram","values":[1,0,0,0,0,1,0,0,0,0,0,0,0,0,0,0,0,0,0,0,0,0,0,0,0,0,0,0,0,0,0,0,0,0,1,0,0,0,1,0,3,1,1,0,0,1,0,1,2,3,1,3,0,1,0,1,0,1,0,0,0,0,0,1],"bins":[-0.05498724430799484,-0.05378474295139313,-0.052582237869501114,-0.0513797365128994,-0.050177235156297684,-0.04897473007440567,-0.047772228717803955,-0.04656972736120224,-0.045367222279310226,-0.04416472092270851,-0.0429622158408165,-0.04175971448421478,-0.04055721312761307,-0.03935471177101135,-0.03815220668911934,-0.036949705332517624,-0.03574720025062561,-0.034544698894023895,-0.03334219753742218,-0.032139696180820465,-0.03093719109892845,-0.029734689742326736,-0.028532186523079872,-0.027329683303833008,-0.026127181947231293,-0.02492467872798443,-0.023722175508737564,-0.02251967415213585,-0.021317169070243835,-0.02011466771364212,-0.018912166357040405,-0.01770966127514839,-0.016507159918546677,-0.015304658561944962,-0.014102153480052948,-0.012899652123451233,-0.011697150766849518,-0.010494645684957504,-0.00929214432835579,-0.008089641109108925,-0.0068871378898620605,-0.0056846365332603455,-0.004482133314013481,-0.003279630094766617,-0.0020771287381649017,-0.0008746255189180374,0.0003278777003288269,0.001530379056930542,0.0027328822761774063,0.003935385495424271,0.005137886852025986,0.00634039007127285,0.007542893290519714,0.008745395578444004,0.009947897866368294,0.011150401085615158,0.012352903373539448,0.013555405661463737,0.014757908880710602,0.015960410237312317,0.01716291345655918,0.018365416675806046,0.01956791989505291,0.020770421251654625,0.02197292447090149]},"gradients/classifier.bias":{"_type":"histogram",