{"parameters/graph_17gat1.heads.0.fc.weight":{"bins":[-1.1456806659698486,-1.114770531654358,-1.0838602781295776,-1.052950143814087,-1.0220398902893066,-0.9911297559738159,-0.9602195620536804,-0.9293093681335449,-0.8983992338180542,-0.8674889802932739,-0.8365788459777832,-0.8056686520576477,-0.7747584581375122,-0.7438483238220215,-0.7129380702972412,-0.6820279359817505,-0.651117742061615,-0.6202075481414795,-0.589297354221344,-0.5583872199058533,-0.5274770259857178,-0.4965668320655823,-0.4656566381454468,-0.4347464442253113,-0.4038362503051758,-0.37292611598968506,-0.34201592206954956,-0.31110572814941406,-0.28019553422927856,-0.24928534030914307,-0.21837520599365234,-0.18746501207351685,-0.15655487775802612,-0.12564468383789062,-0.09473448991775513,-0.0638243556022644,-0.032914161682128906,-0.002003967761993408,0.02890622615814209,0.05981642007827759,0.09072655439376831,0.12163674831390381,0.1525469422340393,0.1834571361541748,0.2143673300743103,0.2452775239944458,0.2761876583099365,0.307097852230072,0.3380080461502075,0.368918240070343,0.39982840418815613,0.4307385981082916,0.46164876222610474,0.49255895614624023,0.5234691500663757,0.5543793439865112,0.585289478302002,0.6161996722221375,0.647109866142273,0.6780200600624084,0.708930253982544,0.7398403882980347,0.7707505822181702,0.8016607761383057,0.8325709700584412],"_type":"histogram","values":[1,0,0,0,0,0,0,0,0,0,0,0,1,0,0,0,1,1,2,2,0,2,1,0,2,0,0,1,0,4,2,4,0,0,3,3,3,0,4,2,0,4,1,1,2,3,2,2,1,3,0,1,0,2,0,1,1,2,3,0,2,0,1,1]},"gradients/graph_17gat1.heads.0.attn_fc.weight":{"values":[2,0,0,0,1,0,0,0,0,1,0,0,0,0,0,0,0,0,1,1,4,2,2,3,0,0,0,2,0,0,0,0,1,0,0,1,0,0,0,0,0,0,0,1,0,0,1,0,0,0,0,0,0,0,0,0,0,0,0,0,0,0,0,1],"bins":[-0.007651134394109249,-0.0072977845557034016,-0.006944434717297554,-0.0065910848788917065,-0.006237735040485859,-0.005884385202080011,-0.005531035363674164,-0.005177685525268316,-0.004824335686862469,-0.004470985848456621,-0.004117636010050774,-0.003764286171644926,-0.0034109363332390785,-0.003057586494833231,-0.0027042366564273834,-0.002350886818021536,-0.0019975369796156883,-0.0016441871412098408,-0.0012908373028039932,-0.0009374874643981457,-0.0005841376259922981,-0.00023078778758645058,0.00012256205081939697,0.00047591235488653183,0.0008292617276310921,0.0011826111003756523,0.0015359614044427872,0.001889311708509922,0.0022426610812544823,0.0025960104539990425,0.0029493607580661774,0.0033027110621333122,0.003656059503555298,0.004009408876299858,0.004362759180366993,0.004716109484434128,0.005069458857178688,0.005422808229923248,0.005776158533990383,0.006129508838057518,0.006482858210802078,0.0068362075835466385,0.007189557887613773,0.007542907726019621,0.007896257564425468,0.008249606937170029,0.008602957241237164,0.008956307545304298,0.009309656918048859,0.009663006290793419,0.010016356594860554,0.010369706898927689,0.010723056271672249,0.011076405644416809,0.011429755948483944,0.011783106252551079,0.012136455625295639,0.0124898049980402,0.012843155302107334,0.013196505606174469,0.01354985497891903,0.01390320435166359,0.014256554655730724,0.01460990495979786,0.01496325433254242],"_type":"histogram"},"parameters/graph_17gat1.heads.0.attn_fc.weight":{"_type":"histogram","values":[1,0,0,0,0,0,0,0,0,0,0,1,0,0,0,0,0,0,1,0,0,0,3,1,1,0,0,0,2,0,2,0,1,1,0,2,1,2,1,0,1,0,0,0,1,0,0,0,0,0,0,0,1,0,0,0,0,0,0,0,0,0,0,1],"bins":[-0.9399391412734985,-0.91142737865448,-0.8829156160354614,-0.8544038534164429,-0.8258920907974243,-0.7973803281784058,-0.768868625164032,-0.7403568625450134,-0.7118450999259949,-0.6833333373069763,-0.6548215746879578,-0.626309871673584,-0.5977981090545654,-0.5692863464355469,-0.5407745838165283,-0.5122628211975098,-0.4837510585784912,-0.45523929595947266,-0.4267275333404541,-0.39821577072143555,-0.369704008102417,-0.3411923050880432,-0.31268054246902466,-0.2841687798500061,-0.25565701723098755,-0.227145254611969,-0.19863349199295044,-0.17012172937393188,-0.1416100263595581,-0.11309826374053955,-0.084586501121521,-0.05607473850250244,-0.02756291627883911,0.0009488463401794434,0.029460608959197998,0.05797237157821655,0.08648413419723511,0.11499583721160889,0.14350759983062744,0.172019362449646,0.20053112506866455,0.2290428876876831,0.25755465030670166,0.2860664129257202,0.314578115940094,0.34308987855911255,0.3716016411781311,0.40011340379714966,0.4286251664161682,0.45713692903518677,0.4856486916542053,0.5141603946685791,0.5426721572875977,0.5711839199066162,0.5996956825256348,0.6282074451446533,0.6567192077636719,0.6852309703826904,0.713742733001709,0.7422544956207275,0.7707662582397461,0.7992779612541199,0.8277897238731384,0.856301486492157,0.8848132491111755]},"parameters/graph_17gat1.heads.1.fc.weight":{"bins":[-1.1474974155426025,-1.11282217502594,-1.078147053718567,-1.0434718132019043,-1.0087965726852417,-0.9741214513778687,-0.939446210861206,-0.9047710299491882,-0.8700958490371704,-0.8354206085205078,-0.80074542760849,-0.7660702466964722,-0.7313950061798096,-0.6967198252677917,-0.6620446443557739,-0.6273694038391113,-0.5926942229270935,-0.5580190420150757,-0.5233438014984131,-0.48866862058639526,-0.45399343967437744,-0.41931819915771484,-0.384643018245697,-0.3499678373336792,-0.3152925968170166,-0.2806174159049988,-0.24594223499298096,-0.21126705408096313,-0.17659181356430054,-0.14191663265228271,-0.10724139213562012,-0.07256627082824707,-0.03789103031158447,-0.003215789794921875,0.03145933151245117,0.06613457202911377,0.10080975294113159,0.1354849934577942,0.170160174369812,0.20483535528182983,0.23951053619384766,0.27418577671051025,0.3088609576225281,0.3435361385345459,0.3782113790512085,0.4128865599632263,0.44756174087524414,0.48223698139190674,0.5169121623039246,0.5515873432159424,0.586262583732605,0.6209377646446228,0.6556129455566406,0.6902881860733032,0.724963366985321,0.7596385478973389,0.7943137884140015,0.8289889693260193,0.8636641502380371,0.8983393907546997,0.9330145716667175,0.9676897525787354,1.002364993095398,1.037040114402771,1.0717153549194336],"_type":"histogram","values":[1,0,0,0,0,0,0,1,0,0,2,1,1,0,2,1,1,3,3,2,1,0,2,2,2,2,3,2,0,3,2,3,2,2,3,3,0,1,1,1,0,2,3,3,1,1,3,0,1,0,1,1,1,0,0,0,0,0,0,0,0,0,1,1]},"train_f1":0.41151020408163264,"epoch":5,"parameters/graph_17gat1.heads.1.attn_fc.weight":{"values":[1,0,1,1,0,0,0,0,0,0,1,1,0,0,2,0,0,0,0,1,0,0,1,1,0,0,0,1,0,0,0,0,0,1,1,0,1,0,0,0,0,1,1,0,1,0,0,1,0,1,0,3,0,0,0,0,0,0,0,0,0,1,0,1],"bins":[-0.5722338557243347,-0.5525987148284912,-0.5329635739326477,-0.5133284330368042,-0.4936932623386383,-0.4740580916404724,-0.4544229507446289,-0.4347878098487854,-0.4151526689529419,-0.395517498254776,-0.3758823573589325,-0.3562471866607666,-0.3366120457649231,-0.3169769048690796,-0.2973417639732361,-0.2777065932750702,-0.2580714523792267,-0.23843631148338318,-0.21880114078521729,-0.19916599988937378,-0.17953085899353027,-0.15989568829536438,-0.14026054739952087,-0.12062540650367737,-0.10099023580551147,-0.08135509490966797,-0.06171995401382446,-0.04208481311798096,-0.02244967222213745,-0.00281447172164917,0.016820669174194336,0.03645581007003784,0.05609095096588135,0.07572609186172485,0.09536123275756836,0.11499637365341187,0.13463157415390015,0.15426671504974365,0.17390185594558716,0.19353699684143066,0.21317213773727417,0.23280730843544006,0.25244244933128357,0.2720775902271271,0.29171276092529297,0.3113479018211365,0.33098304271698,0.3506182134151459,0.3702533543109894,0.3898884952068329,0.4095236659049988,0.4291588068008423,0.4487939476966858,0.4684290885925293,0.4880642592906952,0.5076993703842163,0.5273345708847046,0.5469697117805481,0.5666048526763916,0.5862399935722351,0.6058751344680786,0.6255103349685669,0.6451454758644104,0.6647806167602539,0.6844157576560974],"_type":"histogram"},"val_accuracy":0.5555555555555556,"train_loss":0.6975506097078323,"_wandb":{"runtime":13},"gradients/graph_17gat1.heads.1.attn_fc.weight":{"_type":"histogram","values":[1,0,0,1,1,0,0,0,1,1,0,3,0,1,1,1,0,0,1,0,1,1,0,0,1,1,0,1,0,1,1,0,1,0,0,0,0,1,1,0,1,0,0,0,0,0,0,0,0,0,0,0,0,0,0,0,0,0,0,0,0,0,0,1],