{"_timestamp":1.7316885518187122e+09,"_step":4,"parameters/graph_35classifier.bias":{"values":[1,0,0,0,0,0,0,0,0,0,0,0,0,0,0,0,0,0,0,0,0,0,0,0,0,0,0,0,0,0,0,0,0,0,0,0,0,0,0,0,0,0,0,0,0,0,0,0,0,0,0,0,0,0,0,0,0,0,0,0,0,0,0,1],"bins":[-0.24681876599788666,-0.24434684216976166,-0.24187491834163666,-0.23940300941467285,-0.23693108558654785,-0.23445916175842285,-0.23198723793029785,-0.22951531410217285,-0.22704339027404785,-0.22457148134708405,-0.22209955751895905,-0.21962763369083405,-0.21715570986270905,-0.21468380093574524,-0.21221187710762024,-0.20973995327949524,-0.20726802945137024,-0.20479610562324524,-0.20232418179512024,-0.19985225796699524,-0.19738034904003143,-0.19490842521190643,-0.19243650138378143,-0.18996457755565643,-0.18749266862869263,-0.18502074480056763,-0.18254882097244263,-0.18007689714431763,-0.17760497331619263,-0.17513304948806763,-0.17266112565994263,-0.17018921673297882,-0.16771730780601501,-0.16524538397789001,-0.16277346014976501,-0.16030153632164001,-0.15782961249351501,-0.15535768866539001,-0.15288576483726501,-0.1504138559103012,-0.1479419320821762,-0.1454700082540512,-0.1429980993270874,-0.1405261754989624,-0.1380542516708374,-0.1355823278427124,-0.1331104040145874,-0.1306384801864624,-0.1281665563583374,-0.1256946474313736,-0.1232227236032486,-0.1207507997751236,-0.1182788759469986,-0.1158069595694542,-0.1133350357413292,-0.11086311936378479,-0.10839119553565979,-0.10591927170753479,-0.10344735532999039,-0.10097543150186539,-0.09850351512432098,-0.09603159129619598,-0.09355966746807098,-0.09108775109052658,-0.08861582726240158],"_type":"histogram"},"train_f1":0.26064804469273745,"_runtime":4.5038233,"parameters/graph_35gat1.heads.0.attn_fc.weight":{"bins":[-1.1986591815948486,-1.1669222116470337,-1.1351852416992188,-1.1034481525421143,-1.0717111825942993,-1.0399742126464844,-1.0082372426986694,-0.9765002131462097,-0.94476318359375,-0.9130262136459351,-0.8812892436981201,-0.8495522141456604,-0.8178152441978455,-0.7860782146453857,-0.7543412446975708,-0.7226042747497559,-0.6908672451972961,-0.6591302752494812,-0.6273932456970215,-0.5956562757492065,-0.5639192461967468,-0.5321822762489319,-0.5004452466964722,-0.4687082767486572,-0.4369713068008423,-0.40523427724838257,-0.3734973073005676,-0.3417602777481079,-0.31002330780029297,-0.27828627824783325,-0.2465493083000183,-0.2148122787475586,-0.18307530879974365,-0.1513383388519287,-0.119601309299469,-0.08786433935165405,-0.056127309799194336,-0.024390339851379395,0.007346689701080322,0.039083659648895264,0.07082068920135498,0.10255765914916992,0.13429462909698486,0.16603165864944458,0.19776862859725952,0.22950565814971924,0.2612426280975342,0.2929796576499939,0.32471662759780884,0.35645362734794617,0.3881906270980835,0.4199276268482208,0.45166462659835815,0.4834015965461731,0.5151386260986328,0.5468755960464478,0.5786125659942627,0.6103495955467224,0.6420866250991821,0.6738235950469971,0.705560564994812,0.7372975945472717,0.7690345644950867,0.8007715940475464,0.8325085639953613],"_type":"histogram","values":[1,0,0,0,0,0,0,0,0,0,0,0,0,0,0,0,0,0,0,1,0,0,1,1,0,2,0,0,1,0,0,2,1,2,0,0,1,0,2,0,2,0,0,1,0,0,0,0,0,1,0,0,1,1,1,0,0,1,0,0,0,0,0,1]},"gradients/graph_35gat1.heads.0.fc.weight":{"_type":"histogram","values":[1,0,0,0,0,0,1,0,2,2,1,0,0,3,2,0,4,1,2,1,0,0,0,1,2,3,4,2,8,2,7,8,4,2,1,1,0,2,0,0,0,0,1,0,0,0,0,0,0,1,0,2,0,0,0,0,0,0,0,0,0,0,0,1],"bins":[-0.34096574783325195,-0.32810407876968384,-0.31524237990379333,-0.3023807108402252,-0.2895190119743347,-0.2766573429107666,-0.2637956738471985,-0.250933974981308,-0.23807229101657867,-0.22521060705184937,-0.21234892308712006,-0.19948723912239075,-0.18662557005882263,-0.17376388609409332,-0.160902202129364,-0.1480405181646347,-0.1351788341999054,-0.12231715023517609,-0.10945546627044678,-0.09659378230571747,-0.08373209834098816,-0.07087042927742004,-0.05800873041152954,-0.045147061347961426,-0.03228539228439331,-0.019423693418502808,-0.006562024354934692,0.0062996745109558105,0.019161343574523926,0.03202304244041443,0.044884711503982544,0.05774641036987305,0.07060810923576355,0.08346977829933167,0.09633147716522217,0.10919314622879028,0.12205484509468079,0.1349165141582489,0.1477782130241394,0.16063988208770752,0.17350158095359802,0.18636325001716614,0.19922491908073425,0.21208661794662476,0.22494828701019287,0.23780997097492218,0.2506716549396515,0.263533353805542,0.2763950228691101,0.2892566919326782,0.3021183907985687,0.31498008966445923,0.32784175872802734,0.34070342779159546,0.3535650968551636,0.3664267957210541,0.3792884945869446,0.3921501636505127,0.4050118327140808,0.4178735315799713,0.43073520064353943,0.44359689950942993,0.45645856857299805,0.46932026743888855,0.48218193650245667]},"train_accuracy":0.432,"train_loss":0.9699191898107529,"gradients/graph_35classifier.bias":{"_type":"histogram","values":[1,0,0,0,0,0,0,0,0,0,0,0,0,0,0,0,0,0,0,0,0,0,0,0,0,0,0,0,0,0,0,0,0,0,0,0,0,0,0,0,0,0,0,0,0,0,0,0,0,0,0,0,0,0,0,0,0,0,0,0,0,0,0,1],"bins":[-0.3111600875854492,-0.30143633484840393,-0.29171258211135864,-0.28198882937431335,-0.27226507663726807,-0.2625413239002228,-0.2528175711631775,-0.2430938184261322,-0.23337006568908691,-0.22364631295204163,-0.21392256021499634,-0.20419880747795105,-0.19447505474090576,-0.18475130200386047,-0.17502754926681519,-0.1653037965297699,-0.1555800437927246,-0.14585629105567932,-0.13613253831863403,-0.12640878558158875,-0.11668503284454346,-0.10696128010749817,-0.09723752737045288,-0.08751377463340759,-0.0777900218963623,-0.06806626915931702,-0.05834251642227173,-0.04861876368522644,-0.03889501094818115,-0.029171258211135864,-0.019447505474090576,-0.009723752737045288,0,0.009723752737045288,0.019447505474090576,0.029171258211135864,0.03889501094818115,0.04861876368522644,0.05834251642227173,0.06806626915931702,0.0777900218963623,0.08751377463340759,0.09723752737045288,0.10696128010749817,0.11668503284454346,0.12640878558158875,0.13613253831863403,0.14585629105567932,0.1555800437927246,0.1653037965297699,0.17502754926681519,0.18475130200386047,0.19447505474090576,0.20419880747795105,0.21392256021499634,0.22364631295204163,0.23337006568908691,0.2430938184261322,0.2528175711631775,0.2625413239002228,0.27226507663726807,0.28198882937431335,0.29171258211135864,0.30143633484840393,0.3111600875854492]},"val_loss":0.9463120698928833,"gradients/graph_35classifier.weight":{"bins":[-1.3847402334213257,-1.3414671421051025,-1.2981939315795898,-1.2549208402633667,-1.2116477489471436,-1.1683745384216309,-1.1251014471054077,-1.0818283557891846,-1.0385551452636719,-0.9952820539474487,-0.9520089030265808,-0.9087357521057129,-0.8654626607894897,-0.8221895098686218,-0.7789163589477539,-0.7356432676315308,-0.6923701167106628,-0.6490969657897949,-0.6058238744735718,-0.5625507235527039,-0.5192775726318359,-0.4760044813156128,-0.4327313303947449,-0.38945817947387695,-0.3461850881576538,-0.3029118776321411,-0.25963878631591797,-0.21636569499969482,-0.17309248447418213,-0.12981939315795898,-0.08654630184173584,-0.043273091316223145,0,0.043273091316223145,0.08654630184173584,0.12981939315795898,0.17309248447418213,0.21636569499969482,0.25963878631591797,0.3029118776321411,0.3461850881576538,0.38945817947387695,0.4327313303947449,0.4760044813156128,0.5192775726318359,0.5625507235527039,0.6058238744735718,0.6490969657897949,0.6923701167106628,0.7356432676315308,0.7789163589477539,0.8221895098686218,0.8654626607894897,0.9087357521057129,0.9520089030265808,0.9952820539474487,1.0385551452636719,1.0818283557891846,1.1251014471054077,1.1683745384216309,1.2116477489471436,1.2549208402633667,1.2981939315795898,1.3414671421051025,1.3847402334213257],"_type":"histogram","values":[1,0,0,0,1,0,0,0,0,0,0,0,0,1,0,1,0,0,2,0,0,1,0,0,0,0,0,0,0,0,3,2,2,3,0,0,0,0,0,0,0,0,1,0,0,2,0,0,1,0,1,0,0,0,0,0,0,0,0,1,0,0,0,1]},"parameters/graph_35classifier.weight":{"_type":"histogram","values":[1,1,1,0,0,0,0,0,0,0,0,0,1,1,0,0,1,2,0,1,1,0,0,0,0,0,0,1,0,0,1,0,0,0,0,0,1,1,0,0,0,0,1,0,0,0,0,1,2,0,0,0,0,1,0,0,1,0,1,0,0,2,0,1],