{"parameters/graph_50classifier.weight":{"values":[1,0,0,0,0,3,0,0,1,0,0,0,0,0,0,0,0,0,0,0,0,1,0,0,1,0,1,1,0,0,0,0,0,0,0,0,0,0,0,0,0,0,0,0,1,1,0,1,0,0,0,0,0,0,0,0,0,0,1,1,0,0,0,2],"bins":[-0.35153669118881226,-0.34129443764686584,-0.33105218410491943,-0.320809930562973,-0.3105676770210266,-0.3003254234790802,-0.2900831699371338,-0.27984094619750977,-0.26959866285324097,-0.25935643911361694,-0.24911417067050934,-0.23887193202972412,-0.2286296784877777,-0.2183874249458313,-0.2081451714038849,-0.19790291786193848,-0.18766066431999207,-0.17741841077804565,-0.16717615723609924,-0.15693390369415283,-0.14669165015220642,-0.1364494115114212,-0.1262071579694748,-0.11596490442752838,-0.10572265088558197,-0.09548041224479675,-0.08523815870285034,-0.07499590516090393,-0.06475365161895752,-0.05451139807701111,-0.0442691445350647,-0.034026890993118286,-0.023784667253494263,-0.013542413711547852,-0.0033001601696014404,0.006942093372344971,0.017184346914291382,0.027426600456237793,0.037668853998184204,0.047911107540130615,0.05815334618091583,0.06839559972286224,0.07863785326480865,0.08888010680675507,0.09912234544754028,0.1093645989894867,0.1196068525314331,0.12984910607337952,0.14009135961532593,0.15033361315727234,0.16057586669921875,0.17081812024116516,0.18106037378311157,0.19130262732505798,0.2015448659658432,0.2117871195077896,0.22202937304973602,0.23227162659168243,0.24251388013362885,0.25275611877441406,0.2629983723163605,0.2732406258583069,0.2834828794002533,0.2937251329421997,0.3039673864841461],"_type":"histogram"},"val_loss":0.6744278371334076,"gradients/graph_50gat1.heads.0.attn_fc.weight":{"bins":[-0.0013448260724544525,-0.0012799802934750915,-0.0012151345144957304,-0.0011502888519316912,-0.0010854430729523301,-0.001020597293972969,-0.000955751514993608,-0.0008909057360142469,-0.0008260600152425468,-0.0007612142362631857,-0.0006963685154914856,-0.0006315227365121245,-0.0005666769575327635,-0.0005018312367610633,-0.0004369854577817023,-0.00037213973701000214,-0.0003072939580306411,-0.00024244817905128002,-0.00017760240007191896,-0.00011275673750787973,-4.791095852851868e-05,1.693482045084238e-05,8.178059943020344e-05,0.0001466263784095645,0.00021147215738892555,0.0002763178199529648,0.00034116359893232584,0.0004060093779116869,0.00047085515689104795,0.000535700935870409,0.0006005465984344482,0.0006653924938291311,0.0007302381563931704,0.0007950838189572096,0.0008599297143518925,0.0009247753769159317,0.0009896211558952928,0.0010544669348746538,0.0011193127138540149,0.001184158492833376,0.0012490041553974152,0.0013138499343767762,0.0013786957133561373,0.0014435414923354983,0.0015083872713148594,0.0015732330502942204,0.0016380787128582597,0.0017029244918376207,0.0017677702708169818,0.0018326160497963428,0.001897461712360382,0.001962307607755065,0.002027153270319104,0.002091999165713787,0.0021568448282778263,0.0022216904908418655,0.0022865363862365484,0.0023513820488005877,0.0024162279441952705,0.0024810736067593098,0.002545919269323349,0.002610765164718032,0.002675610827282071,0.002740456722676754,0.0028053023852407932],"_type":"histogram","values":[1,0,0,0,0,0,1,0,1,0,0,0,0,1,0,0,0,0,1,1,1,1,1,1,0,0,1,1,0,0,1,0,0,0,1,0,0,0,0,1,0,0,0,0,0,0,0,0,0,0,0,0,0,0,0,0,0,0,0,0,0,0,0,1]},"_runtime":7.1535109,"train_f1":0.4796695402298851,"_wandb":{"runtime":7},"parameters/graph_50gat1.heads.0.fc.weight":{"values":[1,0,0,0,1,0,0,0,0,0,1,0,0,0,0,1,0,0,0,2,0,0,1,1,0,1,1,2,0,2,0,3,0,1,4,0,1,1,1,2,2,6,2,0,3,1,0,0,1,1,0,2,1,1,0,0,0,0,0,0,0,0,0,1],"bins":[-1.341328740119934,-1.3018440008163452,-1.2623591423034668,-1.222874402999878,-1.183389663696289,-1.1439049243927002,-1.1044201850891113,-1.064935326576233,-1.025450587272644,-0.9859658479690552,-0.9464810490608215,-0.9069962501525879,-0.867511510848999,-0.8280267715454102,-0.7885419726371765,-0.7490571737289429,-0.709572434425354,-0.6700876951217651,-0.6306028962135315,-0.5911180973052979,-0.551633358001709,-0.5121486186981201,-0.4726638197898865,-0.43317902088165283,-0.39369428157806396,-0.3542095422744751,-0.31472480297088623,-0.2752399444580078,-0.23575520515441895,-0.19627046585083008,-0.15678560733795166,-0.11730086803436279,-0.07781600952148438,-0.03833127021789551,0.0011534690856933594,0.04063832759857178,0.08012306690216064,0.11960780620574951,0.15909266471862793,0.1985774040222168,0.23806214332580566,0.27754688262939453,0.3170316815376282,0.3565164804458618,0.3960012197494507,0.43548595905303955,0.4749707579612732,0.5144555568695068,0.5539402961730957,0.5934250354766846,0.6329098343849182,0.6723946332931519,0.7118793725967407,0.7513641119003296,0.7908489108085632,0.8303337097167969,0.8698184490203857,0.9093031883239746,0.9487879872322083,0.9882727861404419,1.0277575254440308,1.0672422647476196,1.106727123260498,1.146211862564087,1.1856966018676758],"_type":"histogram"},"_timestamp":1.7317019443222046e+09,"parameters/graph_50classifier.bias":{"_type":"histogram","values":[1,0,0,0,0,0,0,0,0,0,0,0,0,0,0,0,0,0,0,0,0,0,0,0,0,0,0,0,0,0,0,0,0,0,0,0,0,0,0,0,0,0,0,0,0,0,0,0,0,0,0,0,0,0,0,0,0,0,0,0,0,0,0,1],"bins":[-0.05964208021759987,-0.05757830664515495,-0.05551453307271004,-0.05345076322555542,-0.051386989653110504,-0.04932321608066559,-0.04725944250822067,-0.04519566893577576,-0.04313189536333084,-0.041068121790885925,-0.03900435194373131,-0.03694057837128639,-0.034876804798841476,-0.03281303495168686,-0.030749259516596794,-0.028685487806797028,-0.026621714234352112,-0.024557940661907196,-0.02249416708946228,-0.020430397242307663,-0.018366623669862747,-0.01630285009741783,-0.014239076524972916,-0.012175302952528,-0.010111529380083084,-0.008047759532928467,-0.005983985960483551,-0.003920212388038635,-0.0018564388155937195,0.0002073347568511963,0.0022711046040058136,0.004334878176450729,0.006398655474185944,0.00846242904663086,0.010526202619075775,0.012589972466230392,0.014653746038675308,0.016717519611120224,0.01878129318356514,0.020845066756010056,0.022908836603164673,0.02497261017560959,0.027036383748054504,0.02910015732049942,0.031163930892944336,0.03322770446538925,0.03529147431254387,0.037355247884988785,0.0394190214574337,0.041482795029878616,0.043546564877033234,0.04561033844947815,0.047674112021923065,0.04973788559436798,0.0518016591668129,0.05386543273925781,0.05592920631170273,0.057992976158857346,0.06005674973130226,0.06212052330374718,0.0641842931509018,0.06624806672334671,0.06831184029579163,0.07037561386823654,0.07243938744068146]},"train_loss":0.6741906777024269,"_step":4,"val_accuracy":0.6666666666666666,"train_accuracy":0.6,"val_f1":0.6051282051282051,"epoch":5,"gradients/graph_50classifier.bias":{"_type":"histogram","values":[1,0,0,0,0,0,0,0,0,0,0,0,0,0,0,0,0,0,0,0,0,0,0,0,0,0,0,0,0,0,0,0,0,0,0,0,0,0,0,0,0,0,0,0,0,0,0,0,0,0,0,0,0,0,0,0,0,0,0,0,0,0,0,1],