{"val_loss":0.751254677772522,"gradients/graph_32gat1.heads.0.fc.weight":{"bins":[-0.05176279693841934,-0.04972735419869423,-0.04769190773367882,-0.045656464993953705,-0.04362102225422859,-0.04158557951450348,-0.03955013304948807,-0.037514690309762955,-0.03547924757003784,-0.03344380110502243,-0.03140835836529732,-0.029372913762927055,-0.027337469160556793,-0.02530202642083168,-0.023266581818461418,-0.021231139078736305,-0.019195694476366043,-0.01716025173664093,-0.015124805271625519,-0.013089362531900406,-0.011053919792175293,-0.009018473327159882,-0.006983030587434769,-0.004947587847709656,-0.0029121413826942444,-0.0008766986429691315,0.0011587440967559814,0.0031941868364810944,0.005229633301496506,0.007265076041221619,0.009300518780946732,0.011335961520671844,0.013371407985687256,0.015406854450702667,0.01744229719042778,0.019477739930152893,0.021513182669878006,0.023548629134893417,0.02558407187461853,0.027619514614343643,0.029654957354068756,0.03169040381908417,0.03372584655880928,0.03576128929853439,0.037796735763549805,0.03983217850327492,0.04186762124300003,0.04390306770801544,0.045938510447740555,0.04797395318746567,0.05000939965248108,0.05204484239220619,0.054080285131931305,0.056115731596946716,0.05815117433667183,0.06018661707639694,0.062222063541412354,0.06425750255584717,0.06629294902086258,0.06832839548587799,0.0703638345003128,0.07239928096532822,0.07443472743034363,0.07647016644477844,0.07850561290979385],"_type":"histogram","values":[1,0,0,0,0,0,0,1,0,1,0,0,0,1,1,2,0,1,1,0,3,1,2,4,3,8,8,4,5,1,3,1,3,1,2,3,2,0,1,1,0,0,1,0,2,2,0,1,0,0,0,0,0,0,0,0,0,0,0,0,0,0,0,1]},"_wandb":{"runtime":6},"parameters/graph_32gat1.heads.0.fc.weight":{"_type":"histogram","values":[2,0,0,0,1,0,0,0,0,0,0,0,0,3,1,0,1,2,0,0,1,1,0,0,3,1,3,4,4,0,1,2,1,2,3,6,1,1,2,1,3,2,1,1,3,1,4,1,0,1,0,1,2,1,1,0,1,0,0,0,0,1,0,1],"bins":[-1.3856769800186157,-1.3446632623672485,-1.303649663925171,-1.2626359462738037,-1.2216222286224365,-1.1806085109710693,-1.1395947933197021,-1.0985811948776245,-1.0575674772262573,-1.0165537595748901,-0.9755401015281677,-0.9345264434814453,-0.8935127258300781,-0.8524990081787109,-0.8114853501319885,-0.7704716920852661,-0.7294579744338989,-0.6884442567825317,-0.6474305987358093,-0.6064169406890869,-0.5654032230377197,-0.5243895053863525,-0.4833758473396301,-0.4423621892929077,-0.4013484716415405,-0.36033475399017334,-0.31932103633880615,-0.2783074378967285,-0.23729372024536133,-0.19628000259399414,-0.1552664041519165,-0.11425268650054932,-0.07323884963989258,-0.03222513198852539,0.008788585662841797,0.049802184104919434,0.09081590175628662,0.1318296194076538,0.17284321784973145,0.21385693550109863,0.2548706531524658,0.295884370803833,0.3368980288505554,0.37791168689727783,0.418925404548645,0.4599391222000122,0.5009527802467346,0.541966438293457,0.5829801559448242,0.6239938735961914,0.6650075316429138,0.7060211896896362,0.7470349073410034,0.7880486249923706,0.829062283039093,0.8700759410858154,0.9110896587371826,0.9521033763885498,0.9931170344352722,1.0341306924819946,1.0751444101333618,1.116158127784729,1.1571717262268066,1.1981854438781738,1.239199161529541]},"epoch":5,"gradients/graph_32classifier.weight":{"_type":"histogram","values":[1,1,0,0,0,0,0,1,0,0,0,0,0,0,0,0,0,0,1,1,1,1,0,0,0,0,0,2,1,1,1,0,0,1,1,1,2,0,0,0,0,0,1,1,1,1,0,0,0,0,0,0,0,0,0,0,1,0,0,0,0,0,1,1],"bins":[-0.1820354461669922,-0.17634683847427368,-0.17065823078155518,-0.16496962308883667,-0.15928101539611816,-0.15359240770339966,-0.14790380001068115,-0.14221519231796265,-0.13652658462524414,-0.13083797693252563,-0.12514936923980713,-0.11946076154708862,-0.11377215385437012,-0.10808354616165161,-0.1023949384689331,-0.0967063307762146,-0.0910177230834961,-0.08532911539077759,-0.07964050769805908,-0.07395190000534058,-0.06826329231262207,-0.06257468461990356,-0.05688607692718506,-0.05119746923446655,-0.04550886154174805,-0.03982025384902954,-0.034131646156311035,-0.02844303846359253,-0.022754430770874023,-0.017065823078155518,-0.011377215385437012,-0.005688607692718506,-1.4901161193847656e-08,0.005688592791557312,0.011377200484275818,0.017065808176994324,0.02275441586971283,0.028443023562431335,0.03413163125514984,0.03982023894786835,0.04550884664058685,0.05119745433330536,0.056886062026023865,0.06257466971874237,0.06826327741146088,0.07395188510417938,0.07964049279689789,0.0853291004896164,0.0910177081823349,0.0967063158750534,0.10239492356777191,0.10808353126049042,0.11377213895320892,0.11946074664592743,0.12514935433864594,0.13083796203136444,0.13652656972408295,0.14221517741680145,0.14790378510951996,0.15359239280223846,0.15928100049495697,0.16496960818767548,0.17065821588039398,0.1763468235731125,0.182035431265831]},"gradients/graph_32classifier.bias":{"values":[1,0,0,0,0,0,0,0,0,0,0,0,0,0,0,0,0,0,0,0,0,0,0,0,0,0,0,0,0,0,0,0,0,0,0,0,0,0,0,0,0,0,0,0,0,0,0,0,0,0,0,0,0,0,0,0,0,0,0,0,0,0,0,1],"bins":[-0.015071488916873932,-0.014600505121052265,-0.014129520393908024,-0.013658536598086357,-0.01318755280226469,-0.012716569006443024,-0.012245584279298782,-0.011774600483477116,-0.011303616687655449,-0.010832631960511208,-0.01036164816468954,-0.009890664368867874,-0.009419679641723633,-0.008948695845901966,-0.0084777120500803,-0.008006727322936058,-0.007535743527114391,-0.007064759731292725,-0.006593775004148483,-0.0061227912083268166,-0.00565180741250515,-0.0051808226853609085,-0.004709838889539242,-0.004238855093717575,-0.0037678703665733337,-0.003296886570751667,-0.0028259027749300003,-0.0023549189791083336,-0.0018839342519640923,-0.0014129504561424255,-0.0009419666603207588,-0.0004709819331765175,1.862645149230957e-09,0.00047098565846681595,0.0009419703856110573,0.001412954181432724,0.0018839379772543907,0.002354922704398632,0.0028259065002202988,0.0032968902960419655,0.003767874091863632,0.0042388588190078735,0.00470984261482954,0.005180826410651207,0.005651811137795448,0.006122794933617115,0.006593778729438782,0.007064763456583023,0.00753574725240469,0.008006731048226357,0.008477715775370598,0.008948699571192265,0.009419683367013931,0.009890668094158173,0.01036165188997984,0.010832635685801506,0.011303620412945747,0.011774604208767414,0.01224558800458908,0.012716572731733322,0.013187556527554989,0.013658540323376656,0.014129524119198322,0.014600508846342564,0.01507149264216423],"_type":"histogram"},"parameters/graph_32classifier.bias":{"bins":[-0.24481241405010223,-0.2414746731519699,-0.23813694715499878,-0.23479920625686646,-0.23146146535873413,-0.2281237244606018,-0.22478599846363068,-0.22144825756549835,-0.21811053156852722,-0.2147727906703949,-0.21143504977226257,-0.20809730887413025,-0.20475958287715912,-0.2014218419790268,-0.19808411598205566,-0.19474637508392334,-0.19140863418579102,-0.1880708932876587,-0.18473315238952637,-0.18139542639255524,-0.1780576854944229,-0.17471995949745178,-0.17138221859931946,-0.16804447770118713,-0.1647067368030548,-0.16136901080608368,-0.15803126990795135,-0.15469354391098022,-0.1513558030128479,-0.14801806211471558,-0.14468032121658325,-0.14134258031845093,-0.138004869222641,-0.13466712832450867,-0.13132938742637634,-0.12799164652824402,-0.12465391308069229,-0.12131617963314056,-0.11797844618558884,-0.11464070528745651,-0.11130297183990479,-0.10796523839235306,-0.10462749749422073,-0.101289764046669,-0.09795203059911728,-0.09461428970098495,-0.09127655625343323,-0.0879388153553009,-0.08460108190774918,-0.08126334846019745,-0.07792560756206512,-0.0745878741145134,-0.07125014066696167,-0.06791239976882935,-0.06457466632127762,-0.06123692914843559,-0.05789919197559357,-0.05456145480275154,-0.051223717629909515,-0.04788598418235779,-0.04454824700951576,-0.04121050983667374,-0.03787277638912201,-0.034535039216279984,-0.031197302043437958],"_type":"histogram","values":[1,0,0,0,0,0,0,0,0,0,0,0,0,0,0,0,0,0,0,0,0,0,0,0,0,0,0,0,0,0,0,0,0,0,0,0,0,0,0,0,0,0,0,0,0,0,0,0,0,0,0,0,0,0,0,0,0,0,0,0,0,0,0,1]},"parameters/graph_32gat1.heads.0.attn_fc.weight":{"_type":"histogram",