{"train_accuracy":0.72,"parameters/graph_40gat1.heads.1.fc.weight":{"values":[1,1,0,1,0,2,0,1,0,0,2,1,1,2,3,0,1,1,1,2,3,5,3,5,5,1,2,1,2,3,0,0,1,2,1,4,1,1,1,1,0,0,2,1,2,0,1,0,0,2,0,0,1,0,0,0,0,0,0,0,0,0,0,1],"bins":[-0.8696039319038391,-0.8349038362503052,-0.800203800201416,-0.7655037045478821,-0.7308036088943481,-0.696103572845459,-0.661403477191925,-0.6267033815383911,-0.592003345489502,-0.557303249835968,-0.5226031541824341,-0.48790308833122253,-0.453203022480011,-0.41850292682647705,-0.3838028609752655,-0.34910279512405396,-0.31440269947052,-0.2797026038169861,-0.24500256776809692,-0.210302472114563,-0.17560237646102905,-0.1409023404121399,-0.10620224475860596,-0.07150214910507202,-0.03680211305618286,-0.0021020174026489258,0.03259807825088501,0.06729817390441895,0.1019982099533081,0.13669830560684204,0.1713983416557312,0.2060984969139099,0.24079859256744385,0.275498628616333,0.3101987838745117,0.3448988199234009,0.3795989155769348,0.414298951625824,0.4489990472793579,0.48369914293289185,0.5183992385864258,0.5530992746353149,0.5877993702888489,0.6224994659423828,0.657199501991272,0.6918995976448059,0.7265996932983398,0.761299729347229,0.7959998250007629,0.8306999206542969,0.865399956703186,0.90010005235672,0.9348001480102539,0.9695001840591431,1.0042002201080322,1.038900375366211,1.0736004114151,1.1083005666732788,1.143000602722168,1.1777006387710571,1.2124007940292358,1.247100830078125,1.2818008661270142,1.3165010213851929,1.351201057434082],"_type":"histogram"},"parameters/graph_40classifier.bias":{"_type":"histogram","values":[1,0,0,0,0,0,0,0,0,0,0,0,0,0,0,0,0,0,0,0,0,0,0,0,0,0,0,0,0,0,0,0,0,0,0,0,0,0,0,0,0,0,0,0,0,0,0,0,0,0,0,0,0,0,0,0,0,0,0,0,0,0,0,1],"bins":[-0.17178009450435638,-0.1671685129404068,-0.16255693137645721,-0.15794534981250763,-0.15333376824855804,-0.14872218668460846,-0.14411060512065887,-0.1394990235567093,-0.1348874419927597,-0.13027586042881012,-0.12566427886486053,-0.12105269730091095,-0.11644112318754196,-0.11182954162359238,-0.10721796005964279,-0.1026063784956932,-0.09799479693174362,-0.09338321536779404,-0.08877163380384445,-0.08416005223989487,-0.07954847067594528,-0.0749368891119957,-0.07032530754804611,-0.06571372598409653,-0.06110215187072754,-0.056490570306777954,-0.05187898874282837,-0.047267407178878784,-0.0426558256149292,-0.038044244050979614,-0.03343266248703003,-0.028821080923080444,-0.024209506809711456,-0.01959792524576187,-0.014986343681812286,-0.010374762117862701,-0.0057631805539131165,-0.0011515989899635315,0.0034599825739860535,0.008071564137935638,0.012683145701885223,0.01729471981525421,0.021906301379203796,0.02651788294315338,0.031129464507102966,0.03574104607105255,0.040352627635002136,0.04496420919895172,0.049575790762901306,0.05418737232685089,0.058798953890800476,0.06341053545475006,0.06802211701869965,0.07263369858264923,0.07724528014659882,0.0818568617105484,0.08646844327449799,0.09108002483844757,0.09569160640239716,0.10030318051576614,0.10491476207971573,0.10952634364366531,0.1141379252076149,0.11874950677156448,0.12336108833551407]},"val_loss":0.6742309331893921,"_runtime":8.9281335,"gradients/graph_40classifier.bias":{"values":[1,0,0,0,0,0,0,0,0,0,0,0,0,0,0,0,0,0,0,0,0,0,0,0,0,0,0,0,0,0,0,0,0,0,0,0,0,0,0,0,0,0,0,0,0,0,0,0,0,0,0,0,0,0,0,0,0,0,0,0,0,0,0,1],"bins":[-0.22114703059196472,-0.21423618495464325,-0.20732533931732178,-0.2004144936800003,-0.19350364804267883,-0.18659280240535736,-0.1796819567680359,-0.1727711260318756,-0.16586026549339294,-0.15894943475723267,-0.15203857421875,-0.14512774348258972,-0.13821689784526825,-0.13130605220794678,-0.1243952065706253,-0.11748436093330383,-0.11057351529598236,-0.10366266965866089,-0.09675182402133942,-0.08984097838401794,-0.08293013274669647,-0.076019287109375,-0.06910844147205353,-0.062197595834732056,-0.05528676509857178,-0.048375919461250305,-0.04146507382392883,-0.03455422818660736,-0.02764338254928589,-0.020732536911964417,-0.013821691274642944,-0.006910845637321472,0,0.006910845637321472,0.013821691274642944,0.020732536911964417,0.02764338254928589,0.03455422818660736,0.04146507382392883,0.048375919461250305,0.05528676509857178,0.062197595834732056,0.06910844147205353,0.076019287109375,0.08293013274669647,0.08984097838401794,0.09675182402133942,0.10366266965866089,0.11057351529598236,0.11748436093330383,0.1243952065706253,0.13130605220794678,0.13821689784526825,0.14512774348258972,0.15203857421875,0.15894943475723267,0.16586026549339294,0.1727711260318756,0.1796819567680359,0.18659280240535736,0.19350364804267883,0.2004144936800003,0.20732533931732178,0.21423618495464325,0.22114703059196472],"_type":"histogram"},"parameters/graph_40classifier.weight":{"_type":"histogram","values":[1,0,1,0,1,1,0,1,1,1,0,2,0,0,1,0,1,1,0,2,1,0,1,2,0,1,1,1,0,2,4,2,1,1,1,3,1,1,2,1,1,1,1,0,0,0,2,1,0,0,0,0,0,0,0,0,1,0,0,0,0,0,0,1],"bins":[-0.29521629214286804,-0.28436407446861267,-0.2735118567943573,-0.26265963912010193,-0.25180742144584656,-0.2409552037715912,-0.23010298609733582,-0.21925076842308044,-0.20839855074882507,-0.1975463330745697,-0.18669411540031433,-0.17584189772605896,-0.1649896800518036,-0.15413746237754822,-0.14328524470329285,-0.13243302702903748,-0.1215808093547821,-0.11072859168052673,-0.09987637400627136,-0.08902415633201599,-0.07817193865776062,-0.06731972098350525,-0.05646750330924988,-0.04561528563499451,-0.034763067960739136,-0.023910850286483765,-0.013058632612228394,-0.0022064149379730225,0.008645802736282349,0.01949802041053772,0.03035023808479309,0.04120245575904846,0.052054643630981445,0.06290686130523682,0.07375907897949219,0.08461129665374756,0.09546351432800293,0.1063157320022583,0.11716794967651367,0.12802016735076904,0.13887238502502441,0.14972460269927979,0.16057682037353516,0.17142903804779053,0.1822812557220459,0.19313347339630127,0.20398569107055664,0.214837908744812,0.22569012641906738,0.23654234409332275,0.24739456176757812,0.2582467794418335,0.26909899711608887,0.27995121479034424,0.2908034324645996,0.301655650138855,0.31250786781311035,0.3233600854873657,0.3342123031616211,0.34506452083587646,0.35591673851013184,0.3667689561843872,0.3776211738586426,0.38847339153289795,0.3993256092071533]},"parameters/graph_40gat1.heads.0.fc.weight":{"bins":[-1.292772650718689,-1.2532299757003784,-1.2136871814727783,-1.1741445064544678,-1.1346017122268677,-1.0950590372085571,-1.055516242980957,-1.0159735679626465,-0.9764308333396912,-0.9368880987167358,-0.8973453640937805,-0.8578026294708252,-0.8182599544525146,-0.7787172198295593,-0.739174485206604,-0.6996317505836487,-0.6600890159606934,-0.620546281337738,-0.5810035467147827,-0.5414608120918274,-0.5019180774688721,-0.4623754024505615,-0.4228326678276062,-0.3832899332046509,-0.34374719858169556,-0.30420446395874023,-0.2646617889404297,-0.2251189947128296,-0.18557631969451904,-0.14603352546691895,-0.1064908504486084,-0.0669480562210083,-0.027405500411987305,0.012137174606323242,0.05167996883392334,0.09122264385223389,0.13076543807983398,0.17030811309814453,0.20985090732574463,0.24939358234405518,0.2889363169670105,0.3284790515899658,0.36802178621292114,0.40756452083587646,0.447107195854187,0.48664993047714233,0.5261926651000977,0.565735399723053,0.6052781343460083,0.6448208689689636,0.684363603591919,0.7239063382148743,0.7634490728378296,0.8029917478561401,0.8425344824790955,0.8820772171020508,0.9216199517250061,0.9611626863479614,1.000705361366272,1.040248155593872,1.0797908306121826,1.1193336248397827,1.1588762998580933,1.1984190940856934,1.237961769104004],"_type":"histogram","values":[1,0,0,0,0,0,0,0,0,0,1,0,0,0,0,3,1,1,0,1,1,2,4,4,4,2,1,1,2,3,3,1,1,1,2,0,3,6,1,0,1,1,2,4,2,2,0,2,3,1,1,1,1,0,0,0,0,0,0,0,0,0,0,1]},"gradients/graph_40gat1.heads.0.attn_fc.weight":{"_type":"histogram","values":[1,0,0,2,0,0,0,0,0,0,0,0,0,0,0,1,0,0,0,0,0,0,0,0,4,0,2,4,2,2,0,0,0,0,2,0,0,0,0,0,1,0,0,0,0,0,0,0,0,2,0,0,0,0,0,0,0,0,0,0,0,0,0,1],