{"train_loss":0.7327619940042496,"_runtime":11.3187449,"epoch":5,"val_f1":0.39682539682539686,"gradients/gat1.heads.0.attn_fc.weight":{"values":[2,0,0,0,0,0,1,0,0,0,0,1,0,0,0,0,0,0,0,0,0,0,0,1,1,1,2,2,2,0,0,0,0,0,0,0,0,0,0,0,0,0,0,0,0,1,0,0,0,0,0,0,0,1,0,0,0,0,0,0,0,0,0,1],"bins":[-0.09792380779981613,-0.09435621649026871,-0.09078863263130188,-0.08722104132175446,-0.08365345001220703,-0.0800858587026596,-0.07651826739311218,-0.07295068353414536,-0.06938309222459793,-0.0658155009150505,-0.06224791333079338,-0.058680325746536255,-0.05511273443698883,-0.051545143127441406,-0.04797755554318428,-0.044409967958927155,-0.04084237664937973,-0.037274785339832306,-0.03370719403028488,-0.030139610171318054,-0.02657201886177063,-0.023004427552223206,-0.019436843693256378,-0.015869252383708954,-0.01230166107416153,-0.008734069764614105,-0.005166478455066681,-0.0015988945960998535,0.001968696713447571,0.005536288022994995,0.009103871881961823,0.012671463191509247,0.016239047050476074,0.0198066383600235,0.023374229669570923,0.02694181352853775,0.030509404838085175,0.0340769961476326,0.037644580006599426,0.04121217131614685,0.044779762625694275,0.0483473539352417,0.051914945244789124,0.05548252910375595,0.059050120413303375,0.0626177117228508,0.06618529558181763,0.06975288689136505,0.07332047820091248,0.0768880695104599,0.08045566082000732,0.08402324467897415,0.08759083598852158,0.091158427298069,0.09472601115703583,0.09829360246658325,0.10186119377613068,0.1054287850856781,0.10899637639522552,0.11256396025419235,0.11613155156373978,0.1196991428732872,0.12326672673225403,0.12683431804180145,0.13040190935134888],"_type":"histogram"},"_wandb":{"runtime":11},"_timestamp":1.7316317127136152e+09,"gradients/classifier.bias":{"_type":"histogram","values":[1,0,0,0,0,0,0,0,0,0,0,0,0,0,0,0,0,0,0,0,0,0,0,0,0,0,0,0,0,0,0,0,0,0,0,0,0,0,0,0,0,0,0,0,0,0,0,0,0,0,0,0,0,0,0,0,0,0,0,0,0,0,0,1],"bins":[-0.12482431530952454,-0.12092355638742447,-0.1170227974653244,-0.11312203854322433,-0.10922127962112427,-0.1053205132484436,-0.10141976177692413,-0.09751899540424347,-0.0936182364821434,-0.08971747756004333,-0.08581671863794327,-0.0819159597158432,-0.07801520079374313,-0.07411444187164307,-0.0702136754989624,-0.06631292402744293,-0.062412161380052567,-0.0585113987326622,-0.054610639810562134,-0.05070988088846207,-0.046809121966362,-0.04290836304426193,-0.039007604122161865,-0.0351068452000618,-0.03120608627796173,-0.027305327355861664,-0.023404568433761597,-0.019503802061080933,-0.015603043138980865,-0.011702284216880798,-0.007801525294780731,-0.003900766372680664,-7.450580596923828e-09,0.00390075147151947,0.007801510393619537,0.011702269315719604,0.015603028237819672,0.01950378715991974,0.023404553532600403,0.02730531245470047,0.031206071376800537,0.035106830298900604,0.03900758922100067,0.04290834814310074,0.046809107065200806,0.05070986598730087,0.05461062490940094,0.05851138383150101,0.06241214647889137,0.06631290912628174,0.07021366059780121,0.07411442697048187,0.07801518589258194,0.081915944814682,0.08581670373678207,0.08971746265888214,0.09361822158098221,0.09751898050308228,0.10141974687576294,0.10532049834728241,0.10922126471996307,0.11312202364206314,0.11702278256416321,0.12092354148626328,0.12482430040836334]},"train_f1":0.41151020408163264,"parameters/gat1.heads.1.attn_fc.weight":{"_type":"histogram","values":[1,0,1,0,0,0,0,1,0,0,0,0,0,0,1,0,1,0,0,0,0,1,0,0,0,2,0,0,0,0,0,0,0,0,1,0,0,2,0,1,1,0,0,0,0,1,0,0,0,0,0,0,0,0,0,0,0,0,1,0,0,0,0,1],"bins":[-0.8210775256156921,-0.7964667677879333,-0.7718560695648193,-0.7472453117370605,-0.7226345539093018,-0.698023796081543,-0.673413097858429,-0.6488023400306702,-0.6241916418075562,-0.5995808839797974,-0.5749701261520386,-0.5503593683242798,-0.5257486701011658,-0.501137912273407,-0.4765271842479706,-0.4519164264202118,-0.4273056983947754,-0.402694970369339,-0.3780842125415802,-0.3534734845161438,-0.328862726688385,-0.304252028465271,-0.2796412706375122,-0.2550305128097534,-0.2304198145866394,-0.20580905675888062,-0.18119829893112183,-0.15658754110336304,-0.13197684288024902,-0.10736608505249023,-0.08275532722473145,-0.05814462900161743,-0.03353393077850342,-0.008923172950744629,0.015687525272369385,0.040298283100128174,0.06490904092788696,0.08951973915100098,0.11413049697875977,0.13874125480651855,0.16335201263427734,0.18796271085739136,0.21257346868515015,0.23718422651290894,0.26179492473602295,0.28640568256378174,0.31101641058921814,0.33562716841697693,0.36023789644241333,0.38484862446784973,0.4094593822956085,0.4340701103210449,0.4586808681488037,0.4832915961742401,0.5079023241996765,0.5325130820274353,0.5571237802505493,0.5817345380783081,0.6063452959060669,0.6309560537338257,0.6555667519569397,0.6801775097846985,0.7047882676124573,0.7293989658355713,0.7540097236633301]},"gradients/gat1.heads.0.fc.weight":{"_type":"histogram","values":[1,0,0,0,1,0,0,0,0,0,0,0,0,1,0,0,1,0,0,0,0,0,0,0,0,0,1,1,1,1,0,1,0,0,0,1,0,2,0,1,1,2,4,3,2,5,4,1,2,4,1,1,1,0,0,0,1,0,1,0,0,0,1,1],"bins":[-0.15046024322509766,-0.14712268114089966,-0.14378513395786285,-0.14044757187366486,-0.13711002469062805,-0.13377246260643005,-0.13043491542339325,-0.12709735333919525,-0.12375979870557785,-0.12042224407196045,-0.11708468943834305,-0.11374713480472565,-0.11040957272052765,-0.10707202553749084,-0.10373446345329285,-0.10039690881967545,-0.09705935418605804,-0.09372179955244064,-0.09038424491882324,-0.08704669028520584,-0.08370913565158844,-0.08037157356739044,-0.07703401893377304,-0.07369646430015564,-0.07035890966653824,-0.06702135503292084,-0.06368380039930344,-0.060346245765686035,-0.05700868368148804,-0.053671129047870636,-0.050333574414253235,-0.046996019780635834,-0.04365847259759903,-0.04032091796398163,-0.03698336333036423,-0.033645808696746826,-0.030308254063129425,-0.026970691978931427,-0.023633137345314026,-0.020295582711696625,-0.016958028078079224,-0.013620473444461823,-0.010282918810844421,-0.00694536417722702,-0.003607802093029022,-0.0002702474594116211,0.00306730717420578,0.006404861807823181,0.009742416441440582,0.013079971075057983,0.016417525708675385,0.019755084067583084,0.023092638701200485,0.026430193334817886,0.029767751693725586,0.03310530632734299,0.03644286096096039,0.03978041559457779,0.04311797022819519,0.04645552858710289,0.04979308322072029,0.05313063785433769,0.05646819621324539,0.05980575084686279,0.0631433054804802]},"parameters/gat1.heads.0.attn_fc.weight":{"_type":"histogram","values":[1,0,0,0,0,0,0,1,0,0,1,0,0,0,0,0,0,0,1,0,1,0,0,0,1,1,0,0,1,1,0,0,0,0,0,0,0,0,0,0,0,0,0,0,2,0,0,0,1,0,1,0,1,0,0,1,0,0,0,0,0,0,0,1],"bins":[-0.8114597797393799,-0.7904813289642334,-0.7695029377937317,-0.7485244870185852,-0.7275460362434387,-0.706567645072937,-0.6855891942977905,-0.664610743522644,-0.6436322927474976,-0.6226539015769958,-0.6016754508018494,-0.5806970596313477,-0.5597186088562012,-0.5387401580810547,-0.5177617073059082,-0.4967832863330841,-0.47580486536026,-0.4548264443874359,-0.43384799361228943,-0.41286957263946533,-0.39189112186431885,-0.37091270089149475,-0.34993427991867065,-0.32895582914352417,-0.30797743797302246,-0.286998987197876,-0.2660205364227295,-0.245042085647583,-0.2240636944770813,-0.20308524370193481,-0.18210679292678833,-0.16112840175628662,-0.1401500105857849,-0.11917155981063843,-0.09819316864013672,-0.07721471786499023,-0.05623626708984375,-0.03525787591934204,-0.014279425144195557,0.006699025630950928,0.027677476406097412,0.04865586757659912,0.0696343183517456,0.0906127393245697,0.1115911602973938,0.13256961107254028,0.15354803204536438,0.17452648282051086,0.19550490379333496,0.21648332476615906,0.23746177554130554,0.25844019651412964,0.2794186472892761,0.3003970682621002,0.3213754892349243,0.3423539400100708,0.3633323609828949,0.384310781955719,0.4052892327308655,0.4262676537036896,0.44724607467651367,0.46822452545166016,0.48920294642448425,0.5101813673973083,0.5311598181724548]},