{"epoch":10,"gradients/gat1.heads.0.attn_fc.weight":0.005556875839829445,"train/loss":0.6740906238555908,"val/loss":0.6757343411445618,"train/accuracy":0.568,"_timestamp":1.7309826263079448e+09,"gradients/gat1.heads.1.attn_fc.weight":0.0015667557017877698,"confusion_matrix_table":{"size":132,"artifact_path":"wandb-client-artifact://ldjkl4kojbb1bio2nr2qyey1htsk0edh550efmlvr7vtlrmbhynbrekyj5arrczysez9m1d67h2u2e9re7nnvfqk4lzeghlzz92i3wgl44ulnoxg8jys1beqmaox4vif/confusion_matrix_table.table.json","_latest_artifact_path":"wandb-client-artifact://c3deb4bni82xv7gmwnrtqpvp5ygxmtqoveqnuhbtfl51x69vhpugadac6bu1con7e4lsul34r63borc62q1akg7bkcum51lzbm5t24dtj8av675lkav1dgqzspm5z3s0:latest/confusion_matrix_table.table.json","path":"media/table/confusion_matrix_table_18_42fcd583fc53f12996dc.table.json","ncols":3,"nrows":4,"_type":"table-file","sha256":"42fcd583fc53f12996dce52c95a6598745d755914f59bd0d19a13ab5161d9681"},"_runtime":108.6948098,"gradients/gat1.heads.1.fc.weight":0.014440610073506832,"gradients/gat1.heads.2.fc.weight":0.013541155494749546,"val/accuracy":0.5555555555555556,"gradients/classifier.weight":0.11696426570415497,"gradients/gat1.heads.0.fc.weight":0.020131930708885193,"_wandb":{"runtime":108},"_step":19,"train/f1_score":0.41151020408163264,"gradients/classifier.bias":0.1035863533616066,"gradients/gat1.heads.2.attn_fc.weight":0.0009522828622721136,"val/f1_score":0.39682539682539686}