{"parameters/graph_22classifier.bias":{"_type":"histogram","values":[1,0,0,0,0,0,0,0,0,0,0,0,0,0,0,0,0,0,0,0,0,0,0,0,0,0,0,0,0,0,0,0,0,0,0,0,0,0,0,0,0,0,0,0,0,0,0,0,0,0,0,0,0,0,0,0,0,0,0,0,0,0,0,1],"bins":[-0.12382394075393677,-0.1172947883605957,-0.11076563596725464,-0.10423648357391357,-0.09770733118057251,-0.09117817878723145,-0.08464902639389038,-0.07811987400054932,-0.07159072160720825,-0.06506156921386719,-0.05853242427110672,-0.052003271877765656,-0.04547411948442459,-0.03894496709108353,-0.03241581469774246,-0.025886662304401398,-0.019357509911060333,-0.012828357517719269,-0.006299205124378204,0.0002299472689628601,0.006759092211723328,0.013288244605064392,0.019817396998405457,0.02634654939174652,0.032875701785087585,0.03940485417842865,0.045934006571769714,0.05246315896511078,0.05899231135845184,0.06552146375179291,0.07205061614513397,0.07857976853847504,0.0851089209318161,0.09163807332515717,0.09816722571849823,0.1046963781118393,0.11122553050518036,0.11775468289852142,0.12428383529186249,0.13081298768520355,0.13734214007854462,0.14387129247188568,0.15040044486522675,0.1569295972585678,0.16345874965190887,0.16998788714408875,0.1765170395374298,0.18304619193077087,0.18957534432411194,0.196104496717453,0.20263364911079407,0.20916280150413513,0.2156919538974762,0.22222110629081726,0.22875025868415833,0.2352794110774994,0.24180856347084045,0.24833771586418152,0.2548668682575226,0.26139602065086365,0.2679251730442047,0.2744543254375458,0.28098347783088684,0.2875126302242279,0.29404178261756897]},"train_accuracy":0.6,"gradients/graph_22classifier.weight":{"_type":"histogram","values":[1,0,0,1,0,2,0,0,3,0,0,0,0,0,0,0,2,0,0,0,1,0,0,0,0,1,1,1,0,1,1,1,1,1,1,0,1,1,1,0,0,0,0,1,0,0,0,2,0,0,0,0,0,0,0,3,0,0,2,0,1,0,0,1],"bins":[-0.02206329256296158,-0.021373813971877098,-0.020684337243437767,-0.019994858652353287,-0.019305381923913956,-0.018615903332829475,-0.017926424741744995,-0.017236948013305664,-0.016547469422221184,-0.015857990831136703,-0.015168514102697372,-0.014479035511612892,-0.013789557851850986,-0.01310008019208908,-0.0124106016010046,-0.011721123941242695,-0.01103164628148079,-0.010342168621718884,-0.009652690961956978,-0.008963212370872498,-0.008273734711110592,-0.007584257051348686,-0.006894778460264206,-0.006205301731824875,-0.005515823140740395,-0.004826344549655914,-0.004136867821216583,-0.003447389230132103,-0.0027579106390476227,-0.0020684339106082916,-0.0013789553195238113,-0.0006894785910844803,0,0.0006894785910844803,0.0013789553195238113,0.0020684339106082916,0.0027579106390476227,0.003447389230132103,0.004136867821216583,0.004826344549655914,0.005515823140740395,0.006205301731824875,0.006894778460264206,0.007584257051348686,0.008273734711110592,0.008963212370872498,0.009652690961956978,0.010342168621718884,0.01103164628148079,0.011721123941242695,0.0124106016010046,0.01310008019208908,0.013789557851850986,0.014479035511612892,0.015168514102697372,0.015857990831136703,0.016547469422221184,0.017236948013305664,0.017926424741744995,0.018615903332829475,0.019305381923913956,0.019994858652353287,0.020684337243437767,0.021373813971877098,0.02206329256296158]},"parameters/graph_22classifier.weight":{"_type":"histogram","values":[1,0,1,0,1,1,0,0,0,1,0,0,0,0,0,0,2,1,1,1,0,1,0,0,1,0,1,2,0,2,0,0,1,1,1,1,0,0,0,2,0,0,2,0,0,0,1,1,0,0,1,0,0,0,0,0,0,0,1,2,0,0,0,1],"bins":[-0.3514450788497925,-0.34014636278152466,-0.3288476765155792,-0.3175489902496338,-0.30625027418136597,-0.29495155811309814,-0.2836528718471527,-0.2723541855812073,-0.26105546951293945,-0.24975676834583282,-0.2384580671787262,-0.22715936601161957,-0.21586066484451294,-0.2045619636774063,-0.19326326251029968,-0.18196456134319305,-0.17066586017608643,-0.1593671590089798,-0.14806845784187317,-0.13676975667476654,-0.1254710555076599,-0.11417235434055328,-0.10287365317344666,-0.09157496690750122,-0.0802762508392334,-0.06897753477096558,-0.05767884850502014,-0.04638016223907471,-0.035081446170806885,-0.023782730102539062,-0.012484043836593628,-0.0011853575706481934,0.010113328695297241,0.021412044763565063,0.0327107310295105,0.04400941729545593,0.055308133363723755,0.06660684943199158,0.07790553569793701,0.08920422196388245,0.10050293803215027,0.11180165410041809,0.12310034036636353,0.13439904153347015,0.14569774270057678,0.1569964438676834,0.16829514503479004,0.17959384620189667,0.1908925473690033,0.20219124853610992,0.21348994970321655,0.22478865087032318,0.2360873520374298,0.24738605320453644,0.25868475437164307,0.2699834704399109,0.2812821567058563,0.29258084297180176,0.3038795590400696,0.3151782751083374,0.32647696137428284,0.33777564764022827,0.3490743637084961,0.3603730797767639,0.37167176604270935]},"gradients/graph_22gat1.heads.0.attn_fc.weight":{"values":[1,0,0,0,0,0,0,0,0,1,0,0,0,0,0,0,0,0,0,0,0,0,0,0,0,0,0,0,2,0,2,1,2,3,0,1,0,0,0,0,0,0,0,0,0,1,0,0,0,0,1,0,0,0,0,0,0,0,0,0,0,0,0,1],"bins":[-0.00248119980096817,-0.002403286751359701,-0.0023253734689205885,-0.0022474604193121195,-0.0021695473697036505,-0.002091634087264538,-0.002013721037656069,-0.0019358079880475998,-0.001857894822023809,-0.0017799816560000181,-0.0017020686063915491,-0.0016241554403677583,-0.0015462422743439674,-0.0014683292247354984,-0.0013904160587117076,-0.0013125030091032386,-0.0012345898430794477,-0.001156676677055657,-0.001078763627447188,-0.001000850461423397,-0.0009229374118149281,-0.0008450242457911372,-0.0007671110797673464,-0.0006891980301588774,-0.0006112848641350865,-0.0005333716981112957,-0.0004554586485028267,-0.0003775455988943577,-0.000299632316455245,-0.000221719266846776,-0.000143806217238307,-6.589293479919434e-05,1.2020114809274673e-05,8.993316441774368e-05,0.00016784644685685635,0.00024575949646532536,0.00032367254607379436,0.00040158582851290703,0.00047949887812137604,0.000557411927729845,0.0006353250937536359,0.0007132382597774267,0.0007911513093858957,0.0008690644754096866,0.0009469776414334774,0.0010248906910419464,0.0011028038570657372,0.0011807169066742063,0.001258630072697997,0.001336543238721788,0.001414456288330257,0.0014923694543540478,0.0015702825039625168,0.0016481956699863076,0.0017261088360100985,0.0018040218856185675,0.0018819350516423583,0.001959848217666149,0.002037761267274618,0.002115674316883087,0.0021935875993222,0.002271500648930669,0.002349413698539138,0.0024273269809782505,0.0025052400305867195],"_type":"histogram"},"val_f1":0.6051282051282051,"_wandb":{"runtime":8},"epoch":5,"_step":4,"gradients/graph_22gat1.heads.0.fc.weight":{"_type":"histogram","values":[1,0,1,0,0,0,0,0,0,0,1,1,0,0,0,1,1,1,0,0,2,3,2,1,1,1,2,1,3,0,3,0,4,0,1,1,2,1,0,2,1,0,0,2,1,1,0,0,1,2,2,0,0,0,0,0,0,0,0,0,0,0,0,1],