{"gradients/graph_15gat1.heads.0.fc.weight":{"values":[1,0,1,0,0,0,0,0,0,0,0,0,0,0,1,0,0,1,1,0,0,0,0,1,1,3,0,0,2,3,4,7,4,7,5,6,10,3,7,7,0,1,0,2,2,1,0,1,4,0,2,1,1,0,0,1,1,1,1,0,0,1,0,1],"bins":[-0.03372878581285477,-0.03272829204797745,-0.03172780200839043,-0.030727308243513107,-0.029726816341280937,-0.028726324439048767,-0.027725830674171448,-0.026725338771939278,-0.025724846869707108,-0.024724353104829788,-0.023723861202597618,-0.022723369300365448,-0.02172287553548813,-0.02072238363325596,-0.01972189173102379,-0.01872139796614647,-0.0177209060639143,-0.01672041416168213,-0.01571992039680481,-0.01471942849457264,-0.01371893659234047,-0.01271844282746315,-0.01171795092523098,-0.01071745902299881,-0.00971696525812149,-0.00871647335588932,-0.00771598145365715,-0.00671548955142498,-0.005714995786547661,-0.004714503884315491,-0.0037140119820833206,-0.0027135182172060013,-0.001713024452328682,-0.0007125325500965118,0.0002879612147808075,0.0012884531170129776,0.0022889450192451477,0.003289438784122467,0.004289930686354637,0.005290422588586807,0.006290914490818977,0.007291408255696297,0.008291900157928467,0.009292392060160637,0.010292885825037956,0.011293377727270126,0.012293869629502296,0.013294363394379616,0.014294855296611786,0.01529534813016653,0.016295839101076126,0.017296332865953445,0.018296824768185616,0.019297316670417786,0.020297810435295105,0.021298302337527275,0.022298794239759445,0.023299288004636765,0.024299779906868935,0.025300271809101105,0.026300765573978424,0.027301257476210594,0.028301749378442764,0.029302243143320084,0.030302735045552254],"_type":"histogram"},"epoch":5,"parameters/graph_15classifier.bias":{"_type":"histogram","values":[1,0,0,0,0,0,0,0,0,0,0,0,0,0,0,0,0,0,0,0,0,0,0,0,0,0,0,0,0,0,0,0,0,0,0,0,0,0,0,0,0,0,0,0,0,0,0,0,0,0,0,0,0,0,0,0,0,0,0,0,0,0,0,1],"bins":[-0.15398411452770233,-0.15200479328632355,-0.15002547204494476,-0.14804615080356598,-0.1460668295621872,-0.1440875083208084,-0.14210818707942963,-0.14012886583805084,-0.13814954459667206,-0.13617022335529327,-0.1341909021139145,-0.1322115808725357,-0.13023225963115692,-0.12825293838977814,-0.12627360224723816,-0.12429428845643997,-0.12231496721506119,-0.1203356459736824,-0.11835632473230362,-0.11637700349092484,-0.11439768224954605,-0.11241835355758667,-0.11043903231620789,-0.1084597110748291,-0.10648038983345032,-0.10450106859207153,-0.10252174735069275,-0.10054242610931396,-0.09856310486793518,-0.0965837836265564,-0.09460446238517761,-0.09262514114379883,-0.09064581990242004,-0.08866649866104126,-0.08668717741966248,-0.08470785617828369,-0.08272853493690491,-0.08074920624494553,-0.07876988500356674,-0.07679056376218796,-0.07481124252080917,-0.07283192127943039,-0.0708526000380516,-0.06887327879667282,-0.06689395010471344,-0.06491462886333466,-0.06293530762195587,-0.060955990105867386,-0.0589766688644886,-0.05699734762310982,-0.05501802638173103,-0.05303870141506195,-0.051059380173683167,-0.04908005893230438,-0.0471007376909256,-0.045121416449546814,-0.04314209520816803,-0.041162773966789246,-0.03918345272541046,-0.03720413148403168,-0.03522481024265289,-0.03324548527598381,-0.031266164034605026,-0.029286842793226242,-0.027307521551847458]},"_runtime":9.0899846,"gradients/graph_15classifier.weight":{"bins":[-0.0765998587012291,-0.07420611381530762,-0.07181236892938614,-0.06941862404346466,-0.06702487915754318,-0.0646311342716217,-0.06223738566040993,-0.05984363704919815,-0.05744989216327667,-0.055056147277355194,-0.052662402391433716,-0.05026865750551224,-0.04787491261959076,-0.04548116773366928,-0.043087419122457504,-0.040693674236536026,-0.03829992935061455,-0.03590618446469307,-0.03351243957877159,-0.031118690967559814,-0.028724946081638336,-0.026331201195716858,-0.02393745630979538,-0.0215437114238739,-0.019149966537952423,-0.016756217926740646,-0.014362473040819168,-0.011968724429607391,-0.009574979543685913,-0.007181234657764435,-0.0047874897718429565,-0.0023937448859214783,0,0.0023937448859214783,0.0047874897718429565,0.007181234657764435,0.009574979543685913,0.011968724429607391,0.014362473040819168,0.016756217926740646,0.019149966537952423,0.0215437114238739,0.02393745630979538,0.026331201195716858,0.028724946081638336,0.031118690967559814,0.03351243957877159,0.03590618446469307,0.03829992935061455,0.040693674236536026,0.043087419122457504,0.04548116773366928,0.04787491261959076,0.05026865750551224,0.052662402391433716,0.055056147277355194,0.05744989216327667,0.05984363704919815,0.06223738566040993,0.0646311342716217,0.06702487915754318,0.06941862404346466,0.07181236892938614,0.07420611381530762,0.0765998587012291],"_type":"histogram","values":[2,0,0,1,0,0,0,0,0,0,0,0,1,0,1,0,0,1,1,0,0,2,0,2,0,0,1,0,5,6,4,5,5,4,6,5,0,1,0,0,2,0,2,0,0,1,1,0,0,1,0,1,0,0,0,0,0,0,0,0,1,0,0,2]},"val_f1":0.5436507936507936,"gradients/graph_15gat1.heads.1.attn_fc.weight":{"bins":[-0.0048730275593698025,-0.004663248546421528,-0.004453469067811966,-0.004243689589202404,-0.004033910576254129,-0.003824131330475211,-0.003614352084696293,-0.0034045728389173746,-0.0031947935931384563,-0.002985014347359538,-0.00277523510158062,-0.0025654558558017015,-0.0023556766100227833,-0.002145897364243865,-0.0019361181184649467,-0.0017263388726860285,-0.0015165596269071102,-0.001306780381128192,-0.0010970011353492737,-0.0008872221224009991,-0.0006774426437914371,-0.00046766316518187523,-0.0002578841522336006,-4.8105139285326004e-05,0.00016167433932423592,0.00037145381793379784,0.0005812328308820724,0.0007910118438303471,0.001000791322439909,0.001210570801049471,0.0014203498139977455,0.0016301288269460201,0.0018399078398942947,0.0020496873185038567,0.0022594663314521313,0.002469245344400406,0.002679024823009968,0.0028888043016195297,0.0030985833145678043,0.003308362327516079,0.003518141806125641,0.003727921284735203,0.003937700297683477,0.004147479310631752,0.004357258789241314,0.004567038267850876,0.0047768172807991505,0.004986596293747425,0.005196375772356987,0.005406155250966549,0.0056159342639148235,0.005825713276863098,0.00603549275547266,0.006245272234082222,0.006455051247030497,0.006664830259978771,0.006874609738588333,0.007084389217197895,0.00729416823014617,0.007503947243094444,0.007713726721704006,0.007923506200313568,0.008133284747600555,0.008343064226210117,0.00855284370481968],"_type":"histogram","values":[2,0,1,1,0,1,0,0,0,0,0,3,0,0,0,0,0,0,1,1,0,1,2,3,2,2,2,2,0,0,1,0,0,1,0,2,0,1,1,0,0,0,0,0,0,0,0,0,0,0,0,0,1,0,0,0,0,0,0,0,0,0,0,1]},"gradients/graph_15classifier.bias":{"_type":"histogram","values":[1,0,0,0,0,0,0,0,0,0,0,0,0,0,0,0,0,0,0,0,0,0,0,0,0,0,0,0,0,0,0,0,0,0,0,0,0,0,0,0,0,0,0,0,0,0,0,0,0,0,0,0,0,0,0,0,0,0,0,0,0,0,0,1],