{"_runtime":9.4103402,"_timestamp":1.7316936068440082e+09,"parameters/classifier.bias":{"values":[1,0,0,0,0,0,0,0,0,0,0,0,0,0,0,0,0,0,0,0,0,0,0,0,0,0,0,0,0,0,0,0,0,0,0,0,0,0,0,0,0,0,0,0,0,0,0,0,0,0,0,0,0,0,0,0,0,0,0,0,0,0,0,1],"bins":[-0.10885212570428848,-0.10865551233291626,-0.10845889151096344,-0.10826227813959122,-0.108065664768219,-0.10786904394626617,-0.10767243057489395,-0.10747581720352173,-0.10727919638156891,-0.10708258301019669,-0.10688596963882446,-0.10668934881687164,-0.10649273544549942,-0.1062961220741272,-0.10609950125217438,-0.10590288788080215,-0.10570627450942993,-0.10550965368747711,-0.10531304031610489,-0.10511641949415207,-0.10491980612277985,-0.10472319275140762,-0.1045265719294548,-0.10432995855808258,-0.10413334518671036,-0.10393672436475754,-0.10374011099338531,-0.10354349762201309,-0.10334687680006027,-0.10315026342868805,-0.10295365005731583,-0.102757029235363,-0.10256041586399078,-0.10236380249261856,-0.10216718167066574,-0.10197056829929352,-0.1017739549279213,-0.10157733410596848,-0.10138072073459625,-0.10118410736322403,-0.10098748654127121,-0.10079087316989899,-0.10059425979852676,-0.10039763897657394,-0.10020102560520172,-0.1000044122338295,-0.09980779141187668,-0.09961117804050446,-0.09941455721855164,-0.09921794384717941,-0.09902133047580719,-0.09882470965385437,-0.09862809628248215,-0.09843148291110992,-0.0982348620891571,-0.09803824871778488,-0.09784163534641266,-0.09764501452445984,-0.09744840115308762,-0.0972517877817154,-0.09705516695976257,-0.09685855358839035,-0.09666194021701813,-0.09646531939506531,-0.09626870602369308],"_type":"histogram"},"_step":0,"parameters/gat1.heads.0.fc.weight":{"_type":"histogram","values":[1,0,0,1,2,0,1,2,0,3,0,3,3,0,2,1,3,1,2,3,2,2,0,1,2,0,2,2,4,2,0,2,3,1,4,2,0,0,0,1,1,0,1,3,2,0,1,0,0,1,0,0,1,1,0,1,0,0,1,0,0,0,0,1],"bins":[-0.761764407157898,-0.731728196144104,-0.7016919851303101,-0.6716557741165161,-0.6416196227073669,-0.611583411693573,-0.581547200679779,-0.5515109896659851,-0.5214748382568359,-0.4914385974407196,-0.46140241622924805,-0.4313662052154541,-0.40132999420166016,-0.3712938129901886,-0.34125760197639465,-0.3112214207649231,-0.28118520975112915,-0.2511489987373352,-0.22111278772354126,-0.1910766363143921,-0.16104042530059814,-0.1310042142868042,-0.10096800327301025,-0.07093179225921631,-0.04089558124542236,-0.010859429836273193,0.019176781177520752,0.0492129921913147,0.07924920320510864,0.10928541421890259,0.13932156562805176,0.1693577766418457,0.19939398765563965,0.2294301986694336,0.25946640968322754,0.2895025610923767,0.31953877210617065,0.3495749831199646,0.37961119413375854,0.4096474051475525,0.43968355655670166,0.4697197675704956,0.49975597858428955,0.5297921895980835,0.5598284006118774,0.5898646116256714,0.6199007630348206,0.6499369740486145,0.6799731850624084,0.7100093960762024,0.7400455474853516,0.7700817584991455,0.8001179695129395,0.8301541805267334,0.8601903915405273,0.8902266025543213,0.9202628135681152,0.9502989649772644,0.9803351759910583,1.010371446609497,1.0404075384140015,1.0704437494277954,1.1004799604415894,1.1305161714553833,1.1605523824691772]},"parameters/classifier.weight":{"_type":"histogram","values":[1,0,1,1,2,1,2,0,1,0,0,1,1,0,2,1,0,0,2,2,2,1,4,0,0,1,2,0,2,2,2,2,1,3,0,1,0,2,0,2,1,1,1,2,1,0,1,0,3,0,2,1,2,2,0,2,0,0,4,0,0,1,2,1],"bins":[-0.16809383034706116,-0.16303107142448425,-0.15796829760074615,-0.15290552377700806,-0.14784276485443115,-0.14278000593185425,-0.13771723210811615,-0.13265445828437805,-0.12759169936180115,-0.12252893298864365,-0.11746616661548615,-0.11240340024232864,-0.10734063386917114,-0.10227786749601364,-0.09721510112285614,-0.09215233474969864,-0.08708956837654114,-0.08202680200338364,-0.07696403563022614,-0.07190126925706863,-0.06683850288391113,-0.06177573651075363,-0.05671297013759613,-0.05165020376443863,-0.04658743739128113,-0.041524678468704224,-0.036461904644966125,-0.03139913082122803,-0.026336371898651123,-0.02127361297607422,-0.01621083915233612,-0.011148065328598022,-0.006085306406021118,-0.0010225474834442139,0.004040226340293884,0.009103000164031982,0.014165759086608887,0.01922851800918579,0.02429129183292389,0.029354065656661987,0.03441682457923889,0.03947959095239639,0.044542357325553894,0.049605123698711395,0.054667890071868896,0.0597306564450264,0.0647934228181839,0.0698561891913414,0.0749189555644989,0.0799817219376564,0.0850444883108139,0.0901072546839714,0.0951700210571289,0.10023278743028641,0.10529555380344391,0.11035832017660141,0.11542108654975891,0.12048385292291641,0.1255466192960739,0.130609393119812,0.13567215204238892,0.14073491096496582,0.14579768478870392,0.15086045861244202,0.15592321753501892]},"train_accuracy":0.632,"parameters/gat1.heads.0.attn_fc.weight":{"bins":[-0.6139792203903198,-0.5933552384376526,-0.5727312564849854,-0.5521073341369629,-0.5314833521842957,-0.5108593702316284,-0.49023541808128357,-0.4696114659309387,-0.4489874839782715,-0.42836350202560425,-0.4077395498752594,-0.38711559772491455,-0.3664916157722473,-0.3458676338195801,-0.32524368166923523,-0.3046197295188904,-0.28399574756622314,-0.2633717656135559,-0.24274781346321106,-0.2221238613128662,-0.20149987936019897,-0.18087589740753174,-0.1602519452571869,-0.13962799310684204,-0.1190040111541748,-0.09838002920150757,-0.07775604724884033,-0.05713212490081787,-0.036508142948150635,-0.0158841609954834,0.0047397613525390625,0.0253637433052063,0.04598778486251831,0.06661176681518555,0.08723574876785278,0.10785967111587524,0.12848365306854248,0.14910763502120972,0.16973155736923218,0.19035553932189941,0.21097952127456665,0.2316035032272339,0.25222745537757874,0.2728514075279236,0.2934753894805908,0.31409937143325806,0.3347233235836029,0.35534727573394775,0.375971257686615,0.3965952396392822,0.4172191917896271,0.4378431439399719,0.45846712589263916,0.4790911078453064,0.49971505999565125,0.5203390121459961,0.5409629940986633,0.5615869760513306,0.582210898399353,0.6028348803520203,0.6234588623046875,0.6440828442573547,0.664706826210022,0.6853307485580444,0.7059547305107117],"_type":"histogram","values":[1,0,0,0,0,0,0,0,0,1,0,1,0,0,0,0,0,0,1,3,0,1,0,1,1,2,0,0,1,0,0,0,3,0,0,0,1,0,0,0,0,0,0,2,0,1,1,0,0,0,0,0,0,0,0,1,1,0,0,0,0,0,0,1]},"_wandb":{"runtime":9},"parameters/gat1.heads.2.attn_fc.weight":{"bins":[-0.7379589080810547,-0.7161811590194702,-0.694403350353241,-0.6726256012916565,-0.650847852230072,-0.6290701031684875,-0.6072922945022583,-0.5855145454406738,-0.5637367963790894,-0.5419590473175049,-0.5201812386512756,-0.49840348958969116,-0.4766257107257843,-0.45484796166419983,-0.43307018280029297,-0.4112924337387085,-0.38951465487480164,-0.3677368760108948,-0.3459591269493103,-0.32418134808540344,-0.30240359902381897,-0.2806258201599121,-0.25884807109832764,-0.23707032203674316,-0.21529251337051392,-0.19351476430892944,-0.17173701524734497,-0.14995920658111572,-0.12818145751953125,-0.10640370845794678,-0.0846259593963623,-0.06284815073013306,-0.041070401668548584,-0.01929265260696411,0.0024851560592651367,0.02426290512084961,0.04604065418243408,0.06781840324401855,0.0895962119102478,0.11137396097183228,0.13315171003341675,0.154929518699646,0.17670726776123047,0.19848501682281494,0.2202627956867218,0.24204054474830627,0.26381832361221313,0.2855960726737976,0.30737385153770447,0.32915163040161133,0.3509293794631958,0.37270715832710266,0.39448490738868713,0.416262686252594,0.43804043531417847,0.4598182141780853,0.4815959930419922,0.5033737421035767,0.5251514911651611,0.5469292998313904,0.5687070488929749,0.5904847979545593,0.6122625470161438,0.634040355682373,0.6558181047439575],"_type":"histogram","values":[1,1,0,0,0,0,0,0,0,2,0,1,1,0,0,0,2,0,0,3,0,0,1,0,0,0,0,0,0,0,0,1,1,1,0,0,1,0,1,0,0,0,0,1,0,0,1,1,1,0,0,0,0,0,0,0,0,0,0,0,0,1,1,1]},"train_loss":0.6632045656442642,"val_loss":0.6182908415794373,"val_f1":0.6790123456790123,"epoch":1,"parameters/gat1.heads.2.fc.weight":{"values":[1,0,0,0,0,0,0,0,0,1,0,0,0,0,0,0,0,1,0,0,0,1,0,1,1,0,1,4,2,2,6,1,3,1,2,1,3,1,3,3,3,1,3,3,0,2,1,2,3,1,0,3,2,3,2,0,1,0,1,1,0,0,0,1],