{"train_accuracy":0.616,"_runtime":10.1524478,"train_loss":0.636908121407032,"parameters/gat1.heads.0.fc.weight":{"_type":"histogram","values":[1,0,0,0,0,0,0,0,0,0,0,0,0,1,0,0,0,1,1,1,2,1,0,0,1,0,1,0,2,2,2,1,2,4,1,4,1,2,2,1,3,2,4,1,2,3,3,2,1,2,2,2,4,2,0,0,0,1,0,2,0,0,1,1],"bins":[-1.2363828420639038,-1.2024494409561157,-1.1685161590576172,-1.134582757949829,-1.1006494760513306,-1.0667160749435425,-1.032782793045044,-0.9988493919372559,-0.9649160504341125,-0.9309827089309692,-0.8970493674278259,-0.8631160259246826,-0.8291826248168945,-0.795249342918396,-0.7613159418106079,-0.7273826003074646,-0.6934492588043213,-0.659515917301178,-0.6255825757980347,-0.5916492342948914,-0.557715892791748,-0.52378249168396,-0.48984915018081665,-0.45591580867767334,-0.42198246717453003,-0.3880491256713867,-0.3541157841682434,-0.3201824426651001,-0.286249041557312,-0.2523157000541687,-0.2183823585510254,-0.18444907665252686,-0.15051555633544922,-0.11658215522766113,-0.0826488733291626,-0.04871553182601929,-0.014782190322875977,0.01915121078491211,0.05308455228805542,0.08701789379119873,0.12095123529434204,0.15488457679748535,0.18881791830062866,0.22275125980377197,0.25668466091156006,0.29061800241470337,0.3245513439178467,0.35848468542099,0.3924180269241333,0.4263513684272766,0.4602847099304199,0.4942180812358856,0.5281513929367065,0.5620847940444946,0.5960181355476379,0.6299514770507812,0.6638848185539246,0.6978181600570679,0.7317515015602112,0.7656848430633545,0.7996182441711426,0.8335515856742859,0.8674849271774292,0.9014182686805725,0.9353516101837158]},"parameters/classifier.weight":{"bins":[-0.5025630593299866,-0.4857640862464905,-0.4689651131629944,-0.4521661400794983,-0.4353671669960022,-0.4185681939125061,-0.40176922082901,-0.3849702477455139,-0.3681712746620178,-0.35137230157852173,-0.33457332849502563,-0.31777435541152954,-0.30097541213035583,-0.28417643904685974,-0.26737746596336365,-0.25057849287986755,-0.23377951979637146,-0.21698054671287537,-0.20018157362937927,-0.18338260054588318,-0.16658362746238708,-0.149784654378891,-0.1329856812953949,-0.1161867082118988,-0.0993877649307251,-0.082588791847229,-0.06578981876373291,-0.048990845680236816,-0.03219187259674072,-0.015392899513244629,0.0014060735702514648,0.01820504665374756,0.03500401973724365,0.051802992820739746,0.06860196590423584,0.08540093898773193,0.10219991207122803,0.11899888515472412,0.13579785823822021,0.1525968313217163,0.1693958044052124,0.1861947476863861,0.2029937207698822,0.2197926938533783,0.2365916669368744,0.2533906400203705,0.2701896131038666,0.28698858618736267,0.30378755927085876,0.32058653235435486,0.33738550543785095,0.35418447852134705,0.37098345160484314,0.38778239488601685,0.40458136796951294,0.42138034105300903,0.4381793141365051,0.4549782872200012,0.4717772603034973,0.4885762333869934,0.5053752064704895,0.5221741795539856,0.5389731526374817,0.5557721257209778,0.5725710988044739],"_type":"histogram","values":[2,1,0,0,0,0,1,0,0,1,0,2,0,0,1,1,0,0,0,0,0,1,0,0,1,1,0,0,0,0,1,0,0,1,1,0,1,1,1,0,1,0,1,0,0,0,0,1,0,0,0,1,0,0,0,0,0,1,0,0,0,0,0,1]},"_step":4,"parameters/gat1.heads.0.attn_fc.weight":{"_type":"histogram","values":[1,0,0,0,0,0,0,0,1,0,0,0,0,1,0,1,0,0,0,0,2,1,0,2,0,0,0,1,1,2,1,0,0,0,1,0,0,0,0,1,0,1,0,1,0,0,0,0,1,0,0,0,0,1,1,0,0,0,0,0,1,1,0,1],"bins":[-0.9272964596748352,-0.9022238850593567,-0.8771512508392334,-0.8520786762237549,-0.8270061016082764,-0.8019334673881531,-0.7768608927726746,-0.7517882585525513,-0.7267156839370728,-0.7016431093215942,-0.676570475101471,-0.6514979004859924,-0.6264252662658691,-0.6013526916503906,-0.5762801170349121,-0.5512075424194336,-0.5261349081993103,-0.501062273979187,-0.4759896993637085,-0.45091712474823,-0.4258444905281067,-0.4007719159126282,-0.37569934129714966,-0.35062670707702637,-0.32555413246154785,-0.30048155784606934,-0.27540892362594604,-0.25033634901046753,-0.225263774394989,-0.20019114017486572,-0.1751185655593872,-0.15004593133926392,-0.12497329711914062,-0.09990072250366211,-0.07482808828353882,-0.0497555136680603,-0.02468287944793701,0.0003896951675415039,0.02546226978302002,0.05053490400314331,0.07560747861862183,0.10068005323410034,0.12575268745422363,0.15082526206970215,0.17589783668518066,0.20097047090530396,0.22604304552078247,0.2511156499385834,0.2761882543563843,0.3012608587741852,0.3263334631919861,0.3514060378074646,0.3764786422252655,0.4015512466430664,0.4266238212585449,0.4516964256763458,0.47676903009414673,0.50184166431427,0.5269142389297485,0.551986813545227,0.5770593881607056,0.6021320223808289,0.6272045969963074,0.6522772312164307,0.6773498058319092]},"parameters/classifier.bias":{"bins":[-0.13819657266139984,-0.13243433833122253,-0.12667211890220642,-0.12090988457202911,-0.1151476576924324,-0.1093854308128357,-0.10362320393323898,-0.09786097705364227,-0.09209874272346497,-0.08633652329444885,-0.08057428896427155,-0.07481206208467484,-0.06904983520507812,-0.06328760832548141,-0.05752537399530411,-0.0517631471157074,-0.04600092023611069,-0.04023869335651398,-0.03447646647691727,-0.02871423214673996,-0.02295200526714325,-0.01718977838754654,-0.011427551507949829,-0.005665317177772522,9.690225124359131e-05,0.0058591365814208984,0.011621356010437012,0.01738359034061432,0.023145824670791626,0.02890804409980774,0.034670278429985046,0.04043249785900116,0.04619473218917847,0.051956966519355774,0.05771918594837189,0.0634814202785492,0.06924363970756531,0.07500587403774261,0.08076810836791992,0.08653032779693604,0.09229256212711334,0.09805478155612946,0.10381701588630676,0.10957924276590347,0.11534146964550018,0.1211036965250969,0.1268659234046936,0.1326281577348709,0.13839039206504822,0.14415261149406433,0.14991483092308044,0.15567708015441895,0.16143929958343506,0.16720151901245117,0.17296375334262848,0.1787259876728058,0.1844882071018219,0.1902504414319992,0.1960126757621765,0.20177489519119263,0.20753712952136993,0.21329934895038605,0.21906158328056335,0.22482380270957947,0.23058603703975677],"_type":"histogram","values":[1,0,0,0,0,0,0,0,0,0,0,0,0,0,0,0,0,0,0,0,0,0,0,0,0,0,0,0,0,0,0,0,0,0,0,0,0,0,0,0,0,0,0,0,0,0,0,0,0,0,0,0,0,0,0,0,0,0,0,0,0,0,0,1]},"train_f1":0.5205271105010295,"_timestamp":1.731699882323879e+09,"gradients/classifier.weight":{"values":[1,0,0,0,0,1,0,0,0,1,0,0,0,0,0,0,0,1,0,0,0,0,0,1,1,0,4,0,1,1,0,0,0,0,1,1,0,4,0,1,1,0,0,0,0,0,1,0,0,0,0,0,0,0,1,0,0,0,1,0,0,0,0,1],"bins":[-0.04342370852828026,-0.04206671938300133,-0.0407097265124321,-0.03935273736715317,-0.03799574449658394,-0.03663875535130501,-0.03528176248073578,-0.03392477333545685,-0.03256778046488762,-0.03121079131960869,-0.02985379844903946,-0.02849680930376053,-0.02713981829583645,-0.02578282728791237,-0.02442583627998829,-0.02306884527206421,-0.02171185426414013,-0.02035486325621605,-0.01899787224829197,-0.01764088124036789,-0.01628389023244381,-0.01492689922451973,-0.01356990821659565,-0.01221291720867157,-0.01085592806339264,-0.00949893519282341,-0.00814194604754448,-0.00678495317697525,-0.00542796403169632,-0.0040709711611270905,-0.00271398201584816,-0.0013569891452789307,0,0.0013569891452789307,0.00271398201584816,0.0040709711611270905,0.00542796403169632,0.00678495317697525,0.00814194604754448,0.00949893519282341,0.01085592806339264,0.01221291720867157,0.01356990821659565,0.01492689922451973,0.01628389023244381,0.01764088124036789,0.01899787224829197,0.02035486325621605,0.02171185426414013,0.02306884527206421,0.02442583627998829,0.02578282728791237,0.02713981829583645,0.02849680930376053,0.02985379844903946,0.03121079131960869,0.03256778046488762,0.03392477333545685,0.03528176248073578,0.03663875535130501,0.03799574449658394,0.03935273736715317,0.0407097265124321,0.04206671938300133,0.04342370852828026],"_type":"histogram"},"val_loss":0.6195612251758575,"_wandb":{"runtime":10},"val_f1":0.6608187134502925,"gradients/classifier.bias":{"values":[1,0,0,0,0,0,0,0,0,0,0,0,0,0,0,0,0,0,0,0,0,0,0,0,0,0,0,0,0,0,0,0,0,0,0,0,0,0,0,0,0,0,0,0,0,0,0,0,0,0,0,0,0,0,0,0,0,0,0,0,0,0,0,1],