{"_step":4,"val_loss":0.5870828479528427,"val_f1":0.7686274509803921,"gradients/graph_24gat1.heads.1.fc.weight":{"_type":"histogram","values":[1,0,0,0,1,1,0,0,1,0,0,0,0,0,1,0,0,1,0,2,1,0,0,0,0,1,1,2,0,2,0,1,0,0,0,0,0,0,1,0,0,0,0,0,0,0,2,0,0,0,1,0,1,0,0,0,0,1,1,0,0,0,0,1],"bins":[-0.01613280549645424,-0.01565505564212799,-0.015177307650446892,-0.014699557796120644,-0.01422180887311697,-0.013744059950113297,-0.013266310095787048,-0.012788561172783375,-0.012310812249779701,-0.011833063326776028,-0.011355314403772354,-0.010877564549446106,-0.010399815626442432,-0.009922066703438759,-0.00944431684911251,-0.008966567926108837,-0.008488819003105164,-0.00801107008010149,-0.0075333211570978165,-0.007055571302771568,-0.006577822379767895,-0.006100073456764221,-0.005622323602437973,-0.0051445746794342995,-0.004666825756430626,-0.004189076833426952,-0.003711327910423279,-0.0032335780560970306,-0.002755829133093357,-0.0022780802100896835,-0.0018003303557634354,-0.0013225814327597618,-0.0008448334410786629,-0.0003670845180749893,0.00011066440492868423,0.0005884142592549324,0.001066163182258606,0.0015439121052622795,0.0020216619595885277,0.0024994108825922012,0.002977159805595875,0.0034549087285995483,0.003932657651603222,0.00441040750592947,0.004888156428933144,0.005365905351936817,0.005843655206263065,0.006321404129266739,0.0067991530522704124,0.007276901975274086,0.007754651363939047,0.008232400752604008,0.008710149675607681,0.009187898598611355,0.009665647521615028,0.010143397375941277,0.01062114629894495,0.011098895221948624,0.011576645076274872,0.012054393999278545,0.012532142922282219,0.013009891845285892,0.013487640768289566,0.013965390622615814,0.014443139545619488]},"parameters/graph_24gat1.heads.0.attn_fc.weight":{"_type":"histogram","values":[1,0,0,0,0,0,0,0,0,0,1,0,0,0,0,0,0,0,0,0,1,0,0,0,0,0,0,1,0,0,0,1,0,0,0,0,0,0,0,0,0,1,0,1,0,0,0,0,0,0,0,0,0,0,0,0,0,0,0,0,0,0,0,1],"bins":[-1.01936936378479,-0.9853375554084778,-0.9513057470321655,-0.917273998260498,-0.8832421898841858,-0.8492103815078735,-0.8151785731315613,-0.781146764755249,-0.7471150159835815,-0.7130831480026245,-0.679051399230957,-0.6450195908546448,-0.6109877824783325,-0.576956033706665,-0.542924165725708,-0.5088924169540405,-0.47486060857772827,-0.440828800201416,-0.40679699182510376,-0.3727652430534363,-0.338733434677124,-0.30470162630081177,-0.2706698179244995,-0.23663800954818726,-0.202606201171875,-0.16857445240020752,-0.13454264402389526,-0.10051083564758301,-0.06647902727127075,-0.032447218894958496,0.0015845298767089844,0.035616397857666016,0.0696481466293335,0.10367989540100098,0.137711763381958,0.1717435121536255,0.20577532052993774,0.23980712890625,0.27383893728256226,0.3078707456588745,0.341902494430542,0.37593430280685425,0.4099661111831665,0.44399791955947876,0.478029727935791,0.5120615363121033,0.5460932850837708,0.580125093460083,0.6141569018363953,0.6481887102127075,0.682220458984375,0.716252326965332,0.7502840757369995,0.7843158841133118,0.818347692489624,0.8523794412612915,0.8864113092422485,0.920443058013916,0.9544748663902283,0.9885066747665405,1.022538423538208,1.056570291519165,1.0906020402908325,1.1246339082717896,1.158665657043457]},"train_f1":0.5954387351778656,"_runtime":20.2732876,"gradients/graph_24gat1.heads.0.attn_fc.weight":{"_type":"histogram","values":[1,0,0,0,0,0,0,0,0,0,0,0,0,0,0,1,0,1,0,0,0,0,0,1,0,0,0,0,0,1,0,0,0,0,0,0,1,0,0,0,0,0,0,0,0,0,0,1,0,0,0,0,0,0,0,0,0,0,0,0,0,0,0,1],"bins":[-0.00929261464625597,-0.008860256522893906,-0.008427899330854416,-0.007995542138814926,-0.007563184015452862,-0.007130826357752085,-0.006698468700051308,-0.006266111042350531,-0.005833753384649754,-0.0054013957269489765,-0.0049690380692481995,-0.004536680411547422,-0.004104322753846645,-0.0036719650961458683,-0.0032396074384450912,-0.002807249780744314,-0.002374892123043537,-0.00194253446534276,-0.001510176807641983,-0.0010778186842799187,-0.0006454614922404289,-0.00021310430020093918,0.00021925382316112518,0.0006516119465231895,0.0010839691385626793,0.001516326330602169,0.0019486844539642334,0.0023810425773262978,0.0028133997693657875,0.0032457569614052773,0.0036781150847673416,0.004110473208129406,0.00454283133149147,0.00497518852353096,0.0054075466468930244,0.005839904770255089,0.0062722619622945786,0.006704619154334068,0.007136977277696133,0.007569335401058197,0.008001692593097687,0.008434049785137177,0.008866407908499241,0.009298766031861305,0.009731123223900795,0.010163480415940285,0.010595838539302349,0.011028196662664413,0.011460553854703903,0.011892911046743393,0.012325269170105457,0.012757627293467522,0.013189984485507011,0.013622341677546501,0.014054699800908566,0.01448705792427063,0.01491941511631012,0.01535177230834961,0.0157841295003891,0.016216488555073738,0.016648845747113228,0.017081202939152718,0.017513561993837357,0.017945919185876846,0.018378276377916336]},"gradients/graph_24gat1.heads.0.fc.weight":{"values":[1,0,1,0,1,1,0,0,1,0,0,0,0,0,0,0,0,0,0,3,0,1,0,0,0,0,0,1,1,0,0,1,2,1,0,0,0,0,1,0,0,0,1,0,0,1,1,0,1,0,0,0,0,0,1,0,1,0,1,0,0,0,0,1],"bins":[-0.0069437636993825436,-0.006542152259498835,-0.006140540353953838,-0.005738928914070129,-0.0053373174741864204,-0.0049357060343027115,-0.004534094128757715,-0.004132482688874006,-0.0037308710161596537,-0.003329259343445301,-0.002927647903561592,-0.002526036463677883,-0.002124424558132887,-0.001722813118249178,-0.001321201678365469,-0.0009195897728204727,-0.0005179783329367638,-0.00011636689305305481,0.00028524501249194145,0.0006868564523756504,0.0010884678922593594,0.0014900793321430683,0.0018916907720267773,0.002293303143233061,0.00269491458311677,0.0030965260230004787,0.0034981374628841877,0.0038997489027678967,0.004301360342651606,0.004702972713857889,0.005104584153741598,0.005506195593625307,0.005907806567847729,0.006309418007731438,0.006711029447615147,0.007112640887498856,0.007514253258705139,0.007915864698588848,0.008317476138472557,0.008719087578356266,0.009120699018239975,0.009522310458123684,0.009923922829329967,0.010325534269213676,0.010727145709097385,0.011128757148981094,0.011530368588864803,0.011931980028748512,0.012333592399954796,0.01273520290851593,0.013136815279722214,0.013538426719605923,0.013940038159489632,0.014341650530695915,0.01474326103925705,0.015144873410463333,0.015546484850347042,0.01594809629023075,0.016349706798791885,0.01675131916999817,0.017152931541204453,0.017554542049765587,0.01795615442097187,0.018357764929533005,0.01875937730073929],"_type":"histogram"},"train_loss":0.6145227644592524,"gradients/graph_24classifier.bias":{"bins":[-0.010552026331424713,-0.01022227481007576,-0.009892524220049381,-0.009562772698700428,-0.00923302210867405,-0.008903270587325096,-0.008573519065976143,-0.00824376754462719,-0.007914016954600811,-0.007584265898913145,-0.007254514843225479,-0.006924763321876526,-0.00659501226618886,-0.006265261210501194,-0.005935509689152241,-0.005605758633464575,-0.005276007577776909,-0.004946256522089243,-0.004616505466401577,-0.004286753945052624,-0.003957002889364958,-0.003627251833677292,-0.0032975003123283386,-0.0029677492566406727,-0.0026379982009530067,-0.0023082466796040535,-0.001978496089577675,-0.0016487445682287216,-0.0013189930468797684,-0.0009892424568533897,-0.0006594909355044365,-0.00032974034547805786,1.1175870895385742e-08,0.00032976269721984863,0.0006595132872462273,0.0009892648085951805,0.0013190153986215591,0.0016487669199705124,0.0019785184413194656,0.0023082690313458443,0.0026380205526947975,0.0029677716083824635,0.0032975226640701294,0.0036272741854190826,0.003957025241106749,0.0042867762967944145,0.004616527818143368,0.004946278873831034,0.0052760299295187,0.005605780985206366,0.0059355320408940315,0.006265283562242985,0.006595034617930651,0.006924785673618317,0.00725453719496727,0.007584288250654936,0.007914039306342602,0.00824378989636898,0.008573541417717934,0.008903292939066887,0.00923304446041584,0.009562795050442219,0.009892546571791172,0.01022229716181755,0.010552048683166504],"_type":"histogram",