{"gradients/graph_25gat1.heads.1.attn_fc.weight":{"bins":[-0.018893692642450333,-0.018359841778874397,-0.01782599277794361,-0.017292141914367676,-0.01675829291343689,-0.016224442049860954,-0.015690593048930168,-0.015156742185354233,-0.014622892253100872,-0.014089042320847511,-0.01355519238859415,-0.01302134245634079,-0.012487491592764854,-0.011953642591834068,-0.011419791728258133,-0.010885941796004772,-0.010352091863751411,-0.00981824193149805,-0.00928439199924469,-0.00875054206699133,-0.008216692134737968,-0.007682841271162033,-0.007148991338908672,-0.006615141406655312,-0.006081291474401951,-0.00554744154214859,-0.005013591609895229,-0.004479741677641869,-0.003945890814065933,-0.0034120408818125725,-0.0028781909495592117,-0.0023443419486284256,-0.0018104920163750648,-0.0012766411527991295,-0.0007427921518683434,-0.0002089422196149826,0.00032490771263837814,0.0008587585762143135,0.0013926085084676743,0.001926458440721035,0.0024603083729743958,0.0029941583052277565,0.0035280082374811172,0.004061858169734478,0.004595709033310413,0.005129558965563774,0.005663408897817135,0.006197258830070496,0.006731108762323856,0.007264958694577217,0.007798808626830578,0.008332658559083939,0.008866509422659874,0.00940035842359066,0.009934209287166595,0.010468059219419956,0.011001909151673317,0.011535759083926678,0.012069609016180038,0.012603459879755974,0.01313730888068676,0.013671159744262695,0.014205009676516056,0.014738859608769417,0.015272709541022778],"_type":"histogram","values":[1,0,0,0,0,0,1,0,0,0,0,0,0,0,0,0,0,0,0,0,0,0,0,0,0,1,0,0,0,0,0,1,0,0,2,5,1,0,0,0,0,0,0,0,2,0,0,0,0,0,0,1,0,0,0,0,0,0,0,0,0,0,0,1]},"val_loss":0.6833470463752747,"parameters/graph_25gat1.heads.0.fc.weight":{"bins":[-1.0863367319107056,-1.056146502494812,-1.0259562730789185,-0.9957660436630249,-0.9655758142471313,-0.9353855848312378,-0.9051953554153442,-0.8750051259994507,-0.8448148965835571,-0.8146246671676636,-0.78443443775177,-0.7542442083358765,-0.7240539193153381,-0.6938636898994446,-0.663673460483551,-0.6334832310676575,-0.6032930016517639,-0.5731027722358704,-0.5429125428199768,-0.5127223134040833,-0.4825320839881897,-0.45234185457229614,-0.4221516251564026,-0.39196139574050903,-0.3617711067199707,-0.33158087730407715,-0.3013906478881836,-0.27120041847229004,-0.24101018905639648,-0.21081995964050293,-0.18062973022460938,-0.15043950080871582,-0.12024921178817749,-0.09005898237228394,-0.05986875295639038,-0.029678523540496826,0.0005117058753967285,0.030701935291290283,0.06089216470718384,0.09108239412307739,0.12127262353897095,0.15146291255950928,0.18165314197540283,0.2118433713912964,0.24203360080718994,0.2722238302230835,0.30241405963897705,0.3326042890548706,0.36279451847076416,0.3929847478866577,0.42317497730255127,0.4533652067184448,0.4835554361343384,0.5137456655502319,0.5439358949661255,0.574126124382019,0.6043163537979126,0.6345065832138062,0.6646968126296997,0.694887101650238,0.7250773310661316,0.7552675604820251,0.7854577898979187,0.8156480193138123,0.8458382487297058],"_type":"histogram","values":[1,0,0,0,0,0,0,0,3,0,0,1,2,0,0,2,1,0,1,1,1,3,0,2,1,0,0,2,2,0,1,0,2,2,1,2,1,1,1,0,1,0,0,2,0,2,0,1,2,2,0,1,0,0,0,0,0,1,0,1,0,0,0,1]},"parameters/graph_25classifier.bias":{"_type":"histogram","values":[1,0,0,0,0,0,0,0,0,0,0,0,0,0,0,0,0,0,0,0,0,0,0,0,0,0,0,0,0,0,0,0,0,0,0,0,0,0,0,0,0,0,0,0,0,0,0,0,0,0,0,0,0,0,0,0,0,0,0,0,0,0,0,1],"bins":[-0.0746028870344162,-0.07217816263437271,-0.06975343823432922,-0.06732871383428574,-0.06490398943424225,-0.06247926503419876,-0.060054536908864975,-0.05762981250882149,-0.055205088108778,-0.05278036370873451,-0.050355639308691025,-0.04793091118335724,-0.04550618678331375,-0.043081462383270264,-0.040656737983226776,-0.03823201358318329,-0.0358072891831398,-0.033382564783096313,-0.030957840383052826,-0.02853311598300934,-0.02610839158296585,-0.023683663457632065,-0.021258939057588577,-0.01883421465754509,-0.016409490257501602,-0.013984765857458115,-0.011560037732124329,-0.009135313332080841,-0.0067105889320373535,-0.004285864531993866,-0.0018611401319503784,0.0005635842680931091,0.0029883086681365967,0.005413033068180084,0.007837757468223572,0.01026248186826706,0.012687206268310547,0.015111930668354034,0.017536655068397522,0.019961383193731308,0.022386107593774796,0.024810831993818283,0.02723555639386177,0.029660280793905258,0.032085008919239044,0.03450973331928253,0.03693445771932602,0.03935918211936951,0.041783906519412994,0.04420863091945648,0.04663335531949997,0.04905807971954346,0.051482804119586945,0.05390752851963043,0.05633225664496422,0.058756981045007706,0.06118170544505119,0.06360642611980438,0.06603115797042847,0.06845588237047195,0.07088060677051544,0.07330533117055893,0.07573005557060242,0.0781547799706459,0.08057950437068939]},"_step":4,"gradients/graph_25classifier.bias":{"_type":"histogram","values":[1,0,0,0,0,0,0,0,0,0,0,0,0,0,0,0,0,0,0,0,0,0,0,0,0,0,0,0,0,0,0,0,0,0,0,0,0,0,0,0,0,0,0,0,0,0,0,0,0,0,0,0,0,0,0,0,0,0,0,0,0,0,0,1],"bins":[-0.06557424366474152,-0.06352505087852478,-0.061475854367017746,-0.05942665785551071,-0.057377465069293976,-0.05532826855778694,-0.05327907204627991,-0.05122987926006317,-0.04918068274855614,-0.0471314862370491,-0.04508229345083237,-0.04303309693932533,-0.0409839004278183,-0.03893470764160156,-0.03688551113009453,-0.034836314618587494,-0.03278712183237076,-0.030737925320863724,-0.028688732534646988,-0.026639536023139954,-0.024590343236923218,-0.022541146725416183,-0.02049195021390915,-0.018442757427692413,-0.01639356091618538,-0.014344364404678345,-0.012295171618461609,-0.010245975106954575,-0.00819677859544754,-0.0061475858092308044,-0.00409838929772377,-0.002049192786216736,0,0.002049192786216736,0.00409838929772377,0.0061475858092308044,0.00819677859544754,0.010245975106954575,0.012295171618461609,0.014344364404678345,0.01639356091618538,0.018442757427692413,0.02049195021390915,0.022541146725416183,0.024590343236923218,0.026639536023139954,0.028688732534646988,0.030737925320863724,0.03278712183237076,0.034836314618587494,0.03688551113009453,0.03893470764160156,0.0409839004278183,0.04303309693932533,0.04508229345083237,0.0471314862370491,0.04918068274855614,0.05122987926006317,0.05327907204627991,0.05532826855778694,0.057377465069293976,0.05942665785551071,0.061475854367017746,0.06352505087852478,0.06557424366474152]},"gradients/graph_25gat1.heads.1.fc.weight":{"bins":[-0.015547279268503189,-0.0150950001552701,-0.01464272104203701,-0.01419044192880392,-0.013738162815570831,-0.013285883702337742,-0.012833604589104652,-0.012381325475871563,-0.011929046362638474,-0.011476768180727959,-0.011024488136172295,-0.01057220995426178,-0.010119929909706116,-0.009667651727795601,-0.009215371683239937,-0.008763093501329422,-0.008310813456773758,-0.007858535274863243,-0.007406256161630154,-0.006953977048397064,-0.006501697935163975,-0.006049418821930885,-0.005597139708697796,-0.005144860595464706,-0.004692581482231617,-0.0042403023689985275,-0.003788023255765438,-0.0033357441425323486,-0.002883465029299259,-0.0024311859160661697,-0.0019789068028330803,-0.0015266276895999908,-0.0010743485763669014,-0.000622069463133812,-0.0001697903499007225,0.00028248876333236694,0.0007347678765654564,0.0011870469897985458,0.0016393261030316353,0.0020916052162647247,0.002543884329497814,0.0029961634427309036,0.003448442555963993,0.0039007216691970825,0.004353000782430172,0.004805279895663261,0.005257559008896351,0.005709837656468153,0.0061621167697012424,0.006614395882934332,0.007066674996167421,0.007518954109400511,0.007971232756972313,0.008423512801527977,0.008875790983438492,0.009328071027994156,0.00978034920990467,0.01023262832313776,0.01068490743637085,0.011137186549603939,0.011589465662837029,0.012041744776070118,0.012494023889303207,0.012946303002536297,0.013398582115769386],"_type":"histogram","values":[1,0,0,1,0,0,0,0,0,0,1,1,2,0,0,1,2,0,2,0,2,0,0,0,3,2,1,0,0,1,4,2,3,0,2,1,0,0,2,2,1,1,0,0,1,0,0,1,1,1,1,0,0,2,0,1,0,0,0,0,0,0,1,1]},