{"gradients/gat1.heads.0.attn_fc.weight":0.17718271911144257,"gradients/gat1.heads.1.attn_fc.weight":0.0650409534573555,"_step":160,"gradients/gat1.heads.1.fc.weight":0.12159524857997894,"val/f1_score":0.7392862708430731,"gradients/gat1.heads.2.fc.weight":0.16492347419261932,"gradients/classifier.bias":0.13479764759540558,"gradients/gat1.heads.2.attn_fc.weight":0.20906193554401398,"train/loss":0.5142448395490646,"_runtime":211.0084346,"train/f1_score":0.7643684527393136,"gradients/classifier.weight":0.5044861435890198,"val/accuracy":0.7407407407407407,"confusion_matrix_table":{"ncols":3,"nrows":4,"_type":"table-file","sha256":"494ce75ea2d6eadf538d8ce4f6ca65a1b07c33a798df796e718640a76c0f13a5","size":131,"artifact_path":"wandb-client-artifact://325dy1xpzalybd0r9zf8r30r9auyxri0vytv8rbforvkekuzeffoxb25g4knexlpi507h7ttp0c4x6337jp5armj973359zc00e78ayoeb0rxx0g0h3rxs0b6742p23m/confusion_matrix_table.table.json","_latest_artifact_path":"wandb-client-artifact://s0tpsvyeh78j5v5uzrfl3qbv6jg7u4e98ilv0bh2v3pfl07ypjhr0805308c8dw4mzf7579uyvrackrpgum74pm7cl0okse7abqd8ca9bsbmpts4jvg02brlj0ve29co:latest/confusion_matrix_table.table.json","path":"media/table/confusion_matrix_table_158_494ce75ea2d6eadf538d.table.json"},"Training Metrics":{"path":"media/table/Training Metrics_160_84be8e404070dd61820a.table.json","ncols":7,"nrows":80,"_type":"table-file","sha256":"84be8e404070dd61820abf84ea4efeb32e3199d290acc56ba0f5a5cc710fb710","size":9092,"artifact_path":"wandb-client-artifact://k34boyy2yaz2962f5zvg6nfqldie07nhkiwtj6k5485v9z81wit80e1rz2dkfrt0zrztcxeol80s7ozz2zzo6plxonkwn9ws699rkvx4gj03e6y567odgyl33nozorsz/Training Metrics.table.json","_latest_artifact_path":"wandb-client-artifact://w22ggqh7onez9hqhi9xbzpse8gci4i2ov5zsvlshsj0rtbcqpc8jgaefx9twieanjjytki83ghlqsjnzbpqiz18nqo8zsb9pv9d98nvlz2skgby74msjwnp05xkpyci9:latest/Training Metrics.table.json"},"val/loss":0.5487338900566101,"_timestamp":1.7308498218699293e+09,"_wandb":{"runtime":211},"gradients/gat1.heads.0.fc.weight":0.13632220029830933,"train/accuracy":0.768}