{"val_f1":0.5098039215686275,"parameters/graph_14gat1.heads.0.attn_fc.weight":{"bins":[-0.665524959564209,-0.6452059149742126,-0.6248868703842163,-0.6045678853988647,-0.5842488408088684,-0.5639297962188721,-0.5436108112335205,-0.5232917666435242,-0.5029727220535278,-0.4826536774635315,-0.46233466267585754,-0.4420156478881836,-0.42169660329818726,-0.4013775587081909,-0.38105854392051697,-0.360739529132843,-0.3404204845428467,-0.32010143995285034,-0.2997824251651764,-0.27946341037750244,-0.2591443657875061,-0.23882532119750977,-0.21850630640983582,-0.19818729162216187,-0.17786824703216553,-0.1575492024421692,-0.13723015785217285,-0.11691117286682129,-0.09659212827682495,-0.07627308368682861,-0.05595409870147705,-0.03563505411148071,-0.0153159499168396,0.005003094673156738,0.025322139263153076,0.04564112424850464,0.06596016883850098,0.08627921342849731,0.10659819841384888,0.12691724300384521,0.14723628759384155,0.1675553321838379,0.18787434697151184,0.2081933617591858,0.22851240634918213,0.24883145093917847,0.2691504657268524,0.28946948051452637,0.3097885251045227,0.33010756969451904,0.350426584482193,0.37074559926986694,0.3910646438598633,0.4113836884498596,0.43170270323753357,0.4520217180252075,0.47234076261520386,0.4926598072052002,0.5129787921905518,0.5332978367805481,0.5536168813705444,0.5739359259605408,0.5942549705505371,0.6145739555358887,0.634893000125885],"_type":"histogram","values":[1,0,1,0,1,0,0,0,1,0,0,2,1,0,0,0,0,0,1,1,0,0,0,0,0,0,1,0,2,0,0,0,1,0,0,0,0,0,0,0,0,0,0,0,0,0,0,0,0,1,0,0,0,0,0,0,0,0,0,0,0,0,1,1]},"_step":4,"val_accuracy":0.5555555555555556,"_runtime":8.6020585,"gradients/graph_14classifier.bias":{"values":[1,0,0,0,0,0,0,0,0,0,0,0,0,0,0,0,0,0,0,0,0,0,0,0,0,0,0,0,0,0,0,0,0,0,0,0,0,0,0,0,0,0,0,0,0,0,0,0,0,0,0,0,0,0,0,0,0,0,0,0,0,0,0,1],"bins":[-0.18200993537902832,-0.17632213234901428,-0.17063431441783905,-0.16494649648666382,-0.15925869345664978,-0.15357089042663574,-0.1478830724954605,-0.14219525456428528,-0.13650745153427124,-0.1308196485042572,-0.12513183057308197,-0.11944402009248734,-0.1137562096118927,-0.10806839913129807,-0.10238058865070343,-0.0966927781701088,-0.09100496768951416,-0.08531715720891953,-0.07962934672832489,-0.07394153624773026,-0.06825372576713562,-0.06256591528654099,-0.05687810480594635,-0.05119028687477112,-0.04550248384475708,-0.03981468081474304,-0.03412686288356781,-0.028439044952392578,-0.02275124192237854,-0.017063438892364502,-0.01137562096118927,-0.005687803030014038,0,0.005687803030014038,0.01137562096118927,0.017063438892364502,0.02275124192237854,0.028439044952392578,0.03412686288356781,0.03981468081474304,0.04550248384475708,0.05119028687477112,0.05687810480594635,0.06256591528654099,0.06825372576713562,0.07394153624773026,0.07962934672832489,0.08531715720891953,0.09100496768951416,0.0966927781701088,0.10238058865070343,0.10806839913129807,0.1137562096118927,0.11944402009248734,0.12513183057308197,0.1308196485042572,0.13650745153427124,0.14219525456428528,0.1478830724954605,0.15357089042663574,0.15925869345664978,0.16494649648666382,0.17063431441783905,0.17632213234901428,0.18200993537902832],"_type":"histogram"},"gradients/graph_14gat1.heads.0.attn_fc.weight":{"_type":"histogram","values":[1,0,0,0,0,0,0,0,0,1,0,0,1,0,0,1,0,0,0,0,2,1,1,0,0,0,0,0,1,1,0,1,0,0,0,1,0,0,0,0,1,0,1,0,0,0,0,0,0,0,0,0,0,0,0,0,0,0,0,0,1,0,0,1],"bins":[-0.03458474576473236,-0.03331531211733818,-0.032045878469944,-0.03077644109725952,-0.02950700744986534,-0.02823757380247116,-0.02696813829243183,-0.025698702782392502,-0.02442926913499832,-0.02315983548760414,-0.02189039997756481,-0.020620964467525482,-0.019351530820131302,-0.01808209717273712,-0.016812661662697792,-0.015543226152658463,-0.014273792505264282,-0.013004358857870102,-0.011734923347830772,-0.010465487837791443,-0.009196054190397263,-0.007926620543003082,-0.006657185032963753,-0.005387749522924423,-0.004118315875530243,-0.0028488822281360626,-0.0015794485807418823,-0.00031001120805740356,0.0009594224393367767,0.002228856086730957,0.003498293459415436,0.004767727106809616,0.006037164479494095,0.007306598126888275,0.008576031774282455,0.009845469146966934,0.011114902794361115,0.012384336441755295,0.013653773814439774,0.014923207461833954,0.016192641109228134,0.017462074756622314,0.018731510266661644,0.020000945776700974,0.021270379424095154,0.022539813071489334,0.023809248581528664,0.025078684091567993,0.026348117738962173,0.027617551386356354,0.028886986896395683,0.030156422406435013,0.03142585605382919,0.03269528970122337,0.033964723348617554,0.03523416072130203,0.03650359436869621,0.03777302801609039,0.03904246538877487,0.04031189903616905,0.04158133268356323,0.04285076633095741,0.04412019997835159,0.04538963735103607,0.04665907099843025]},"_timestamp":1.731632026060251e+09,"parameters/graph_14classifier.weight":{"values":[2,0,0,1,0,0,3,1,2,0,0,0,1,0,0,0,0,0,0,0,1,1,0,1,0,0,0,1,0,1,0,0,0,2,0,0,0,0,0,0,0,1,1,0,0,1,1,1,0,2,1,1,1,1,0,0,0,0,0,0,0,1,0,3],"bins":[-0.2484441101551056,-0.2408519983291626,-0.2332598865032196,-0.2256677746772766,-0.21807566285133362,-0.21048355102539062,-0.20289143919944763,-0.19529932737350464,-0.18770721554756165,-0.18011510372161865,-0.17252299189567566,-0.16493088006973267,-0.15733875334262848,-0.14974664151668549,-0.1421545296907425,-0.1345624178647995,-0.1269703060388565,-0.11937819421291351,-0.11178608238697052,-0.10419397056102753,-0.09660185873508453,-0.08900974690914154,-0.08141763508319855,-0.07382552325725555,-0.06623339653015137,-0.058641284704208374,-0.05104917287826538,-0.04345706105232239,-0.035864949226379395,-0.0282728374004364,-0.020680725574493408,-0.013088613748550415,-0.005496501922607422,0.0020956099033355713,0.009687721729278564,0.017279833555221558,0.02487194538116455,0.032464057207107544,0.04005616903305054,0.04764828085899353,0.05524039268493652,0.06283251941204071,0.0704246312379837,0.0780167430639267,0.08560885488986969,0.09320096671581268,0.10079307854175568,0.10838519036769867,0.11597730219364166,0.12356941401958466,0.13116152584552765,0.13875363767147064,0.14634574949741364,0.15393787622451782,0.16152998805046082,0.1691220998764038,0.1767142117023468,0.1843063235282898,0.1918984353542328,0.19949054718017578,0.20708265900611877,0.21467477083206177,0.22226688265800476,0.22985899448394775,0.23745110630989075],"_type":"histogram"},"parameters/graph_14classifier.bias":{"bins":[-0.13750992715358734,-0.13298040628433228,-0.1284508854150772,-0.12392137199640274,-0.11939185112714767,-0.11486233025789261,-0.11033281683921814,-0.10580329596996307,-0.10127377510070801,-0.09674425423145294,-0.09221473336219788,-0.08768521994352341,-0.08315569907426834,-0.07862617820501328,-0.0740966647863388,-0.06956714391708374,-0.06503762304782867,-0.06050810217857361,-0.05597858130931854,-0.051449067890644073,-0.04691954702138901,-0.04239002615213394,-0.03786051273345947,-0.03333099186420441,-0.02880147099494934,-0.024271950125694275,-0.01974242925643921,-0.01521291583776474,-0.010683402419090271,-0.006153881549835205,-0.0016243606805801392,0.0029051601886749268,0.007434666156768799,0.011964187026023865,0.01649370789527893,0.021023228764533997,0.025552749633789062,0.03008226305246353,0.034611776471138,0.039141297340393066,0.04367081820964813,0.0482003390789032,0.052729859948158264,0.05725937336683273,0.0617888942360878,0.06631841510534286,0.07084792852401733,0.0753774493932724,0.07990697026252747,0.08443649113178253,0.0889660120010376,0.09349552541971207,0.09802504628896713,0.1025545671582222,0.10708408057689667,0.11161360144615173,0.1161431223154068,0.12067264318466187,0.12520216405391693,0.129731684923172,0.13426119089126587,0.13879071176052094,0.143320232629776,0.14784975349903107,0.15237927436828613],"_type":"histogram","values":[1,0,0,0,0,0,0,0,0,0,0,0,0,0,0,0,0,0,0,0,0,0,0,0,0,0,0,0,0,0,0,0,0,0,0,0,0,0,0,0,0,0,0,0,0,0,0,0,0,0,0,0,0,0,0,0,0,0,0,0,0,0,0,1]},"gradients/graph_14gat1.heads.1.attn_fc.weight":{"_type":"histogram",