{"gradients/graph_1classifier.bias":{"_type":"histogram","values":[1,0,0,0,0,0,0,0,0,0,0,0,0,0,0,0,0,0,0,0,0,0,0,0,0,0,0,0,0,0,0,0,0,0,0,0,0,0,0,0,0,0,0,0,0,0,0,0,0,0,0,0,0,0,0,0,0,0,0,0,0,0,0,1],"bins":[-0.2569105625152588,-0.24888211488723755,-0.24085365235805511,-0.23282518982887268,-0.22479674220085144,-0.2167682945728302,-0.20873983204364777,-0.20071136951446533,-0.1926829218864441,-0.18465447425842285,-0.17662601172924042,-0.16859754920005798,-0.16056910157203674,-0.1525406539440155,-0.14451219141483307,-0.13648372888565063,-0.1284552812576294,-0.12042683362960815,-0.11239837110042572,-0.10436990857124329,-0.09634146094322205,-0.0883130133152008,-0.08028455078601837,-0.07225608825683594,-0.0642276406288147,-0.05619919300079346,-0.04817073047161102,-0.04014226794242859,-0.03211382031440735,-0.02408537268638611,-0.016056910157203674,-0.00802844762802124,0,0.00802844762802124,0.016056910157203674,0.02408537268638611,0.03211382031440735,0.04014226794242859,0.04817073047161102,0.05619919300079346,0.0642276406288147,0.07225608825683594,0.08028455078601837,0.0883130133152008,0.09634146094322205,0.10436990857124329,0.11239837110042572,0.12042683362960815,0.1284552812576294,0.13648372888565063,0.14451219141483307,0.1525406539440155,0.16056910157203674,0.16859754920005798,0.17662601172924042,0.18465447425842285,0.1926829218864441,0.20071136951446533,0.20873983204364777,0.2167682945728302,0.22479674220085144,0.23282518982887268,0.24085365235805511,0.24888211488723755,0.2569105625152588]},"parameters/graph_1classifier.weight":{"_type":"histogram","values":[1,0,0,0,0,0,0,0,0,0,0,0,0,0,0,1,0,0,1,0,0,0,1,0,0,0,0,0,0,0,0,0,0,0,0,1,0,0,0,0,0,0,0,0,0,0,0,0,0,1,0,0,0,0,0,0,0,0,0,0,0,0,0,2],"bins":[-0.36855652928352356,-0.3563242256641388,-0.34409192204475403,-0.33185964822769165,-0.3196273446083069,-0.3073950409889221,-0.29516273736953735,-0.2829304337501526,-0.2706981301307678,-0.25846582651138306,-0.24623353779315948,-0.23400123417377472,-0.22176894545555115,-0.20953664183616638,-0.19730433821678162,-0.18507204949855804,-0.17283974587917328,-0.1606074422597885,-0.14837515354156494,-0.13614284992218018,-0.12391054630279541,-0.11167824268341064,-0.09944593906402588,-0.0872136652469635,-0.07498136162757874,-0.06274905800819397,-0.050516754388809204,-0.03828445076942444,-0.026052147150039673,-0.013819873332977295,-0.0015875697135925293,0.010644733905792236,0.022877037525177002,0.03510934114456177,0.04734164476394653,0.0595739483833313,0.07180622220039368,0.08403852581977844,0.09627082943916321,0.10850313305854797,0.12073543667793274,0.1329677402973175,0.14520001411437988,0.15743231773376465,0.16966462135314941,0.18189692497253418,0.19412922859191895,0.20636151731014252,0.21859382092952728,0.23082612454891205,0.24305841326713562,0.2552907168865204,0.26752302050590515,0.27975529432296753,0.2919875979423523,0.30421990156173706,0.3164522051811218,0.3286845088005066,0.34091681241989136,0.3531491160392761,0.3653814196586609,0.37761372327804565,0.38984599709510803,0.4020783007144928,0.41431060433387756]},"train_accuracy":0.568,"gradients/graph_1classifier.weight":{"_type":"histogram","values":[1,0,0,0,0,0,0,0,0,0,0,0,0,0,1,0,0,0,0,0,0,0,1,0,0,0,0,1,0,0,0,0,0,0,0,0,1,0,0,0,0,1,0,0,0,0,0,0,0,1,0,0,0,0,0,0,0,0,0,0,0,0,0,1],"bins":[-0.18598408997058868,-0.18017208576202393,-0.17436008155345917,-0.1685480773448944,-0.16273607313632965,-0.1569240689277649,-0.15111207962036133,-0.14530007541179657,-0.1394880712032318,-0.13367606699466705,-0.1278640627861023,-0.12205205857753754,-0.11624005436897278,-0.11042805016040802,-0.10461605340242386,-0.0988040491938591,-0.09299204498529434,-0.08718004077672958,-0.08136803656816483,-0.07555603981018066,-0.0697440356016159,-0.06393203139305115,-0.05812002718448639,-0.05230802297592163,-0.04649601876735687,-0.040684014558792114,-0.034872010350227356,-0.02906002104282379,-0.023248016834259033,-0.017436012625694275,-0.011624008417129517,-0.005812004208564758,0,0.005812004208564758,0.011624008417129517,0.017436012625694275,0.023248016834259033,0.02906002104282379,0.034872010350227356,0.040684014558792114,0.04649601876735687,0.05230802297592163,0.05812002718448639,0.06393203139305115,0.0697440356016159,0.07555603981018066,0.08136803656816483,0.08718004077672958,0.09299204498529434,0.0988040491938591,0.10461605340242386,0.11042805016040802,0.11624005436897278,0.12205205857753754,0.1278640627861023,0.13367606699466705,0.1394880712032318,0.14530007541179657,0.15111207962036133,0.1569240689277649,0.16273607313632965,0.1685480773448944,0.17436008155345917,0.18017208576202393,0.18598408997058868]},"_step":4,"gradients/graph_1gat1.heads.0.attn_fc.weight":{"_type":"histogram","values":[4,0,0,0,0,0,0,0,0,0,0,0,0,0,1,0,0,0,0,0,0,0,0,0,0,0,0,0,0,0,0,0,0,0,1,0,0,0,0,0,0,0,0,0,0,0,0,0,0,0,0,1,0,0,0,0,0,0,0,0,0,0,0,1],"bins":[-0.0010521970689296722,-0.00019919074838981032,0.0006538155721500516,0.0015068219508975744,0.0023598282132297754,0.00321283470839262,0.004065840970724821,0.004918847233057022,0.005771853495389223,0.006624859757721424,0.007477866485714912,0.008330872282385826,0.009183879010379314,0.010036884807050228,0.010889891535043716,0.01174289733171463,0.012595904059708118,0.013448910787701607,0.01430191658437252,0.015154922381043434,0.016007930040359497,0.01686093583703041,0.017713941633701324,0.018566947430372238,0.0194199550896883,0.020272960886359215,0.02112596668303013,0.02197897434234619,0.022831980139017105,0.02368498593568802,0.024537991732358932,0.025390999391674995,0.02624400518834591,0.027097010985016823,0.027950018644332886,0.0288030244410038,0.029656030237674713,0.030509036034345627,0.03136204183101654,0.03221505135297775,0.03306805342435837,0.03392106294631958,0.034774068742990494,0.03562707453966141,0.03648008033633232,0.037333086133003235,0.03818609565496445,0.03903909772634506,0.039892107248306274,0.04074511304497719,0.0415981188416481,0.042451124638319016,0.04330413043498993,0.04415713995695114,0.04501014202833176,0.04586315155029297,0.04671615734696388,0.047569163143634796,0.04842216894030571,0.049275174736976624,0.05012818053364754,0.05098119005560875,0.05183419585227966,0.05268720164895058,0.05354020744562149]},"parameters/graph_1classifier.bias":{"values":[1,0,0,0,0,0,0,0,0,0,0,0,0,0,0,0,0,0,0,0,0,0,0,0,0,0,0,0,0,0,0,0,0,0,0,0,0,0,0,0,0,0,0,0,0,0,0,0,0,0,0,0,0,0,0,0,0,0,0,0,0,0,0,1],"bins":[-0.4471835494041443,-0.44418200850486755,-0.4411804974079132,-0.4381789565086365,-0.43517744541168213,-0.4321759045124054,-0.42917439341545105,-0.4261728525161743,-0.42317134141921997,-0.42016980051994324,-0.4171682894229889,-0.41416674852371216,-0.4111652374267578,-0.4081636965274811,-0.40516215562820435,-0.40216064453125,-0.39915913343429565,-0.3961575925350189,-0.3931560516357422,-0.39015454053878784,-0.3871529996395111,-0.38415148854255676,-0.38114994764328003,-0.3781484365463257,-0.37514689564704895,-0.3721453845500946,-0.36914384365081787,-0.3661423325538635,-0.3631407916545868,-0.36013925075531006,-0.3571377396583557,-0.35413622856140137,-0.35113468766212463,-0.3481331467628479,-0.34513163566589355,-0.3421301245689392,-0.3391285836696625,-0.33612704277038574,-0.3331255316734314,-0.33012399077415466,-0.3271224796772003,-0.3241209387779236,-0.32111942768096924,-0.3181178867816925,-0.31511637568473816,-0.3121148347854614,-0.3091133236885071,-0.30611178278923035,-0.3031102418899536,-0.30010873079299927,-0.2971072196960449,-0.2941056787967682,-0.29110413789749146,-0.2881026268005371,-0.2851010859012604,-0.28209957480430603,-0.2790980339050293,-0.27609652280807495,-0.2730949819087982,-0.27009347081184387,-0.26709192991256714,-0.2640904188156128,-0.26108887791633606,-0.2580873668193817,-0.255085825920105],"_type":"histogram"},"parameters/graph_1gat1.heads.0.attn_fc.weight":{"values":[1,0,0,0,0,0,0,0,0,0,0,0,0,0,1,0,0,0,0,0,0,0,0,0,0,0,0,0,0,1,0,1,0,0,0,0,0,0,0,1,0,0,0,0,0,0,0,0,0,0,0,0,0,1,0,0,0,0,0,0,0,0,1,1],