{"parameters/graph_8classifier.weight":{"bins":[-0.26739951968193054,-0.25952380895614624,-0.25164806842803955,-0.24377234280109406,-0.23589661717414856,-0.22802090644836426,-0.22014518082141876,-0.21226945519447327,-0.20439372956752777,-0.19651800394058228,-0.18864227831363678,-0.18076655268669128,-0.17289084196090698,-0.1650151014328003,-0.157139390707016,-0.1492636650800705,-0.141387939453125,-0.1335122138261795,-0.125636488199234,-0.11776076257228851,-0.10988503694534302,-0.10200932621955872,-0.09413360059261322,-0.08625787496566772,-0.07838214933872223,-0.07050642371177673,-0.06263069808483124,-0.05475497245788574,-0.04687926173210144,-0.039003536105155945,-0.03112781047821045,-0.023252084851264954,-0.015376389026641846,-0.00750066339969635,0.0003750622272491455,0.008250787854194641,0.016126513481140137,0.02400222420692444,0.031877949833869934,0.03975367546081543,0.047629401087760925,0.05550512671470642,0.06338085234165192,0.07125657796859741,0.07913228869438171,0.08700801432132721,0.0948837399482727,0.1027594655752182,0.1106351912021637,0.11851091682910919,0.1263866424560547,0.134262353181839,0.14213809370994568,0.15001380443572998,0.15788953006267548,0.16576525568962097,0.17364098131656647,0.18151670694351196,0.18939243257045746,0.19726815819740295,0.20514386892318726,0.21301959455013275,0.22089532017707825,0.22877104580402374,0.23664677143096924],"_type":"histogram","values":[1,0,0,0,0,0,1,1,0,0,0,1,1,0,1,0,0,1,0,0,0,0,1,1,1,1,0,1,0,0,1,0,0,4,0,0,0,0,1,0,1,2,2,1,1,0,0,0,1,2,0,0,0,0,0,2,0,0,0,0,0,0,1,1]},"val_loss":0.6776286959648132,"gradients/graph_8classifier.bias":{"bins":[-0.02956635132431984,-0.028642402961850166,-0.027718454599380493,-0.02679450623691082,-0.025870557874441147,-0.024946611374616623,-0.0240226611495018,-0.023098714649677277,-0.022174766287207603,-0.02125081792473793,-0.020326869562268257,-0.019402921199798584,-0.01847897283732891,-0.017555024474859238,-0.016631077975034714,-0.01570712774991989,-0.014783180318772793,-0.013859232887625694,-0.012935284525156021,-0.012011336162686348,-0.011087387800216675,-0.010163439437747002,-0.009239491075277328,-0.008315542712807655,-0.007391594350337982,-0.006467645987868309,-0.005543697625398636,-0.004619751125574112,-0.0036958027631044388,-0.0027718544006347656,-0.0018479060381650925,-0.0009239576756954193,-9.313225746154785e-09,0.000923939049243927,0.0018478874117136002,0.0027718357741832733,0.0036957841366529465,0.00461973249912262,0.0055436789989471436,0.006467627361416817,0.00739157572388649,0.008315524086356163,0.009239472448825836,0.01016342081129551,0.011087369173765182,0.012011317536234856,0.012935265898704529,0.013859214261174202,0.0147831616923213,0.0157071091234684,0.01663105934858322,0.017555005848407745,0.01847895421087742,0.01940290257334709,0.020326850935816765,0.021250799298286438,0.02217474766075611,0.023098696023225784,0.024022642523050308,0.02494659274816513,0.025870539247989655,0.026794487610459328,0.027718435972929,0.028642384335398674,0.029566332697868347],"_type":"histogram","values":[1,0,0,0,0,0,0,0,0,0,0,0,0,0,0,0,0,0,0,0,0,0,0,0,0,0,0,0,0,0,0,0,0,0,0,0,0,0,0,0,0,0,0,0,0,0,0,0,0,0,0,0,0,0,0,0,0,0,0,0,0,0,0,1]},"train_accuracy":0.592,"val_accuracy":0.5555555555555556,"gradients/graph_8gat1.heads.0.attn_fc.weight":{"values":[1,0,0,0,0,0,0,0,0,0,0,0,0,0,1,0,0,1,1,0,2,0,0,1,0,1,1,0,0,0,0,1,0,0,0,2,0,1,0,2,3,9,3,0,0,0,0,0,0,0,0,0,0,0,1,0,0,0,0,0,0,0,0,1],"bins":[-0.054440855979919434,-0.05313732102513313,-0.05183378607034683,-0.05053025484085083,-0.04922671988606453,-0.04792318493127823,-0.04661964997649193,-0.04531611502170563,-0.044012583792209625,-0.042709048837423325,-0.041405513882637024,-0.04010198265314102,-0.03879844397306442,-0.03749491274356842,-0.03619137778878212,-0.03488784283399582,-0.03358431160449982,-0.03228077292442322,-0.030977241694927216,-0.029673706740140915,-0.028370173647999763,-0.027066638693213463,-0.02576310560107231,-0.02445957064628601,-0.02315603569149971,-0.02185250073671341,-0.020548969507217407,-0.019245434552431107,-0.017941899597644806,-0.016638364642858505,-0.015334833413362503,-0.014031298458576202,-0.012727763503789902,-0.011424228549003601,-0.0101206935942173,-0.008817162364721298,-0.0075136274099349976,-0.006210092455148697,-0.004906557500362396,-0.003603026270866394,-0.0022994913160800934,-0.0009959563612937927,0.00030757859349250793,0.0016111116856336594,0.00291464664041996,0.0042181797325611115,0.005521714687347412,0.0068252477794885635,0.008128782734274864,0.009432317689061165,0.010735850781202316,0.012039385735988617,0.013342918828129768,0.014646453782916069,0.01594998687505722,0.01725352182984352,0.018557056784629822,0.019860589876770973,0.021164122968912125,0.022467657923698425,0.023771192878484726,0.025074725970625877,0.026378260925412178,0.02768179401755333,0.02898532897233963],"_type":"histogram"},"parameters/graph_8gat1.heads.0.fc.weight":{"values":[1,0,1,0,0,1,1,1,0,2,0,2,1,0,2,3,0,1,5,4,3,2,1,1,2,3,1,2,4,0,5,1,0,1,3,3,1,1,4,4,3,1,1,3,0,1,1,0,1,4,2,0,2,0,0,5,0,0,0,1,2,0,0,2],"bins":[-0.8340650200843811,-0.804131269454956,-0.774197518825531,-0.744263768196106,-0.7143300175666809,-0.6843962669372559,-0.654462456703186,-0.6245287656784058,-0.5945949554443359,-0.5646612644195557,-0.5347274541854858,-0.5047937631607056,-0.47485995292663574,-0.4449262022972107,-0.41499245166778564,-0.3850587010383606,-0.35512495040893555,-0.3251911997795105,-0.29525744915008545,-0.2653236985206604,-0.23538994789123535,-0.2054561972618103,-0.17552244663238525,-0.1455886960029602,-0.11565488576889038,-0.08572113513946533,-0.05578738451004028,-0.025853633880615234,0.0040801167488098145,0.03401386737823486,0.06394761800765991,0.09388136863708496,0.12381517887115479,0.15374892950057983,0.18368268013000488,0.21361643075942993,0.24355018138885498,0.27348393201828003,0.3034176826477051,0.3333514332771301,0.3632851839065552,0.393218994140625,0.42315274477005005,0.4530864953994751,0.48302024602890015,0.5129539966583252,0.5428877472877502,0.5728214979171753,0.6027552485466003,0.6326889991760254,0.6626227498054504,0.6925565004348755,0.7224902510643005,0.7524240016937256,0.7823578119277954,0.8122915029525757,0.8422253131866455,0.8721590042114258,0.9020928144454956,0.9320265650749207,0.9619603157043457,0.9918940663337708,1.0218278169631958,1.051761507987976,1.081695318222046],"_type":"histogram"},"val_f1":0.39682539682539686,"parameters/graph_8gat1.heads.0.attn_fc.weight":{"bins":[-0.926444947719574,-0.9029666185379028,-0.8794882893562317,-0.8560099601745605,-0.8325316309928894,-0.8090533018112183,-0.7855749130249023,-0.7620965838432312,-0.7386182546615601,-0.7151399254798889,-0.6916615962982178,-0.6681832671165466,-0.6447049379348755,-0.6212266087532043,-0.5977482795715332,-0.5742698907852173,-0.5507916212081909,-0.527313232421875,-0.5038349628448486,-0.4803565740585327,-0.4568782448768616,-0.43339991569519043,-0.4099215865135193,-0.38644325733184814,-0.362964928150177,-0.33948659896850586,-0.3160082697868347,-0.2925298810005188,-0.26905155181884766,-0.2455732226371765,-0.22209489345550537,-0.19861656427383423,-0.17513823509216309,-0.15165990591049194,-0.1281815767288208,-0.10470324754714966,-0.08122491836547852,-0.05774658918380737,-0.034268200397491455,-0.010789871215820312,0.01268845796585083,0.03616678714752197,0.059645116329193115,0.08312344551086426,0.1066017746925354,0.13008010387420654,0.15355846285820007,0.17703679203987122,0.20051512122154236,0.2239934504032135,0.24747177958488464,0.2709501385688782,0.2944284677505493,0.31790679693222046,0.3413851261138916,0.36486345529556274,0.3883417844772339,0.41182011365890503,0.43529847264289856,0.4587768018245697,0.48225513100624084,0.5057334899902344,0.5292118191719055,0.5526901483535767,0.5761684775352478],"_type":"histogram","values":[1,0,0,0,0,0,0,0,0,0,0,1,0,0,0,0,0,0,0,0,0,0,0,2,0,1,0,1,1,1,1,0,1,2,0,2,1,0,1,0,1,0,1,0,2,1,1,2,1,1,2,0,0,0,0,0,0,0,0,0,1,1,1,1]},"train_f1":0.5565917159763314,"_wandb":{"runtime":5},"_timestamp":1.731687303204267e+09,"_step":2,"_runtime":5.2781447,