{"gradients/graph_44gat1.heads.0.fc.weight":{"_type":"histogram","values":[1,0,2,0,1,0,0,0,0,0,0,0,0,0,0,0,0,1,1,0,1,2,0,1,1,2,0,0,3,0,1,3,1,0,1,3,0,0,2,2,0,3,0,1,1,1,0,0,0,2,1,1,1,0,2,1,1,2,0,0,0,0,1,1],"bins":[-0.09198640286922455,-0.08943092077970505,-0.08687543869018555,-0.08431995660066605,-0.08176447451114655,-0.07920898497104645,-0.07665351033210754,-0.07409802079200745,-0.07154253870248795,-0.06898705661296844,-0.06643157452344894,-0.06387609243392944,-0.06132061034440994,-0.05876512825489044,-0.05620964244008064,-0.05365416035056114,-0.05109867826104164,-0.04854319617152214,-0.04598771408200264,-0.04343222826719284,-0.04087674617767334,-0.03832126408815384,-0.03576578199863434,-0.03321029990911484,-0.030654817819595337,-0.028099335730075836,-0.025543853640556335,-0.022988364100456238,-0.020432882010936737,-0.017877399921417236,-0.015321917831897736,-0.012766435742378235,-0.010210953652858734,-0.007655471563339233,-0.005099989473819733,-0.002544507384300232,1.0974705219268799e-05,0.0025664567947387695,0.005121946334838867,0.007677428424358368,0.010232910513877869,0.01278839260339737,0.01534387469291687,0.01789935678243637,0.02045483887195587,0.023010320961475372,0.02556580677628517,0.028121288865804672,0.030676770955324173,0.033232253044843674,0.035787735134363174,0.038343220949172974,0.040898703038692474,0.043454185128211975,0.046009667217731476,0.04856514930725098,0.05112063139677048,0.05367611348628998,0.05623159930109978,0.05878708139061928,0.06134256348013878,0.06389804929494858,0.06645353138446808,0.06900901347398758,0.07156449556350708]},"parameters/graph_44gat1.heads.1.fc.weight":{"bins":[-0.9636401534080505,-0.9260994791984558,-0.8885588645935059,-0.8510181903839111,-0.8134775161743164,-0.7759368419647217,-0.7383962273597717,-0.700855553150177,-0.663314938545227,-0.6257742643356323,-0.5882335901260376,-0.5506929159164429,-0.5131523013114929,-0.4756116271018982,-0.43807095289230347,-0.4005303382873535,-0.3629896640777588,-0.32544898986816406,-0.2879083752632141,-0.2503677010536194,-0.21282702684402466,-0.1752864122390747,-0.13774573802947998,-0.10020506381988525,-0.0626644492149353,-0.025123775005340576,0.01241689920425415,0.04995757341384888,0.0874982476234436,0.12503880262374878,0.1625794768333435,0.20012015104293823,0.23766076564788818,0.2752014398574829,0.31274211406707764,0.35028278827667236,0.38782334327697754,0.42536401748657227,0.462904691696167,0.5004453659057617,0.5379860401153564,0.5755266547203064,0.6130673289299011,0.6506080031394958,0.6881486177444458,0.7256892919540405,0.7632299661636353,0.8007705807685852,0.8383112549781799,0.8758519291877747,0.9133925437927246,0.9509332180023193,0.9884738922119141,1.0260145664215088,1.0635552406311035,1.1010959148406982,1.1386364698410034,1.1761771440505981,1.2137178182601929,1.2512584924697876,1.2887991666793823,1.3263397216796875,1.3638803958892822,1.401421070098877,1.4389617443084717],"_type":"histogram","values":[1,0,1,0,1,2,0,0,0,0,0,0,1,4,0,0,0,1,0,0,1,4,2,3,1,1,2,0,4,1,1,2,1,1,0,2,2,3,0,0,1,0,0,1,1,0,0,0,0,0,0,1,0,0,0,0,0,0,1,0,0,0,0,1]},"_wandb":{"runtime":6},"_timestamp":1.731688767333708e+09,"parameters/graph_44gat1.heads.0.attn_fc.weight":{"bins":[-0.7740716338157654,-0.743638813495636,-0.7132059931755066,-0.6827731728553772,-0.6523403525352478,-0.6219075322151184,-0.5914747714996338,-0.5610419511795044,-0.530609130859375,-0.5001763105392456,-0.4697434604167938,-0.43931064009666443,-0.4088778495788574,-0.378445029258728,-0.34801220893859863,-0.31757938861846924,-0.28714656829833984,-0.25671374797821045,-0.22628092765808105,-0.19584810733795166,-0.16541528701782227,-0.13498246669769287,-0.10454964637756348,-0.07411682605743408,-0.04368406534194946,-0.013251245021820068,0.017181575298309326,0.04761439561843872,0.07804721593856812,0.10848003625869751,0.1389128565788269,0.1693456768989563,0.19977855682373047,0.23021137714385986,0.26064419746398926,0.29107701778411865,0.32150983810424805,0.35194265842437744,0.38237547874450684,0.41280829906463623,0.4432411193847656,0.47367388010025024,0.5041067004203796,0.534539520740509,0.5649723410606384,0.5954051613807678,0.6258379817008972,0.6562708020210266,0.686703622341156,0.7171364426612854,0.7475692629814148,0.7780020833015442,0.8084349036216736,0.8388676643371582,0.8693004846572876,0.899733304977417,0.9301661252975464,0.9605989456176758,0.9910317659378052,1.0214645862579346,1.051897406578064,1.0823302268981934,1.1127630472183228,1.1431958675384521,1.1736286878585815],"_type":"histogram","values":[1,0,1,0,0,0,0,0,0,0,1,0,1,0,0,1,0,0,1,1,0,0,0,0,0,1,0,0,0,0,0,0,0,2,0,1,0,0,0,1,0,0,0,0,1,0,0,0,1,0,0,0,0,0,0,1,0,0,0,0,0,0,0,1]},"gradients/graph_44classifier.weight":{"values":[2,1,0,0,0,0,0,0,0,0,0,1,1,1,2,0,1,1,1,0,0,0,0,1,0,1,1,0,1,1,0,0,0,0,1,1,0,1,1,0,1,0,0,0,0,1,1,1,0,2,1,1,1,0,0,0,0,0,0,0,0,0,1,2],"bins":[-0.08670777082443237,-0.08399815112352371,-0.08128853887319565,-0.07857891917228699,-0.07586929947137833,-0.07315967977046967,-0.0704500675201416,-0.06774044781923294,-0.06503082811832428,-0.06232121214270592,-0.059611596167087555,-0.056901976466178894,-0.05419236049056053,-0.05148274078965187,-0.04877312481403351,-0.04606350511312485,-0.043353889137506485,-0.04064427316188812,-0.03793465346097946,-0.0352250374853611,-0.03251541778445244,-0.029805801808834076,-0.027096182107925415,-0.024386566132307053,-0.02167695015668869,-0.01896733045578003,-0.01625771075487137,-0.013548098504543304,-0.010838478803634644,-0.008128859102725983,-0.005419239401817322,-0.002709627151489258,-7.450580596923828e-09,0.002709612250328064,0.005419224500656128,0.008128844201564789,0.01083846390247345,0.01354808360338211,0.016257695853710175,0.018967315554618835,0.021676935255527496,0.02438655123114586,0.02709616720676422,0.029805786907672882,0.032515402883291245,0.035225022584199905,0.03793463855981827,0.04064425826072693,0.04335387423634529,0.046063490211963654,0.048773109912872314,0.05148272588849068,0.05419234558939934,0.0569019615650177,0.05961158126592636,0.062321197241544724,0.06503081321716309,0.06774043291807175,0.07045005261898041,0.07315966486930847,0.07586928457021713,0.0785789042711258,0.08128852397203445,0.08399813622236252,0.08670775592327118],"_type":"histogram"},"gradients/graph_44gat1.heads.1.fc.weight":{"_type":"histogram","values":[1,0,0,0,1,0,0,1,1,0,1,0,1,0,0,0,2,0,1,0,0,0,0,1,3,3,7,5,1,2,5,0,2,2,0,1,1,0,0,0,0,0,0,0,0,1,0,1,0,0,0,0,0,0,0,0,0,0,0,1,0,1,1,1],"bins":[-0.04337773844599724,-0.04179517552256584,-0.040212616324424744,-0.03863005340099335,-0.03704749047756195,-0.035464927554130554,-0.033882368355989456,-0.03229980543255806,-0.030717244371771812,-0.029134683310985565,-0.02755212038755417,-0.02596955932676792,-0.024386998265981674,-0.022804435342550278,-0.02122187428176403,-0.019639311358332634,-0.018056750297546387,-0.01647418923676014,-0.014891626313328743,-0.013309065252542496,-0.0117265023291111,-0.010143943130970001,-0.008561380207538605,-0.006978817284107208,-0.00539625808596611,-0.0038136951625347137,-0.0022311322391033173,-0.0006485693156719208,0.0009339898824691772,0.0025165528059005737,0.00409911572933197,0.005681674927473068,0.007264237850904465,0.008846800774335861,0.01042935997247696,0.012011922895908356,0.013594485819339752,0.01517704501748085,0.016759607940912247,0.018342170864343643,0.01992473378777504,0.021507292985916138,0.023089855909347534,0.02467241883277893,0.02625497803092003,0.027837540954351425,0.029420102015137672,0.03100266493856907,0.032585225999355316,0.03416778892278671,0.03575035184621811,0.03733291104435921,0.038915473967790604,0.0404980331659317,0.0420805960893631,0.043663159012794495,0.04524572193622589,0.04682828113436699,0.048410844057798386,0.049993403255939484,0.05157596617937088,0.05315852910280228,0.05474109202623367,0.05632365122437477,0.05790621414780617]},"parameters/graph_44classifier.weight":{"_type":"histogram","values":[1,1,0,0,0,3,1,1,0,0,0,0,1,0,1,2,0,0,0,1,0,0,0,0,0,0,1,0,0,0,1,0,2,2,1,0,1,1,1,0,0,2,0,1,0,1,0,0,3,1,0,0,0,0,0,0,0,0,1,0,0,0,0,1],