{"train/loss":0.5351572483778,"gradients/gat1.heads.0.attn_fc.weight":0.026434890925884247,"_step":3,"train/accuracy":0.776,"gradients/classifier.weight":0.14158663153648376,"train/f1_score":0.7707272727272727,"epoch":2,"_wandb":{"runtime":13},"_timestamp":1.7309823228046436e+09,"gradients/classifier.bias":0.004455712158232927,"confusion_matrix_table":{"nrows":4,"_type":"table-file","sha256":"082564222bad8eae8ae9b46ceb0637a7a2ea176f8b460ed3ae5a5e446e4e99d1","size":131,"artifact_path":"wandb-client-artifact://bc65shjfl0nrd4fc6w0bbedu4fnh003mesuyxga8h8ecbg3c02wwwz3ftaprunyctjydsdhh5d97gwzg5u6u0vu30yvymni5e5f7rgkwrjr0qv59aty8vvh4w82rs2nd/confusion_matrix_table.table.json","_latest_artifact_path":"wandb-client-artifact://lkkqvyd74z65fuaody2ud7c2m9kcknmvi2i4ihgqkv6ap4tcvq2ngmrge383cgrpe76mnzolzr98j5cw6q86yqyisqddjs2gmke6ekvxib5q7php9groonwn2z898qng:latest/confusion_matrix_table.table.json","path":"media/table/confusion_matrix_table_2_082564222bad8eae8ae9.table.json","ncols":3},"gradients/gat1.heads.2.fc.weight":0.019990907981991768,"gradients/gat1.heads.1.fc.weight":0.024358708411455154,"gradients/gat1.heads.0.fc.weight":0.03428148850798607,"val/accuracy":0.8888888888888888,"val/f1_score":0.886002886002886,"_runtime":10.5607894,"gradients/gat1.heads.2.attn_fc.weight":0.01211617887020111,"gradients/gat1.heads.1.attn_fc.weight":0.013170977123081684,"val/loss":0.5295383334159851}