{"gradients/graph_44classifier.weight":{"values":[1,0,0,0,0,0,0,0,1,0,0,0,0,0,0,0,0,0,0,0,1,0,0,0,1,0,0,0,0,0,0,0,0,0,0,0,0,0,0,1,0,0,0,1,0,0,0,0,0,0,0,0,0,0,0,1,0,0,0,0,0,0,0,1],"bins":[-0.02678084932267666,-0.025943947955965996,-0.025107046589255333,-0.02427014522254467,-0.023433243855834007,-0.022596342489123344,-0.021759439259767532,-0.02092253789305687,-0.020085636526346207,-0.019248735159635544,-0.01841183379292488,-0.017574932426214218,-0.016738031059503555,-0.015901129692792892,-0.01506422832608223,-0.014227326959371567,-0.013390425592660904,-0.012553524225950241,-0.011716622859239578,-0.010879721492528915,-0.010042820125818253,-0.00920591875910759,-0.008369017392396927,-0.007532116025686264,-0.006695212796330452,-0.005858311429619789,-0.005021410062909126,-0.0041845086961984634,-0.0033476073294878006,-0.0025107059627771378,-0.001673804596066475,-0.0008369032293558121,-1.862645149230957e-09,0.0008368995040655136,0.0016738008707761765,0.0025107022374868393,0.003347603604197502,0.004184504970908165,0.005021406337618828,0.005858307704329491,0.0066952090710401535,0.007532112300395966,0.008369013667106628,0.009205915033817291,0.010042816400527954,0.010879717767238617,0.01171661913394928,0.012553520500659943,0.013390421867370605,0.014227323234081268,0.015064224600791931,0.015901125967502594,0.016738027334213257,0.01757492870092392,0.018411830067634583,0.019248731434345245,0.020085632801055908,0.02092253416776657,0.021759435534477234,0.022596338763833046,0.02343324013054371,0.02427014149725437,0.025107042863965034,0.025943944230675697,0.02678084559738636],"_type":"histogram"},"gradients/graph_44gat1.heads.0.fc.weight":{"_type":"histogram","values":[2,0,0,0,1,0,0,0,0,0,0,0,0,0,1,0,0,0,1,0,0,2,1,0,0,0,0,0,1,0,0,0,0,1,0,0,0,1,0,0,0,0,2,0,2,2,0,0,1,1,1,0,0,0,0,0,0,2,0,0,0,0,0,2],"bins":[-0.011080543510615826,-0.010778755880892277,-0.010476969182491302,-0.010175181552767754,-0.00987339485436678,-0.00957160722464323,-0.009269820526242256,-0.008968032896518707,-0.008666246198117733,-0.008364458568394184,-0.00806267186999321,-0.007760884240269661,-0.007459097076207399,-0.007157309912145138,-0.006855522748082876,-0.006553735584020615,-0.006251948419958353,-0.0059501612558960915,-0.00564837409183383,-0.005346586927771568,-0.005044799763709307,-0.004743012599647045,-0.0044412254355847836,-0.004139438271522522,-0.003837650641798973,-0.0035358634777367115,-0.00323407631367445,-0.0029322896152734756,-0.0026305019855499268,-0.0023287152871489525,-0.0020269276574254036,-0.0017251409590244293,-0.0014233533293008804,-0.0011215656995773315,-0.0008197790011763573,-0.0005179913714528084,-0.0002162046730518341,8.558295667171478e-05,0.00038736965507268906,0.0006891568191349506,0.0009909439831972122,0.001292731612920761,0.0015945187769830227,0.0018963059410452843,0.002198093105107546,0.0024998802691698074,0.002801667433232069,0.0031034545972943306,0.003405241761356592,0.0037070289254188538,0.004008816089481115,0.004310603253543377,0.0046123904176056385,0.0049141775816679,0.005215965211391449,0.005517751909792423,0.005819539539515972,0.006121326237916946,0.006423113867640495,0.006724901031702757,0.0070266881957650185,0.00732847535982728,0.007630262523889542,0.007932049222290516,0.008233836852014065]},"val_loss":0.6740255653858185,"_step":4,"val_accuracy":0.5555555555555556,"_timestamp":1.7317018277971776e+09,"_wandb":{"runtime":6},"gradients/graph_44classifier.bias":{"values":[1,0,0,0,0,0,0,0,0,0,0,0,0,0,0,0,0,0,0,0,0,0,0,0,0,0,0,0,0,0,0,0,0,0,0,0,0,0,0,0,0,0,0,0,0,0,0,0,0,0,0,0,0,0,0,0,0,0,0,0,0,0,0,1],"bins":[-0.015803828835487366,-0.015309958718717098,-0.014816089533269405,-0.014322219416499138,-0.01382834929972887,-0.013334479182958603,-0.01284060999751091,-0.012346739880740643,-0.011852869763970375,-0.011359000578522682,-0.010865130461752415,-0.010371260344982147,-0.009877391159534454,-0.009383521042764187,-0.00888965092599392,-0.008395781740546227,-0.007901911623775959,-0.0074080415070056915,-0.006914172321557999,-0.006420302204787731,-0.005926432088017464,-0.005432562902569771,-0.004938692785799503,-0.004444822669029236,-0.003950953483581543,-0.0034570833668112755,-0.002963213250041008,-0.0024693431332707405,-0.0019754739478230476,-0.0014816038310527802,-0.0009877337142825127,-0.0004938645288348198,5.587935447692871e-09,0.0004938757047057152,0.000987744890153408,0.0014816150069236755,0.001975485123693943,0.002469354309141636,0.0029632244259119034,0.003457094542682171,0.003950964659452438,0.004444833844900131,0.004938703961670399,0.005432574078440666,0.005926443263888359,0.0064203133806586266,0.006914183497428894,0.007408052682876587,0.007901922799646854,0.008395792916417122,0.008889662101864815,0.009383532218635082,0.00987740233540535,0.010371271520853043,0.01086514163762331,0.011359011754393578,0.01185288093984127,0.012346751056611538,0.012840621173381805,0.013334490358829498,0.013828360475599766,0.014322230592370033,0.0148161007091403,0.015309969894587994,0.01580384001135826],"_type":"histogram"},"gradients/graph_44gat1.heads.0.attn_fc.weight":{"bins":[-0.00511131202802062,-0.004911790601909161,-0.004712269175797701,-0.004512747749686241,-0.004313226789236069,-0.004113705363124609,-0.003914183937013149,-0.0037146625109016895,-0.0035151413176208735,-0.0033156201243400574,-0.0031160986982285976,-0.002916577272117138,-0.002717055846005678,-0.002517534652724862,-0.0023180132266134024,-0.0021184920333325863,-0.0019189706072211266,-0.0017194491811096668,-0.0015199279878288507,-0.001320406561717391,-0.001120885368436575,-0.0009213639423251152,-0.0007218425162136555,-0.0005223210901021957,-0.000322799663990736,-0.00012327870354056358,7.624272257089615e-05,0.0002757641486823559,0.0004752855747938156,0.0006748070009052753,0.0008743279613554478,0.0010738493874669075,0.00127337034791708,0.0014728917740285397,0.0016724132001399994,0.0018719341605901718,0.0020714555867016315,0.0022709770128130913,0.002470498438924551,0.0026700198650360107,0.002869540825486183,0.003069062251597643,0.0032685836777091026,0.0034681051038205624,0.003667626529932022,0.003867147723212838,0.0040666693821549416,0.004266190342605114,0.004465711768716574,0.0046652331948280334,0.004864754155278206,0.005064276047050953,0.005263797007501125,0.005463318433612585,0.005662839859724045,0.0058623612858355045,0.006061882711946964,0.006261403672397137,0.006460925098508596,0.006660446524620056,0.006859967950731516,0.007059489376842976,0.007259010337293148,0.007458531763404608,0.0076580531895160675],"_type":"histogram","values":[1,0,0,0,0,0,1,0,0,0,0,0,0,0,0,0,0,0,1,0,0,0,1,0,0,0,0,0,0,0,0,0,1,0,0,0,0,0,0,0,1,0,0,0,0,0,0,0,0,0,0,0,0,0,0,0,0,0,1,0,0,0,0,1]},"train_f1":0.41151020408163264,"parameters/graph_44classifier.bias":{"_type":"histogram","values":[1,0,0,0,0,0,0,0,0,0,0,0,0,0,0,0,0,0,0,0,0,0,0,0,0,0,0,0,0,0,0,0,0,0,0,0,0,0,0,0,0,0,0,0,0,0,0,0,0,0,0,0,0,0,0,0,0,0,0,0,0,0,0,1],