{"gradients/graph_12classifier.bias":{"_type":"histogram","values":[1,0,0,0,0,0,0,0,0,0,0,0,0,0,0,0,0,0,0,0,0,0,0,0,0,0,0,0,0,0,0,0,0,0,0,0,0,0,0,0,0,0,0,0,0,0,0,0,0,0,0,0,0,0,0,0,0,0,0,0,0,0,0,1],"bins":[-0.12940776348114014,-0.1253637671470642,-0.12131977826356888,-0.11727578938007355,-0.11323179304599762,-0.10918780416250229,-0.10514381527900696,-0.10109981894493103,-0.0970558226108551,-0.09301183372735977,-0.08896784484386444,-0.08492384850978851,-0.08087985962629318,-0.07683587074279785,-0.07279187440872192,-0.068747878074646,-0.06470388919115067,-0.060659900307655334,-0.05661590397357941,-0.052571915090084076,-0.04852791875600815,-0.04448392987251282,-0.04043993353843689,-0.03639594465494156,-0.03235195577144623,-0.0283079594373703,-0.02426397055387497,-0.020219974219799042,-0.01617598533630371,-0.012131989002227783,-0.008088000118732452,-0.004044011235237122,-1.4901161193847656e-08,0.004043981432914734,0.008087970316410065,0.012131959199905396,0.016175955533981323,0.020219944417476654,0.024263940751552582,0.028307929635047913,0.03235192596912384,0.03639591485261917,0.0404399037361145,0.04448390007019043,0.04852788895368576,0.05257188528776169,0.05661587417125702,0.06065987050533295,0.06470385938882828,0.06874784827232361,0.07279184460639954,0.07683584094047546,0.0808798298239708,0.08492381870746613,0.08896781504154205,0.09301180392503738,0.09705579280853271,0.10109978914260864,0.10514378547668457,0.1091877743601799,0.11323176324367523,0.11727575957775116,0.12131974846124649,0.12536373734474182,0.12940773367881775]},"parameters/graph_12gat1.heads.0.fc.weight":{"bins":[-0.8423363566398621,-0.8125947713851929,-0.7828531265258789,-0.7531115412712097,-0.7233699560165405,-0.6936283707618713,-0.6638867855072021,-0.6341451406478882,-0.604403555393219,-0.5746619701385498,-0.5449203252792358,-0.5151787400245667,-0.48543715476989746,-0.45569556951522827,-0.4259539544582367,-0.3962123394012451,-0.3664707541465759,-0.33672916889190674,-0.30698758363723755,-0.2772459387779236,-0.2475043535232544,-0.2177627682685852,-0.18802112340927124,-0.15827953815460205,-0.12853795289993286,-0.09879636764526367,-0.06905478239059448,-0.03931313753128052,-0.009571552276611328,0.02017003297805786,0.049911677837371826,0.07965326309204102,0.10939478874206543,0.13913637399673462,0.1688779592514038,0.19861960411071777,0.22836118936538696,0.25810277462005615,0.2878444194793701,0.3175860047340393,0.3473275899887085,0.3770691752433777,0.4068107604980469,0.43655240535736084,0.46629399061203003,0.4960355758666992,0.5257772207260132,0.5555188059806824,0.5852603912353516,0.6150019764900208,0.6447435617446899,0.6744852066040039,0.7042267918586731,0.7339683771133423,0.7637100219726562,0.7934516072273254,0.8231931924819946,0.8529347777366638,0.882676362991333,0.912418007850647,0.9421595931053162,0.9719011783599854,1.0016428232192993,1.0313843488693237,1.0611259937286377],"_type":"histogram","values":[2,0,2,2,0,1,0,0,1,0,1,2,1,3,3,1,6,2,0,4,4,2,0,2,6,0,2,3,3,1,1,4,1,3,1,5,0,2,1,3,1,1,3,4,3,1,1,1,0,1,2,0,0,1,0,0,1,0,0,0,0,0,0,1]},"epoch":5,"train_f1":0.41151020408163264,"val_loss":0.6815140843391418,"val_accuracy":0.5555555555555556,"train_loss":0.6902123987674713,"_runtime":7.991118,"parameters/graph_12classifier.bias":{"_type":"histogram","values":[1,0,0,0,0,0,0,0,0,0,0,0,0,0,0,0,0,0,0,0,0,0,0,0,0,0,0,0,0,0,0,0,0,0,0,0,0,0,0,0,0,0,0,0,0,0,0,0,0,0,0,0,0,0,0,0,0,0,0,0,0,0,0,1],"bins":[-0.22420863807201385,-0.21941499412059784,-0.21462135016918182,-0.209827721118927,-0.205034077167511,-0.20024043321609497,-0.19544678926467896,-0.19065314531326294,-0.18585950136184692,-0.1810658723115921,-0.1762722283601761,-0.17147858440876007,-0.16668494045734406,-0.16189131140708923,-0.15709766745567322,-0.1523040235042572,-0.1475103795528412,-0.14271673560142517,-0.13792309165000916,-0.13312944769859314,-0.12833581864833832,-0.1235421746969223,-0.11874853074550629,-0.11395489424467087,-0.10916125029325485,-0.10436760634183884,-0.09957396984100342,-0.0947803258895874,-0.08998668193817139,-0.08519303798675537,-0.08039940893650055,-0.07560576498508453,-0.07081213593482971,-0.0660184919834137,-0.06122484803199768,-0.05643121898174286,-0.05163757503032684,-0.04684393107891083,-0.04205028712749481,-0.03725665062665939,-0.03246300667524338,-0.027669362723827362,-0.022875726222991943,-0.018082082271575928,-0.013288438320159912,-0.008494801819324493,-0.003701157867908478,0.001092478632926941,0.0058861225843429565,0.010679766535758972,0.015473403036594391,0.020267046988010406,0.025060687214136124,0.02985432744026184,0.034647971391677856,0.039441611617803574,0.04423525184392929,0.04902889207005501,0.053822532296180725,0.05861617624759674,0.06340982019901276,0.06820345669984818,0.07299710065126419,0.07779073715209961,0.08258438110351562]},"gradients/graph_12gat1.heads.0.attn_fc.weight":{"values":[1,1,0,0,0,0,0,0,0,0,0,0,1,1,2,0,0,0,0,0,0,1,0,0,3,2,1,3,4,5,1,0,0,1,0,0,0,1,1,0,0,0,1,0,0,0,0,0,0,0,1,0,0,0,0,0,0,0,0,0,0,0,0,1],"bins":[-0.007792334537953138,-0.007508158218115568,-0.007223981898277998,-0.006939805578440428,-0.006655629258602858,-0.006371452938765287,-0.0060872770845890045,-0.005803100764751434,-0.005518924444913864,-0.005234748125076294,-0.004950571805238724,-0.0046663954854011536,-0.004382219165563583,-0.004098042845726013,-0.003813866525888443,-0.003529690206050873,-0.0032455138862133026,-0.0029613375663757324,-0.0026771612465381622,-0.002392984926700592,-0.002108808606863022,-0.0018246322870254517,-0.0015404559671878815,-0.0012562796473503113,-0.0009721037931740284,-0.0006879274733364582,-0.000403751153498888,-0.00011957483366131783,0.00016460148617625237,0.00044877780601382256,0.0007329541258513927,0.001017130445688963,0.0013013062998652458,0.001585482619702816,0.0018696589395403862,0.0021538352593779564,0.0024380115792155266,0.0027221878990530968,0.003006364218890667,0.003290540538728237,0.0035747168585658073,0.0038588927127420902,0.00414306903257966,0.004427245352417231,0.004711421672254801,0.004995597992092371,0.005279774311929941,0.005563950631767511,0.0058481269516050816,0.006132303271442652,0.006416479591280222,0.006700655911117792,0.006984832230955362,0.007269008085131645,0.007553184404969215,0.007837360724806786,0.008121537044644356,0.008405713364481926,0.008689889684319496,0.008974066004157066,0.009258242323994637,0.009542418643832207,0.009826594963669777,0.010110771283507347,0.010394947603344917],"_type":"histogram"},"_timestamp":1.731694545500285e+09,"gradients/graph_12gat1.heads.0.fc.weight":{"_type":"histogram","values":[1,0,0,1,1,0,0,0,0,0,0,1,1,1,1,0,0,0,1,1,1,1,1,0,0,1,1,2,0,1,7,3,7,4,4,1,10,5,4,1,0,1,2,2,1,1,5,1,1,4,2,0,0,2,2,4,0,0,0,0,2,0,1,2],