{"val_loss":0.6893758177757263,"train_f1":0.41151020408163264,"_timestamp":1.731632348390887e+09,"parameters/graph_27classifier.bias":{"_type":"histogram","values":[1,0,0,0,0,0,0,0,0,0,0,0,0,0,0,0,0,0,0,0,0,0,0,0,0,0,0,0,0,0,0,0,0,0,0,0,0,0,0,0,0,0,0,0,0,0,0,0,0,0,0,0,0,0,0,0,0,0,0,0,0,0,0,1],"bins":[-0.0805806964635849,-0.07997840642929077,-0.07937611639499664,-0.07877382636070251,-0.07817154377698898,-0.07756925374269485,-0.07696696370840073,-0.0763646736741066,-0.07576238363981247,-0.07516009360551834,-0.07455780357122421,-0.07395551353693008,-0.07335323095321655,-0.07275094091892242,-0.0721486508846283,-0.07154636085033417,-0.07094407081604004,-0.07034178078174591,-0.06973949074745178,-0.06913720071315765,-0.06853491812944412,-0.06793262809515,-0.06733033806085587,-0.06672804802656174,-0.06612575799226761,-0.06552346795797348,-0.06492118537425995,-0.06431889533996582,-0.06371660530567169,-0.06311431527137756,-0.06251202523708344,-0.06190973520278931,-0.06130744516849518,-0.06070515885949135,-0.06010286882519722,-0.05950058251619339,-0.05889829248189926,-0.05829600244760513,-0.057693712413311005,-0.057091422379016876,-0.05648913234472275,-0.05588684603571892,-0.05528455600142479,-0.05468226969242096,-0.05407997965812683,-0.0534776896238327,-0.052875399589538574,-0.052273109555244446,-0.051670823246240616,-0.05106853321194649,-0.05046624317765236,-0.04986395686864853,-0.0492616668343544,-0.04865937680006027,-0.048057086765766144,-0.047454800456762314,-0.046852510422468185,-0.04625022038817406,-0.04564793035387993,-0.0450456440448761,-0.04444335401058197,-0.04384106397628784,-0.04323877394199371,-0.04263648763298988,-0.042034197598695755]},"val_accuracy":0.5555555555555556,"parameters/graph_27gat1.heads.1.fc.weight":{"bins":[-1.0409265756607056,-1.0103448629379272,-0.9797631502151489,-0.9491814374923706,-0.9185997247695923,-0.888018012046814,-0.8574362993240356,-0.8268545866012573,-0.796272873878479,-0.7656911611557007,-0.7351094484329224,-0.704527735710144,-0.6739460229873657,-0.6433643102645874,-0.6127825975418091,-0.5822008848190308,-0.5516191720962524,-0.5210374593734741,-0.4904557466506958,-0.4598740339279175,-0.42929232120513916,-0.39871060848236084,-0.3681288957595825,-0.3375471830368042,-0.3069654703140259,-0.27638375759124756,-0.24580204486846924,-0.21522033214569092,-0.1846386194229126,-0.15405690670013428,-0.12347519397735596,-0.09289348125457764,-0.06231182813644409,-0.03173011541366577,-0.0011484026908874512,0.02943331003189087,0.06001502275466919,0.09059673547744751,0.12117844820022583,0.15176016092300415,0.18234187364578247,0.2129235863685608,0.2435052990913391,0.27408701181411743,0.30466872453689575,0.3352504372596741,0.3658321499824524,0.3964138627052307,0.42699557542800903,0.45757728815078735,0.4881590008735657,0.518740713596344,0.5493224263191223,0.5799041390419006,0.610485851764679,0.6410675644874573,0.6716492772102356,0.7022309899330139,0.7328127026557922,0.7633944153785706,0.7939761281013489,0.8245578408241272,0.8551395535469055,0.8857212662696838,0.9163029789924622],"_type":"histogram","values":[1,0,0,0,1,0,0,0,1,1,0,3,0,2,0,2,2,0,3,2,5,3,2,1,3,0,3,1,1,2,2,6,1,2,2,5,2,4,4,2,3,1,4,0,1,4,0,2,3,1,2,0,0,1,2,0,0,1,0,0,0,1,0,1]},"parameters/graph_27gat1.heads.0.fc.weight":{"_type":"histogram","values":[1,0,0,0,0,0,0,0,0,0,0,0,0,0,1,0,0,0,0,1,1,0,3,1,0,4,0,0,2,2,1,2,4,0,2,8,3,0,3,5,4,2,2,5,3,1,1,2,3,5,4,2,4,0,1,4,0,1,3,1,2,1,0,1],"bins":[-1.4613592624664307,-1.4250249862670898,-1.388690710067749,-1.3523563146591187,-1.3160220384597778,-1.279687762260437,-1.2433534860610962,-1.2070190906524658,-1.170684814453125,-1.1343505382537842,-1.0980162620544434,-1.0616819858551025,-1.0253477096557617,-0.9890133142471313,-0.9526790380477905,-0.9163447022438049,-0.8800104260444641,-0.8436761498451233,-0.8073418140411377,-0.7710075378417969,-0.7346732020378113,-0.6983389258384705,-0.6620045900344849,-0.625670313835144,-0.5893360376358032,-0.5530017018318176,-0.5166674256324768,-0.4803330898284912,-0.4439988136291504,-0.40766453742980957,-0.3713301420211792,-0.3349958658218384,-0.29866164922714233,-0.2623273730278015,-0.2259930968284607,-0.18965870141983032,-0.1533244252204895,-0.11699014902114868,-0.08065581321716309,-0.044321537017822266,-0.00798720121383667,0.02834707498550415,0.06468135118484497,0.10101568698883057,0.1373499631881714,0.17368429899215698,0.2100185751914978,0.2463529109954834,0.2826871871948242,0.31902146339416504,0.35535579919815063,0.39169010519981384,0.42802441120147705,0.46435868740081787,0.5006929636001587,0.5370272994041443,0.5733616352081299,0.6096959114074707,0.6460301876068115,0.6823645234107971,0.7186987996101379,0.7550331354141235,0.7913674116134644,0.82770174741745,0.8640360236167908]},"parameters/graph_27classifier.weight":{"_type":"histogram","values":[2,1,0,1,2,1,2,1,1,0,3,0,1,0,1,0,1,2,1,1,0,0,2,1,2,0,2,1,1,0,2,2,3,2,1,1,1,2,0,1,1,1,1,2,0,0,1,1,0,1,1,0,2,2,0,1,0,1,1,0,2,0,0,1],"bins":[-0.14246031641960144,-0.13749819993972778,-0.13253606855869293,-0.12757395207881927,-0.12261183559894562,-0.11764971166849136,-0.11268758773803711,-0.10772547125816345,-0.1027633473277092,-0.09780122339725494,-0.09283910691738129,-0.08787698298692703,-0.08291485905647278,-0.07795274257659912,-0.07299061864614487,-0.06802850216627121,-0.06306637823581696,-0.0581042543053627,-0.053142137825489044,-0.04818001389503479,-0.04321789741516113,-0.03825577348470688,-0.033293649554252625,-0.028331533074378967,-0.023369409143924713,-0.01840728521347046,-0.013445168733596802,-0.008483052253723145,-0.0035209208726882935,0.0014411956071853638,0.006403312087059021,0.011365443468093872,0.016327574849128723,0.02128969132900238,0.02625182271003723,0.03121393918991089,0.036176055669784546,0.0411381870508194,0.046100303530693054,0.05106242001056671,0.056024543941020966,0.06098666787147522,0.06594878435134888,0.07091090828180313,0.07587303221225739,0.08083514869213104,0.0857972726225853,0.09075938910245895,0.09572151303291321,0.10068363696336746,0.10564575344324112,0.11060787737369537,0.11556999385356903,0.12053211778402328,0.12549424171447754,0.1304563581943512,0.13541847467422485,0.1403806060552597,0.14534272253513336,0.1503048539161682,0.15526697039604187,0.16022908687591553,0.16519120335578918,0.17015333473682404,0.1751154512166977]},"gradients/graph_27gat1.heads.1.attn_fc.weight":{"bins":[-0.03249411657452583,-0.03136947751045227,-0.030244838446378708,-0.029120199382305145,-0.027995560318231583,-0.02687092125415802,-0.025746284052729607,-0.024621644988656044,-0.02349700592458248,-0.02237236686050892,-0.021247727796435356,-0.020123090595006943,-0.01899845153093338,-0.017873812466859818,-0.016749173402786255,-0.015624534338712692,-0.01449989527463913,-0.013375256210565567,-0.012250617146492004,-0.011125978082418442,-0.01000133901834488,-0.008876701816916466,-0.007752062752842903,-0.0066274236887693405,-0.005502784624695778,-0.004378145560622215,-0.0032535064965486526,-0.00212886743247509,-0.0010042302310466766,0.00012040883302688599,0.0012450478971004486,0.0023696869611740112,0.003494326025247574,0.0046189650893211365,0.005743604153394699,0.006868243217468262,0.007992882281541824,0.009117519482970238,0.0102421585470438,0.011366797611117363,0.012491436675190926,0.013616075739264488,0.01474071480333805,0.015865353867411613,0.016989991068840027,0.01811463013291359,0.019239269196987152,0.020363908261060715,0.021488547325134277,0.02261318638920784,0.023737825453281403,0.024862464517354965,0.025987103581428528,0.02711174264550209,0.028236379846930504,0.029361018911004066,0.03048565797507763,0.03161029517650604,0.032734934240579605,0.03385957330465317,0.03498421236872673,0.03610885143280029,0.037233490496873856,0.03835812956094742,0.03948276862502098],"_type":"histogram","values":[1,0,0,0,0,0,0,0,1,0,0,0,1,1,0,0,0,0,0,1,0,1,0,1,0,0,0,0,11,6,0,0,0,1,0,0,0,0,2,0,1,0,0,0,1,0,0,1,0,0,0,0,0,0,1,0,0,0,0,0,0,0,0,1]},"_wandb":{"runtime":9},"train_accuracy":0.568,"_runtime":9.5524782,"epoch":5,