{"train/f1_score":0.7186823529411765,"_timestamp":1.7307193370470202e+09,"gradients/gat1.bias":0.1887117326259613,"val/loss":0.6326790452003479,"gradients/gat1.fc.weight":0.18289870023727417,"gradients/gat1.attn_l":0.23124635219573975,"gradients/classifier.weight":0.11389104276895523,"_step":79,"train/accuracy":0.736,"val/accuracy":0.7407407407407407,"gradients/classifier.bias":0.14433902502059937,"val/f1_score":0.7251461988304093,"_wandb":{"runtime":33},"_runtime":33.1463484,"gradients/gat1.attn_r":0.014987904578447342,"train/loss":0.621301680803299}