{"train_accuracy":0.432,"_runtime":5.4454336,"gradients/graph_11classifier.bias":{"bins":[-0.33316880464553833,-0.3227572739124298,-0.3123457431793213,-0.30193424224853516,-0.29152271151542664,-0.2811111807823181,-0.2706996500492096,-0.2602881193161011,-0.24987660348415375,-0.23946508765220642,-0.2290535569190979,-0.21864202618598938,-0.20823049545288086,-0.19781897962093353,-0.187407448887825,-0.17699593305587769,-0.16658440232276917,-0.15617287158966064,-0.14576135575771332,-0.1353498250246048,-0.12493830919265747,-0.11452677845954895,-0.10411524772644043,-0.0937037318944931,-0.08329220116138458,-0.07288068532943726,-0.062469154596328735,-0.052057623863220215,-0.041646093130111694,-0.031234562397003174,-0.02082306146621704,-0.01041153073310852,0,0.01041153073310852,0.02082306146621704,0.031234562397003174,0.041646093130111694,0.052057623863220215,0.062469154596328735,0.07288068532943726,0.08329220116138458,0.0937037318944931,0.10411524772644043,0.11452677845954895,0.12493830919265747,0.1353498250246048,0.14576135575771332,0.15617287158966064,0.16658440232276917,0.17699593305587769,0.187407448887825,0.19781897962093353,0.20823049545288086,0.21864202618598938,0.2290535569190979,0.23946508765220642,0.24987660348415375,0.2602881193161011,0.2706996500492096,0.2811111807823181,0.29152271151542664,0.30193424224853516,0.3123457431793213,0.3227572739124298,0.33316880464553833],"_type":"histogram","values":[1,0,0,0,0,0,0,0,0,0,0,0,0,0,0,0,0,0,0,0,0,0,0,0,0,0,0,0,0,0,0,0,0,0,0,0,0,0,0,0,0,0,0,0,0,0,0,0,0,0,0,0,0,0,0,0,0,0,0,0,0,0,0,1]},"train_f1":0.26064804469273745,"_step":4,"val_loss":0.7866402268409729,"epoch":5,"parameters/graph_11gat1.heads.0.attn_fc.weight":{"_type":"histogram","values":[1,0,0,0,0,0,0,0,0,0,0,0,0,0,0,0,0,0,0,0,0,0,1,0,0,1,0,0,0,1,0,1,0,0,0,0,0,0,1,0,1,2,0,0,1,0,0,0,1,1,1,0,1,0,0,0,1,0,0,0,0,0,0,1],"bins":[-1.3621604442596436,-1.3311131000518799,-1.3000657558441162,-1.2690184116363525,-1.2379710674285889,-1.2069237232208252,-1.1758763790130615,-1.1448289155960083,-1.1137815713882446,-1.082734227180481,-1.0516868829727173,-1.0206395387649536,-0.9895921945571899,-0.9585448503494263,-0.9274975061416626,-0.8964501023292542,-0.8654027581214905,-0.8343554139137268,-0.8033080697059631,-0.7722606658935547,-0.741213321685791,-0.7101659774780273,-0.6791186332702637,-0.6480712890625,-0.6170239448547363,-0.5859765410423279,-0.5549291968345642,-0.5238818526268005,-0.49283450841903687,-0.4617871642112732,-0.43073976039886475,-0.3996924161911011,-0.3686451315879822,-0.3375977873802185,-0.30655044317245483,-0.2755030393600464,-0.24445569515228271,-0.21340835094451904,-0.18236100673675537,-0.1513136625289917,-0.12026625871658325,-0.08921891450881958,-0.05817157030105591,-0.027124226093292236,0.0039231181144714355,0.03497046232223511,0.06601786613464355,0.09706521034240723,0.1281125545501709,0.15915989875793457,0.19020727276802063,0.2212546169757843,0.25230199098587036,0.28334933519363403,0.3143966794013977,0.34544405341148376,0.37649139761924744,0.4075387716293335,0.43858611583709717,0.46963346004486084,0.5006808042526245,0.5317281484603882,0.5627755522727966,0.5938228964805603,0.624870240688324]},"gradients/graph_11classifier.weight":{"_type":"histogram","values":[1,0,0,0,1,0,0,0,0,0,0,0,0,0,1,1,1,0,0,0,0,0,0,2,0,0,0,0,0,1,0,0,0,0,1,0,0,0,0,0,2,0,0,0,0,0,0,1,1,1,0,0,0,0,0,0,0,0,0,1,0,0,0,1],"bins":[-0.7353485822677612,-0.7123689651489258,-0.6893892884254456,-0.6664096713066101,-0.6434299945831299,-0.6204503774642944,-0.597470760345459,-0.5744910836219788,-0.5515114068984985,-0.5285317897796631,-0.5055521726608276,-0.4825724959373474,-0.45959287881851196,-0.4366132318973541,-0.4136335849761963,-0.39065393805503845,-0.3676742911338806,-0.3446946442127228,-0.32171499729156494,-0.2987353503704071,-0.27575570344924927,-0.2527760863304138,-0.2297964096069336,-0.20681679248809814,-0.1838371753692627,-0.16085749864578247,-0.13787788152694702,-0.1148982048034668,-0.09191858768463135,-0.06893891096115112,-0.045959293842315674,-0.02297961711883545,5.960464477539063e-08,0.022979676723480225,0.04595935344696045,0.0689389705657959,0.09191864728927612,0.11489826440811157,0.1378779411315918,0.16085755825042725,0.18383723497390747,0.20681685209274292,0.22979646921157837,0.2527761459350586,0.27575576305389404,0.2987354099750519,0.3217150568962097,0.34469470381736755,0.3676743507385254,0.3906539976596832,0.41363364458084106,0.4366132915019989,0.45959293842315674,0.4825725555419922,0.5055521726608276,0.5285318493843079,0.5515115261077881,0.5744911432266235,0.597470760345459,0.6204504370689392,0.6434300541877747,0.6664097309112549,0.6893893480300903,0.7123690247535706,0.735348641872406]},"parameters/graph_11gat1.heads.0.fc.weight":{"_type":"histogram","values":[1,0,0,0,0,2,0,1,0,0,0,0,3,1,0,1,0,1,1,1,2,1,0,0,0,1,2,1,2,0,0,2,1,2,3,2,2,0,0,0,2,0,2,2,1,0,0,0,1,2,0,1,0,1,0,0,1,0,1,0,0,0,0,1],"bins":[-1.0042064189910889,-0.9702379107475281,-0.9362694025039673,-0.9023008942604065,-0.8683323860168457,-0.8343639373779297,-0.8003954291343689,-0.7664269208908081,-0.7324584126472473,-0.6984899044036865,-0.6645213961601257,-0.6305528879165649,-0.5965844392776489,-0.5626158714294434,-0.5286474227905273,-0.49467891454696655,-0.46071040630340576,-0.42674189805984497,-0.3927733898162842,-0.3588048815727234,-0.3248363733291626,-0.2908679246902466,-0.2568994164466858,-0.222930908203125,-0.1889623999595642,-0.15499389171600342,-0.12102538347244263,-0.08705687522888184,-0.05308842658996582,-0.01911991834640503,0.014848589897155762,0.04881715774536133,0.0827857255935669,0.11675417423248291,0.15072274208068848,0.18469125032424927,0.21865975856781006,0.2526282072067261,0.28659671545028687,0.32056522369384766,0.35453373193740845,0.38850224018096924,0.42247074842453003,0.4564392566680908,0.49040770530700684,0.5243762135505676,0.5583447217941284,0.5923132300376892,0.62628173828125,0.6602502465248108,0.6942187547683716,0.7281872034072876,0.7621557712554932,0.7961242198944092,0.83009272813797,0.8640612363815308,0.8980297446250916,0.9319982528686523,0.9659667611122131,0.9999352693557739,1.03390371799469,1.0678722858428955,1.1018407344818115,1.135809302330017,1.169777750968933]},"parameters/graph_11classifier.weight":{"values":[1,0,2,0,0,0,0,0,0,0,0,0,0,0,3,0,0,0,0,1,0,1,1,0,0,0,1,0,0,0,1,0,0,1,0,0,0,1,2,0,0,0,0,0,0,0,0,0,0,0,0,0,0,0,0,0,0,0,0,0,0,0,0,1],"bins":[-0.32399797439575195,-0.31360355019569397,-0.303209125995636,-0.2928146719932556,-0.28242024779319763,-0.27202582359313965,-0.26163139939308167,-0.2512369751930237,-0.2408425360918045,-0.23044809699058533,-0.22005367279052734,-0.20965924859046936,-0.19926482439041138,-0.1888703852891922,-0.17847596108913422,-0.16808152198791504,-0.15768709778785706,-0.14729267358779907,-0.1368982344865799,-0.1265038102865219,-0.11610937118530273,-0.10571494698524475,-0.09532052278518677,-0.08492608368396759,-0.0745316594839096,-0.06413722038269043,-0.053742796182632446,-0.04334837198257446,-0.03295394778251648,-0.022559523582458496,-0.012165069580078125,-0.0017706453800201416,0.008623749017715454,0.019018173217773438,0.02941259741783142,0.03980705142021179,0.050201475620269775,0.06059589982032776,0.07099032402038574,0.08138474822044373,0.0917791873216629,0.10217361152172089,0.11256805062294006,0.12296247482299805,0.13335689902305603,0.1437513381242752,0.1541457623243332,0.16454020142555237,0.17493462562561035,0.18532904982566833,0.1957234889268875,0.2061179131269455,0.21651235222816467,0.22690677642822266,0.23730120062828064,0.24769562482833862,0.258090078830719,0.268484503030777,0.27887892723083496,0.28927335143089294,0.2996677756309509,0.3100621998310089,0.3204566538333893,0.33085107803344727,0.34124550223350525],"_type":"histogram"},"gradients/graph_11gat1.heads.0.attn_fc.weight":{"_type":"histogram","values":[1,0,0,0,0,0,0,1,0,0,0,0,0,0,0,0,0,0,0,0,0,0,0,1,0,0,0,1,0,0,0,1,0,0,0,0,0,0,0,0,0,1,2,0,1,2,2,0,0,0,0,0,0,0,1,0,0,0,0,0,0,1,0,1],