{"parameters/graph_42gat1.heads.1.fc.weight":{"values":[1,0,0,0,0,0,0,0,0,0,2,0,0,3,3,1,1,3,4,0,3,3,4,3,5,3,1,2,5,5,5,5,0,2,1,1,0,3,3,4,2,4,3,3,2,0,1,1,0,1,0,0,0,1,1,0,0,0,0,0,0,0,0,1],"bins":[-1.06108820438385,-1.0256273746490479,-0.990166425704956,-0.9547055959701538,-0.9192447066307068,-0.8837838172912598,-0.8483229875564575,-0.8128620982170105,-0.7774012088775635,-0.7419403195381165,-0.7064794301986694,-0.6710186004638672,-0.6355577111244202,-0.6000968217849731,-0.5646359920501709,-0.5291751027107239,-0.49371421337127686,-0.45825332403182983,-0.4227924346923828,-0.38733160495758057,-0.35187071561813354,-0.3164098262786865,-0.2809489965438843,-0.24548810720443726,-0.21002721786499023,-0.1745663285255432,-0.1391054391860962,-0.10364460945129395,-0.06818372011184692,-0.0327228307723999,0.0027379989624023438,0.03819894790649414,0.07365977764129639,0.10912060737609863,0.14458155632019043,0.18004238605499268,0.2155032753944397,0.2509641647338867,0.28642499446868896,0.321885883808136,0.357346773147583,0.39280766248703003,0.42826855182647705,0.4637293815612793,0.4991902709007263,0.5346511602401733,0.5701119899749756,0.6055728793144226,0.6410337686538696,0.6764946579933167,0.7119555473327637,0.7474163770675659,0.7828772664070129,0.81833815574646,0.8537989854812622,0.8892598748207092,0.9247207641601562,0.9601816534996033,0.9956425428390503,1.0311033725738525,1.0665643215179443,1.1020251512527466,1.1374859809875488,1.1729469299316406,1.2084077596664429],"_type":"histogram"},"parameters/graph_42gat1.heads.0.fc.weight":{"values":[1,0,1,0,0,0,0,1,1,2,0,0,2,2,1,0,0,1,3,1,1,4,0,2,3,0,2,5,2,4,0,2,2,0,2,2,4,3,3,2,2,2,1,2,2,3,0,3,5,2,1,0,2,2,1,1,1,2,1,1,0,1,1,1],"bins":[-1.0575172901153564,-1.0269219875335693,-0.9963266253471375,-0.9657312631607056,-0.9351359605789185,-0.9045406579971313,-0.8739452958106995,-0.8433499336242676,-0.8127546310424805,-0.7821593284606934,-0.7515639662742615,-0.7209686040878296,-0.6903733015060425,-0.6597779989242554,-0.6291826367378235,-0.5985872745513916,-0.5679919719696045,-0.5373966693878174,-0.5068013072013855,-0.4762059450149536,-0.4456106424331665,-0.4150153398513794,-0.3844199776649475,-0.3538246154785156,-0.3232293128967285,-0.2926340103149414,-0.2620386481285095,-0.23144328594207764,-0.20084798336029053,-0.17025268077850342,-0.13965731859207153,-0.10906195640563965,-0.07846665382385254,-0.04787135124206543,-0.017275989055633545,0.01331937313079834,0.04391467571258545,0.07450997829437256,0.10510534048080444,0.13570070266723633,0.16629600524902344,0.19689130783081055,0.22748667001724243,0.2580820322036743,0.2886773347854614,0.31927263736724854,0.3498679995536804,0.3804633617401123,0.4110586643218994,0.4416539967060089,0.4722493290901184,0.5028446912765503,0.5334399938583374,0.5640352964401245,0.5946306586265564,0.6252260208129883,0.6558213233947754,0.6864166259765625,0.7170119881629944,0.7476073503494263,0.7782026529312134,0.8087979555130005,0.8393933176994324,0.8699886798858643,0.9005839824676514],"_type":"histogram"},"val_f1":0.27350427350427353,"train_loss":0.7308047115802765,"_wandb":{"runtime":9},"parameters/graph_42gat1.heads.0.attn_fc.weight":{"values":[1,0,0,0,0,0,0,0,0,0,0,0,0,0,0,2,0,1,2,0,0,1,0,2,0,0,1,0,0,0,0,1,3,2,1,2,1,0,2,1,2,2,0,0,0,0,1,0,0,0,0,0,1,0,0,1,0,0,1,0,0,0,0,1],"bins":[-0.71329665184021,-0.6913304328918457,-0.6693642139434814,-0.6473979949951172,-0.6254317760467529,-0.6034655570983887,-0.5814993381500244,-0.5595331192016602,-0.5375669002532959,-0.5156006813049316,-0.49363449215888977,-0.4716683030128479,-0.44970208406448364,-0.4277358651161194,-0.4057696461677551,-0.38380342721939087,-0.3618372082710266,-0.33987098932266235,-0.3179047703742981,-0.29593855142593384,-0.2739723324775696,-0.2520061433315277,-0.23003992438316345,-0.2080736756324768,-0.18610751628875732,-0.16414129734039307,-0.1421750783920288,-0.12020885944366455,-0.09824264049530029,-0.07627642154693604,-0.05431020259857178,-0.03234398365020752,-0.010377705097198486,0.011588513851165771,0.03355473279953003,0.05552095174789429,0.07748717069625854,0.0994533896446228,0.12141960859298706,0.14338582754135132,0.16535204648971558,0.18731820583343506,0.2092844545841217,0.23125067353248596,0.25321686267852783,0.2751830816268921,0.29714930057525635,0.3191155195236206,0.34108173847198486,0.3630479574203491,0.3850141763687134,0.40698039531707764,0.4289466142654419,0.45091283321380615,0.472879022359848,0.4948452413082123,0.5168114900588989,0.5387777090072632,0.5607439279556274,0.5827100872993469,0.6046763062477112,0.6266425251960754,0.6486087441444397,0.670574963092804,0.6925411820411682],"_type":"histogram"},"parameters/graph_42gat1.heads.1.attn_fc.weight":{"values":[1,0,0,0,0,0,0,0,0,0,0,0,1,0,0,0,0,0,1,0,1,1,1,0,0,1,0,3,1,3,1,2,0,0,0,3,0,1,0,0,0,1,1,1,0,2,1,1,1,0,0,0,1,0,0,0,0,0,0,1,0,0,0,1],"bins":[-0.8936477899551392,-0.8689935207366943,-0.8443392515182495,-0.8196849822998047,-0.7950306534767151,-0.7703763842582703,-0.7457221150398254,-0.7210678458213806,-0.696413516998291,-0.6717592477798462,-0.6471049785614014,-0.6224507093429565,-0.5977964401245117,-0.5731421709060669,-0.5484879016876221,-0.5238335728645325,-0.49917930364608765,-0.4745250344276428,-0.4498707354068756,-0.4252164661884308,-0.4005621671676636,-0.37590789794921875,-0.3512536287307739,-0.3265993595123291,-0.3019450902938843,-0.2772907614707947,-0.25263649225234985,-0.22798222303390503,-0.2033279538154602,-0.17867368459701538,-0.15401935577392578,-0.12936508655548096,-0.10471081733703613,-0.08005654811859131,-0.055402278900146484,-0.030747950077056885,-0.0060936808586120605,0.018560588359832764,0.04321485757827759,0.06786912679672241,0.09252345561981201,0.11717772483825684,0.14183199405670166,0.16648626327514648,0.1911405324935913,0.21579483151435852,0.24044910073280334,0.26510339975357056,0.2897576689720154,0.3144119381904602,0.3390662372112274,0.36372050642967224,0.38837480545043945,0.4130290746688843,0.4376833438873291,0.4623376131057739,0.48699191212654114,0.5116462111473083,0.5363004803657532,0.560954749584198,0.5856090188026428,0.6102633476257324,0.6349176168441772,0.6595718860626221,0.6842261552810669],"_type":"histogram"},"parameters/graph_42classifier.weight":{"bins":[-0.1740625649690628,-0.168600395321846,-0.16313821077346802,-0.15767604112625122,-0.15221387147903442,-0.14675170183181763,-0.14128951728343964,-0.13582734763622284,-0.13036516308784485,-0.12490299344062805,-0.11944082379341125,-0.11397864669561386,-0.10851646959781647,-0.10305429995059967,-0.09759212285280228,-0.09212995320558548,-0.08666777610778809,-0.08120559900999069,-0.0757434293627739,-0.0702812522649765,-0.0648190826177597,-0.05935690551996231,-0.05389472842216492,-0.04843255877494812,-0.04297037422657013,-0.03750820457935333,-0.032046034932136536,-0.02658386528491974,-0.021121680736541748,-0.01565951108932495,-0.010197341442108154,-0.004735156893730164,0.0007269978523254395,0.006189167499542236,0.011651352047920227,0.017113521695137024,0.02257569134235382,0.02803787589073181,0.03350004553794861,0.038962215185165405,0.0444243848323822,0.04988656938076019,0.05534873902797699,0.060810916125774384,0.06627309322357178,0.07173526287078857,0.07719743996858597,0.08265960961580276,0.08812178671360016,0.09358396381139755,0.09904613345861435,0.10450831055641174,0.10997048020362854,0.11543265730142593,0.12089483439922333,0.12635700404644012,0.13181918859481812,0.1372813582420349,0.1427435278892517,0.1482056975364685,0.1536678820848465,0.1591300517320633,0.1645922213792801,0.17005440592765808,0.17551657557487488],"_type":"histogram","values":[1,3,1,2,1,1,0,1,0,3,0,3,2,0,0,1,1,0,0,0,1,0,1,1,3,0,0,1,2,1,2,0,0,2,1,0,2,2,1,0,1,0,1,0,3,0,1,2,0,0,1,0,2,2,0,1,2,0,3,0,1,0,3,1]},"train_f1":0.26064804469273745,