{"_wandb":{"runtime":8},"parameters/graph_38classifier.bias":{"bins":[-0.08276171237230301,-0.07873137295246124,-0.07470103353261948,-0.07067069411277771,-0.06664034724235535,-0.06261000782251358,-0.058579668402671814,-0.05454932898283005,-0.05051898583769798,-0.046488646417856216,-0.04245830327272415,-0.038427963852882385,-0.03439762443304062,-0.030367281287908554,-0.026336941868066788,-0.022306598722934723,-0.018276259303092957,-0.01424591988325119,-0.010215580463409424,-0.0061852335929870605,-0.002154894173145294,0.0018754452466964722,0.0059057846665382385,0.009936124086380005,0.013966463506221771,0.017996810376644135,0.0220271497964859,0.026057489216327667,0.030087828636169434,0.0341181680560112,0.03814851492643356,0.04217885434627533,0.0462091863155365,0.050239525735378265,0.05426986515522003,0.058300212025642395,0.06233055144548416,0.06636089086532593,0.0703912302851677,0.07442156970500946,0.07845191657543182,0.08248225599527359,0.08651259541511536,0.09054293483495712,0.09457327425479889,0.09860361367464066,0.10263396054506302,0.10666429996490479,0.11069463938474655,0.11472497880458832,0.11875532567501068,0.12278565764427185,0.1268160045146942,0.13084635138511658,0.13487668335437775,0.1389070302248001,0.14293736219406128,0.14696770906448364,0.150998055934906,0.15502838790416718,0.15905873477458954,0.1630890667438507,0.16711941361427307,0.17114974558353424,0.1751800924539566],"_type":"histogram","values":[1,0,0,0,0,0,0,0,0,0,0,0,0,0,0,0,0,0,0,0,0,0,0,0,0,0,0,0,0,0,0,0,0,0,0,0,0,0,0,0,0,0,0,0,0,0,0,0,0,0,0,0,0,0,0,0,0,0,0,0,0,0,0,1]},"_timestamp":1.731701683281736e+09,"train_f1":0.26064804469273745,"_runtime":8.5705748,"train_accuracy":0.432,"epoch":5,"parameters/graph_38gat1.heads.0.fc.weight":{"_type":"histogram","values":[1,0,0,0,0,0,0,0,0,0,1,0,0,0,0,2,0,1,0,2,0,0,2,0,0,1,1,3,0,2,4,2,0,2,2,1,3,3,2,2,2,2,1,3,3,3,2,4,0,1,4,3,2,0,1,0,0,1,0,2,0,0,0,1],"bins":[-1.1861127614974976,-1.1533364057540894,-1.1205599308013916,-1.0877835750579834,-1.0550072193145752,-1.022230863571167,-0.989454448223114,-0.956678032875061,-0.9239016771316528,-0.8911253213882446,-0.8583489060401917,-0.8255724906921387,-0.7927961349487305,-0.7600197792053223,-0.7272433638572693,-0.6944669485092163,-0.6616905927658081,-0.6289142370223999,-0.5961378216743469,-0.563361406326294,-0.5305850505828857,-0.49780869483947754,-0.46503227949142456,-0.4322558641433716,-0.3994795083999634,-0.3667031526565552,-0.3339267373085022,-0.3011503219604492,-0.268373966217041,-0.2355976104736328,-0.20282119512557983,-0.17004477977752686,-0.13726836442947388,-0.10449200868606567,-0.0717155933380127,-0.03893917798995972,-0.006162822246551514,0.02661353349685669,0.05938994884490967,0.09216636419296265,0.12494271993637085,0.15771907567977905,0.19049549102783203,0.223271906375885,0.2560482621192932,0.2888246178627014,0.3216010332107544,0.3543774485588074,0.3871538043022156,0.41993018984794617,0.45270657539367676,0.48548296093940735,0.5182593464851379,0.5510357618331909,0.5838121175765991,0.6165884733200073,0.6493648886680603,0.6821413040161133,0.7149176597595215,0.7476940155029297,0.7804704308509827,0.8132468461990356,0.8460232019424438,0.878799557685852,0.911575973033905]},"gradients/graph_38classifier.weight":{"_type":"histogram","values":[1,0,0,0,0,0,0,0,0,0,0,0,1,2,0,0,1,0,0,1,1,1,1,0,0,0,0,0,1,1,0,1,1,0,1,1,0,0,0,0,0,1,1,1,1,0,0,1,0,0,2,1,0,0,0,0,0,0,0,0,0,0,0,1],"bins":[-0.037944402545690536,-0.03675863891839981,-0.035572879016399384,-0.03438711538910866,-0.03320135176181793,-0.032015588134527206,-0.03082982823252678,-0.029644064605236053,-0.028458300977945328,-0.02727253921329975,-0.026086777448654175,-0.02490101382136345,-0.023715252056717873,-0.022529490292072296,-0.02134372666478157,-0.020157963037490845,-0.018972201272845268,-0.017786439508199692,-0.016600675880908966,-0.01541491411626339,-0.014229150488972664,-0.013043388724327087,-0.011857625097036362,-0.010671863332390785,-0.009486101567745209,-0.008300337940454483,-0.0071145761758089066,-0.00592881441116333,-0.004743050783872604,-0.0035572871565818787,-0.002371523529291153,-0.0011857636272907257,0,0.0011857636272907257,0.002371523529291153,0.0035572871565818787,0.004743050783872604,0.00592881441116333,0.0071145761758089066,0.008300337940454483,0.009486101567745209,0.010671863332390785,0.011857625097036362,0.013043388724327087,0.014229150488972664,0.01541491411626339,0.016600675880908966,0.017786439508199692,0.018972201272845268,0.020157963037490845,0.02134372666478157,0.022529490292072296,0.023715252056717873,0.02490101382136345,0.026086777448654175,0.02727253921329975,0.028458300977945328,0.029644064605236053,0.03082982823252678,0.032015588134527206,0.03320135176181793,0.03438711538910866,0.035572879016399384,0.03675863891839981,0.037944402545690536]},"_step":4,"gradients/graph_38gat1.heads.0.attn_fc.weight":{"bins":[-0.0003827549226116389,-0.0003754494828172028,-0.00036814401391893625,-0.00036083857412450016,-0.0003535331052262336,-0.0003462276654317975,-0.00033892219653353095,-0.00033161675673909485,-0.0003243112878408283,-0.0003170058480463922,-0.00030970037914812565,-0.00030239493935368955,-0.00029508949955925345,-0.0002877840306609869,-0.00028047856176272035,-0.00027317312196828425,-0.00026586768217384815,-0.0002585622132755816,-0.00025125674437731504,-0.00024395130458287895,-0.00023664585023652762,-0.0002293403958901763,-0.00022203494154382497,-0.00021472948719747365,-0.00020742404740303755,-0.00020011859305668622,-0.0001928131387103349,-0.00018550768436398357,-0.00017820223001763225,-0.00017089677567128092,-0.0001635913213249296,-0.00015628586697857827,-0.00014898039808031172,-0.0001416749437339604,-0.00013436948938760906,-0.00012706403504125774,-0.00011975858069490641,-0.00011245312634855509,-0.00010514767200220376,-9.784221765585244e-05,-9.053676330950111e-05,-8.323132351506501e-05,-7.592586916871369e-05,-6.862041482236236e-05,-6.131496047601104e-05,-5.400950612965971e-05,-4.670405178330839e-05,-3.939859743695706e-05,-3.2093143090605736e-05,-2.478768874425441e-05,-1.7482234397903085e-05,-1.017678005155176e-05,-2.8713257052004337e-06,4.434121365193278e-06,1.1739575711544603e-05,1.904503005789593e-05,2.6350484404247254e-05,3.365593875059858e-05,4.0961393096949905e-05,4.8266843805322424e-05,5.557229815167375e-05,6.287774886004627e-05,7.018320320639759e-05,7.748865755274892e-05,8.479411189910024e-05],"_type":"histogram","values":[1,0,0,0,0,0,0,0,0,0,0,0,0,0,0,0,0,0,1,0,0,0,0,2,0,0,1,0,0,0,0,0,0,0,0,2,0,0,0,1,0,1,1,2,1,0,0,0,1,0,0,1,1,0,0,1,1,2,1,0,0,1,1,1]},"gradients/graph_38classifier.bias":{"_type":"histogram","values":[1,0,0,0,0,0,0,0,0,0,0,0,0,0,0,0,0,0,0,0,0,0,0,0,0,0,0,0,0,0,0,0,0,0,0,0,0,0,0,0,0,0,0,0,0,0,0,0,0,0,0,0,0,0,0,0,0,0,0,0,0,0,0,1],