{"_timestamp":1.7316317632553353e+09,"val_accuracy":0.5555555555555556,"parameters/graph_3gat1.heads.1.fc.weight":{"bins":[-0.8255195021629333,-0.7950225472450256,-0.7645256519317627,-0.734028697013855,-0.7035317420959473,-0.6730347871780396,-0.6425378322601318,-0.6120409369468689,-0.5815439820289612,-0.5510470271110535,-0.5205501317977905,-0.4900531768798828,-0.4595562219619751,-0.4290592670440674,-0.39856234192848206,-0.36806541681289673,-0.337568461894989,-0.3070715069770813,-0.2765745520591736,-0.24607765674591064,-0.21558070182800293,-0.18508374691009521,-0.15458685159683228,-0.12408989667892456,-0.09359294176101685,-0.06309598684310913,-0.032599031925201416,-0.0021021366119384766,0.02839481830596924,0.05889177322387695,0.08938866853713989,0.11988562345504761,0.15038251876831055,0.18087947368621826,0.21137642860412598,0.24187332391738892,0.27237027883529663,0.30286723375320435,0.3333641290664673,0.363861083984375,0.3943580389022827,0.42485499382019043,0.45535194873809814,0.4858488440513611,0.5163457989692688,0.5468427538871765,0.5773396492004395,0.6078366041183472,0.6383335590362549,0.6688305139541626,0.6993274688720703,0.7298243641853333,0.760321319103241,0.7908182740211487,0.8213151693344116,0.8518121242523193,0.882309079170227,0.9128060340881348,0.9433029890060425,0.9737998843193054,1.0042967796325684,1.034793734550476,1.0652906894683838,1.0957876443862915,1.1262845993041992],"_type":"histogram","values":[1,0,0,2,2,1,0,3,3,1,0,3,0,1,2,5,1,2,0,0,2,0,5,3,4,1,2,1,2,5,5,1,3,1,5,3,3,0,1,0,1,1,1,1,2,2,1,0,2,1,3,1,0,1,0,2,0,0,1,1,0,0,0,1]},"gradients/graph_3gat1.heads.1.fc.weight":{"bins":[-0.015068206936120987,-0.014656278304755688,-0.014244350604712963,-0.013832421973347664,-0.013420493341982365,-0.013008564710617065,-0.01259663701057434,-0.012184708379209042,-0.011772779747843742,-0.011360852047801018,-0.010948923416435719,-0.01053699478507042,-0.010125067085027695,-0.00971313752233982,-0.009301209822297096,-0.008889281190931797,-0.008477352559566498,-0.008065424859523773,-0.007653496228158474,-0.007241567596793175,-0.00682963989675045,-0.006417711265385151,-0.006005782634019852,-0.0055938540026545525,-0.005181926302611828,-0.004769997671246529,-0.004358069039881229,-0.003946141339838505,-0.0035342127084732056,-0.0031222840771079063,-0.002710355445742607,-0.0022984277456998825,-0.0018864991143345833,-0.001474570482969284,-0.0010626427829265594,-0.0006507141515612602,-0.000238785520195961,0.00017314311116933823,0.0005850708112120628,0.000996999442577362,0.0014089280739426613,0.001820855773985386,0.002232784405350685,0.0026447130367159843,0.0030566416680812836,0.003468569368124008,0.0038804979994893074,0.004292426630854607,0.0047043547965586185,0.0051162829622626305,0.00552821159362793,0.005940139759331942,0.006352068390697241,0.006763996556401253,0.007175925187766552,0.007587853353470564,0.007999781519174576,0.008411710150539875,0.008823638781905174,0.009235566481947899,0.009647495113313198,0.010059423744678497,0.010471352376043797,0.010883280076086521,0.01129520870745182],"_type":"histogram","values":[1,0,0,0,0,0,0,0,1,0,1,0,0,2,1,1,0,2,2,0,2,0,3,1,0,2,0,0,3,1,5,0,4,6,6,3,6,4,10,8,5,1,4,2,0,2,1,0,0,0,0,0,0,2,0,1,0,2,0,0,0,0,0,1]},"gradients/graph_3gat1.heads.0.attn_fc.weight":{"bins":[-0.012761758640408516,-0.012351646088063717,-0.011941534467041492,-0.011531421914696693,-0.011121310293674469,-0.01071119774132967,-0.010301085188984871,-0.009890973567962646,-0.009480861015617847,-0.009070749394595623,-0.008660636842250824,-0.0082505252212286,-0.0078404126688838,-0.007430300582200289,-0.00702018802985549,-0.006610075943171978,-0.006199963856488466,-0.0057898517698049545,-0.005379739683121443,-0.004969627130776644,-0.004559515044093132,-0.004149403423070908,-0.0037392908707261086,-0.0033291783183813095,-0.002919066697359085,-0.002508954145014286,-0.0020988425239920616,-0.0016887299716472626,-0.0012786174193024635,-0.0008685057982802391,-0.00045839324593544006,-4.828162491321564e-05,0.0003618309274315834,0.0007719434797763824,0.0011820551007986069,0.001592167653143406,0.0020022792741656303,0.0024123918265104294,0.0028225043788552284,0.003232615999877453,0.003642728552222252,0.004052840173244476,0.004462952725589275,0.004873065277934074,0.005283176898956299,0.0056932889856398106,0.00610340153798461,0.006513513624668121,0.006923625711351633,0.007333737798035145,0.0077438498847186565,0.008153961971402168,0.008564074523746967,0.008974187076091766,0.00938429869711399,0.00979441124945879,0.010204522870481014,0.010614635422825813,0.011024747043848038,0.011434859596192837,0.011844972148537636,0.01225508376955986,0.01266519632190466,0.013075307942926884,0.013485420495271683],"_type":"histogram","values":[1,0,0,0,2,0,1,0,0,1,0,0,0,0,0,0,0,0,0,0,1,1,0,1,0,0,2,4,2,0,2,2,2,0,1,1,0,1,1,2,0,0,0,1,0,0,0,1,0,0,0,0,0,0,0,0,0,0,0,0,0,0,1,1]},"gradients/graph_3gat1.heads.0.fc.weight":{"_type":"histogram","values":[1,0,0,0,0,0,1,0,0,0,0,0,0,0,0,0,0,1,0,1,2,0,1,0,1,0,0,1,2,4,1,3,3,4,3,6,13,6,9,3,3,2,2,4,3,4,3,1,1,1,1,0,1,2,0,0,0,0,0,1,0,0,0,1],"bins":[-0.011475568637251854,-0.011160037480294704,-0.010844506323337555,-0.01052897609770298,-0.01021344494074583,-0.009897913783788681,-0.009582383558154106,-0.009266852401196957,-0.008951321244239807,-0.008635790087282658,-0.008320258930325508,-0.008004728704690933,-0.007689197547733784,-0.007373666390776634,-0.007058135699480772,-0.00674260500818491,-0.00642707385122776,-0.006111542694270611,-0.005796012002974749,-0.005480481311678886,-0.005164950154721737,-0.004849418997764587,-0.004533888306468725,-0.004218357615172863,-0.0039028264582157135,-0.003587295301258564,-0.0032717641443014145,-0.0029562339186668396,-0.00264070276170969,-0.0023251716047525406,-0.0020096413791179657,-0.0016941102221608162,-0.0013785799965262413,-0.0010630488395690918,-0.0007475176826119423,-0.0004319874569773674,-0.0001164563000202179,0.0001990748569369316,0.0005146050825715065,0.000830136239528656,0.0011456673964858055,0.001461198553442955,0.0017767292447388172,0.0020922599360346794,0.002407791092991829,0.0027233222499489784,0.0030388529412448406,0.003354383632540703,0.0036699147894978523,0.003985445946455002,0.004300976637750864,0.004616507329046726,0.004932038486003876,0.005247569642961025,0.0055631003342568874,0.00587863102555275,0.006194162182509899,0.006509693339467049,0.006825224030762911,0.007140754722058773,0.0074562858790159225,0.007771817035973072,0.008087348192930222,0.008402878418564796,0.008718409575521946]},"train_f1":0.41151020408163264,"parameters/graph_3classifier.bias":{"_type":"histogram","values":[1,0,0,0,0,0,0,0,0,0,0,0,0,0,0,0,0,0,0,0,0,0,0,0,0,0,0,0,0,0,0,0,0,0,0,0,0,0,0,0,0,0,0,0,0,0,0,0,0,0,0,0,0,0,0,0,0,0,0,0,0,0,0,1],