{"gradients/classifier.bias":{"values":[1,0,0,0,0,0,0,0,0,0,0,0,0,0,0,0,0,0,0,0,0,0,0,0,0,0,0,0,0,0,0,0,0,0,0,0,0,0,0,0,0,0,0,0,0,0,0,0,0,0,0,0,0,0,0,0,0,0,0,0,0,0,0,1],"bins":[-0.21085584163665771,-0.20426659286022186,-0.197677344083786,-0.19108811020851135,-0.1844988614320755,-0.17790961265563965,-0.171320378780365,-0.16473113000392914,-0.1581418812274933,-0.15155263245105743,-0.14496338367462158,-0.13837414979934692,-0.13178490102291107,-0.12519565224647522,-0.11860641092061996,-0.11201716959476471,-0.10542792081832886,-0.098838672041893,-0.09224943071603775,-0.0856601893901825,-0.07907094061374664,-0.07248169183731079,-0.06589245796203613,-0.05930320918560028,-0.05271396040916443,-0.04612471163272858,-0.039535462856292725,-0.032946228981018066,-0.026356980204582214,-0.019767731428146362,-0.013178497552871704,-0.006589248776435852,0,0.006589248776435852,0.013178497552871704,0.019767731428146362,0.026356980204582214,0.032946228981018066,0.039535462856292725,0.04612471163272858,0.05271396040916443,0.05930320918560028,0.06589245796203613,0.07248169183731079,0.07907094061374664,0.0856601893901825,0.09224943071603775,0.098838672041893,0.10542792081832886,0.11201716959476471,0.11860641092061996,0.12519565224647522,0.13178490102291107,0.13837414979934692,0.14496338367462158,0.15155263245105743,0.1581418812274933,0.16473113000392914,0.171320378780365,0.17790961265563965,0.1844988614320755,0.19108811020851135,0.197677344083786,0.20426659286022186,0.21085584163665771],"_type":"histogram"},"parameters/gat1.heads.1.attn_fc.weight":{"bins":[-0.5480369925498962,-0.5315095782279968,-0.5149821639060974,-0.4984547197818756,-0.4819272756576538,-0.4653998613357544,-0.448872447013855,-0.43234503269195557,-0.41581758856773376,-0.39929014444351196,-0.38276273012161255,-0.36623531579971313,-0.3497079014778137,-0.3331804573535919,-0.3166530430316925,-0.3001255989074707,-0.2835981845855713,-0.2670707702636719,-0.2505433261394501,-0.23401591181755066,-0.21748846769332886,-0.20096105337142944,-0.18443363904953003,-0.16790619492530823,-0.1513787806034088,-0.1348513662815094,-0.1183239221572876,-0.10179650783538818,-0.08526909351348877,-0.06874164938926697,-0.052214235067367554,-0.03568679094314575,-0.019159317016601562,-0.0026319026947021484,0.013895541429519653,0.030422955751419067,0.04695039987564087,0.06347781419754028,0.0800052285194397,0.0965326726436615,0.11306008696556091,0.12958750128746033,0.14611494541168213,0.16264235973358154,0.17916977405548096,0.19569721817970276,0.21222463250160217,0.22875207662582397,0.2452794909477234,0.2618069052696228,0.2783343493938446,0.294861763715744,0.3113892078399658,0.32791662216186523,0.34444403648376465,0.36097145080566406,0.37749889492988586,0.39402633905410767,0.4105537533760071,0.4270811676979065,0.4436085820198059,0.4601360261440277,0.4766634404659271,0.4931908845901489,0.5097182989120483],"_type":"histogram","values":[1,1,0,0,0,0,0,2,0,1,1,0,0,0,1,1,0,0,0,0,0,0,1,1,0,0,1,0,2,1,1,0,0,0,0,0,0,0,0,0,1,0,0,0,1,0,0,1,0,0,0,1,0,0,1,0,1,0,1,1,0,0,0,1]},"gradients/gat1.heads.1.attn_fc.weight":{"_type":"histogram","values":[2,0,0,0,0,0,0,0,0,0,0,1,1,0,0,1,2,1,0,3,0,1,4,0,1,0,0,0,2,1,2,0,0,0,0,0,0,0,0,0,0,1,0,0,0,0,0,0,0,0,0,0,0,0,0,0,0,0,0,0,0,0,0,1],"bins":[-0.0014006278943270445,-0.0013343291357159615,-0.0012680304935202003,-0.001201731851324439,-0.001135433092713356,-0.001069134334102273,-0.0010028356919065118,-0.0009365369915030897,-0.0008702382910996675,-0.0008039395906962454,-0.0007376408902928233,-0.0006713421898894012,-0.0006050434894859791,-0.000538744789082557,-0.00047244608867913485,-0.00040614744648337364,-0.0003398486878722906,-0.0002735499292612076,-0.00020725128706544638,-0.00014095264486968517,-7.465388625860214e-05,-8.355127647519112e-06,5.794351454824209e-05,0.0001242421567440033,0.00019054091535508633,0.00025683967396616936,0.00032313831616193056,0.00038943695835769176,0.0004557357169687748,0.0005220344755798578,0.0005883330013602972,0.0006546317599713802,0.0007209307514131069,0.00078722951002419,0.000853528268635273,0.0009198267944157124,0.0009861255530267954,0.0010524243116378784,0.0011187229538336396,0.0011850215960294008,0.0012513203546404839,0.0013176191132515669,0.001383917755447328,0.0014502163976430893,0.0015165151562541723,0.0015828139148652554,0.0016491125570610166,0.0017154111992567778,0.0017817099578678608,0.0018480087164789438,0.001914307358674705,0.0019806060008704662,0.0020469047594815493,0.0021132035180926323,0.0021795020438730717,0.0022458008024841547,0.0023120995610952377,0.0023783983197063208,0.002444697078317404,0.002510995604097843,0.002577294362708926,0.0026435931213200092,0.0027098916471004486,0.0027761904057115316,0.0028424891643226147]},"parameters/classifier.bias":{"bins":[-0.14438475668430328,-0.14035657048225403,-0.13632838428020477,-0.13230019807815552,-0.12827202677726746,-0.1242438405752182,-0.12021565437316895,-0.11618746817111969,-0.11215928196907043,-0.10813110321760178,-0.10410291701555252,-0.10007473826408386,-0.0960465520620346,-0.09201836585998535,-0.0879901796579361,-0.08396199345588684,-0.07993381470441818,-0.07590562850236893,-0.07187744975090027,-0.06784926354885101,-0.06382107734680176,-0.0597928985953331,-0.055764712393283844,-0.05173652619123459,-0.04770834743976593,-0.043680161237716675,-0.03965197503566742,-0.035623788833618164,-0.031595610082149506,-0.02756742388010025,-0.023539237678050995,-0.019511058926582336,-0.015482865273952484,-0.011454679071903229,-0.00742650032043457,-0.003398314118385315,0.0006298720836639404,0.004658050835132599,0.008686237037181854,0.01271442323923111,0.016742609441280365,0.020770788192749023,0.02479897439479828,0.028827160596847534,0.03285533934831619,0.03688352555036545,0.0409117117524147,0.04493989050388336,0.04896807670593262,0.052996259182691574,0.05702444538474083,0.061052627861499786,0.06508081406354904,0.0691089928150177,0.07313717901706696,0.07716536521911621,0.08119355142116547,0.08522173017263412,0.08924991637468338,0.09327809512615204,0.0973062813282013,0.10133446753025055,0.1053626537322998,0.10939083248376846,0.11341901868581772],"_type":"histogram","values":[1,0,0,0,0,0,0,0,0,0,0,0,0,0,0,0,0,0,0,0,0,0,0,0,0,0,0,0,0,0,0,0,0,0,0,0,0,0,0,0,0,0,0,0,0,0,0,0,0,0,0,0,0,0,0,0,0,0,0,0,0,0,0,1]},"val_accuracy":0.5555555555555556,"gradients/gat1.heads.0.attn_fc.weight":{"_type":"histogram","values":[2,0,0,0,0,1,0,1,0,0,0,0,1,1,0,2,0,1,1,0,0,2,3,1,0,2,1,0,1,0,0,0,0,0,0,0,0,0,0,0,0,0,0,0,0,1,0,0,0,0,0,1,0,0,0,0,1,0,0,0,0,0,0,1],"bins":[-0.005353543441742659,-0.0051097567193210125,-0.004865969996899366,-0.00462218327447772,-0.0043783970177173615,-0.004134610295295715,-0.003890823572874069,-0.003647036850452423,-0.003403250128030777,-0.003159463405609131,-0.0029156766831874847,-0.0026718901935964823,-0.002428103471174836,-0.00218431674875319,-0.0019405302591621876,-0.0016967435367405415,-0.0014529568143188953,-0.0012091700918972492,-0.0009653833694756031,-0.000721596647053957,-0.00047780992463231087,-0.00023402366787195206,9.763054549694061e-06,0.0002535497769713402,0.0004973364993929863,0.0007411232218146324,0.0009849099442362785,0.0012286966666579247,0.0014724829234182835,0.0017162696458399296,0.0019600563682615757,0.002203843090683222,0.0024476293474435806,0.0026914160698652267,0.002935202792286873,0.003178989514708519,0.003422776237130165,0.003666562493890524,0.00391034921631217,0.004154135938733816,0.004397922661155462,0.004641709383577108,0.0048854961059987545,0.005129282828420401,0.005373069085180759,0.0056168558076024055,0.005860642530024052,0.006104429252445698,0.006348215974867344,0.00659200269728899,0.006835789419710636,0.007079576142132282,0.007323362864553928,0.0075671495869755745,0.007810935843735933,0.008054722100496292,0.008298508822917938,0.008542295545339584,0.00878608226776123,0.009029868990182877,0.009273655712604523,0.009517442435026169,0.009761229157447815,0.010005015879869461,0.010248802602291107]},"train_loss":0.6728461608290672,"gradients/gat1.heads.0.fc.weight":{"_type":"histogram",