{"parameters/graph_4gat1.heads.0.fc.weight":{"_type":"histogram","values":[1,0,2,1,1,0,0,3,0,3,0,2,0,0,0,0,1,0,3,2,4,2,4,1,2,3,2,1,5,3,4,1,1,3,1,0,6,5,2,2,0,3,0,1,3,3,2,1,0,0,1,2,0,0,2,1,0,0,1,0,1,0,3,1],"bins":[-0.8114197850227356,-0.7850497961044312,-0.7586797475814819,-0.7323097586631775,-0.7059397101402283,-0.6795697212219238,-0.6531996726989746,-0.6268296837806702,-0.6004596948623657,-0.5740896463394165,-0.5477195978164673,-0.5213496088981628,-0.4949796199798584,-0.46860960125923157,-0.44223958253860474,-0.4158695638179779,-0.3894995450973511,-0.36312952637672424,-0.3367595076560974,-0.31038951873779297,-0.28401947021484375,-0.2576494812965393,-0.2312794327735901,-0.20490944385528564,-0.1785394549369812,-0.15216940641403198,-0.12579941749572754,-0.09942936897277832,-0.07305938005447388,-0.04668933153152466,-0.020319342613220215,0.006050705909729004,0.03242075443267822,0.058790743350982666,0.08516079187393188,0.11153078079223633,0.13790082931518555,0.16427081823349,0.1906408667564392,0.21701085567474365,0.24338090419769287,0.2697508931159973,0.29612088203430176,0.322490930557251,0.3488609194755554,0.37523096799850464,0.4016009569168091,0.4279709756374359,0.45434099435806274,0.4807110130786896,0.5070810317993164,0.5334510803222656,0.5598210692405701,0.5861910581588745,0.6125611066818237,0.6389310956001282,0.6653010845184326,0.6916711330413818,0.718041181564331,0.7444111704826355,0.7707811594009399,0.7971512079238892,0.8235211968421936,0.8498912453651428,0.8762612342834473]},"_timestamp":1.731631778941053e+09,"gradients/graph_4classifier.weight":{"_type":"histogram","values":[1,0,0,0,0,0,0,0,0,1,0,1,3,2,0,1,0,0,2,0,2,1,0,1,1,2,2,3,0,4,4,1,1,4,4,0,3,2,2,1,1,0,1,2,0,2,0,0,1,0,2,3,1,0,1,0,0,0,0,0,0,0,0,1],"bins":[-0.06896263360977173,-0.06680755317211151,-0.0646524727344513,-0.06249738484621048,-0.06034230440855026,-0.058187223970890045,-0.05603213980793953,-0.053877055644989014,-0.051721975207328796,-0.04956689476966858,-0.04741181060671806,-0.04525672644376755,-0.04310164600610733,-0.04094656556844711,-0.0387914814054966,-0.03663639724254608,-0.034481316804885864,-0.03232623636722565,-0.03017115220427513,-0.028016068041324615,-0.025860987603664398,-0.02370590716600418,-0.021550823003053665,-0.01939573884010315,-0.017240658402442932,-0.015085577964782715,-0.012930493801832199,-0.010775409638881683,-0.008620329201221466,-0.006465248763561249,-0.004310160875320435,-0.0021550804376602173,7.450580596923828e-09,0.002155087888240814,0.0043101683259010315,0.006465256214141846,0.008620336651802063,0.01077541708946228,0.012930501252412796,0.015085585415363312,0.01724066585302353,0.019395746290683746,0.021550830453634262,0.023705914616584778,0.025860995054244995,0.028016075491905212,0.030171159654855728,0.032326243817806244,0.03448132425546646,0.03663640469312668,0.038791488856077194,0.04094657301902771,0.04310165345668793,0.045256733894348145,0.04741181805729866,0.049566902220249176,0.05172198265790939,0.05387706309556961,0.056032147258520126,0.05818723142147064,0.06034231185913086,0.06249739229679108,0.0646524727344513,0.06680756062269211,0.06896264106035233]},"parameters/graph_4gat1.heads.0.attn_fc.weight":{"bins":[-0.7448756694793701,-0.7230612635612488,-0.7012468576431274,-0.6794324517250061,-0.6576180458068848,-0.6358036398887634,-0.6139892339706421,-0.5921748280525208,-0.5703604221343994,-0.5485460162162781,-0.5267316102981567,-0.5049172043800354,-0.48310279846191406,-0.4612883925437927,-0.4394739866256714,-0.41765958070755005,-0.3958451747894287,-0.3740307688713074,-0.35221636295318604,-0.3304019570350647,-0.30858755111694336,-0.286773145198822,-0.2649587392807007,-0.24314433336257935,-0.221329927444458,-0.19951552152633667,-0.17770111560821533,-0.155886709690094,-0.13407230377197266,-0.11225789785385132,-0.09044349193572998,-0.06862908601760864,-0.04681473970413208,-0.025000333786010742,-0.0031859278678894043,0.018628478050231934,0.04044288396835327,0.06225728988647461,0.08407169580459595,0.10588610172271729,0.12770050764083862,0.14951491355895996,0.1713293194770813,0.19314372539520264,0.21495813131332397,0.2367725372314453,0.25858694314956665,0.280401349067688,0.3022157549858093,0.32403016090393066,0.345844566822052,0.36765897274017334,0.3894733786582947,0.411287784576416,0.43310219049453735,0.4549165964126587,0.47673100233078003,0.49854540824890137,0.5203598141670227,0.542174220085144,0.5639886260032654,0.5858030319213867,0.6076174378395081,0.6294318437576294,0.6512462496757507],"_type":"histogram","values":[1,0,0,0,0,0,0,1,0,0,0,1,1,0,1,1,0,0,0,1,0,2,0,1,0,0,0,0,2,0,1,1,0,0,1,2,1,0,1,0,1,2,1,0,2,0,0,0,1,0,1,1,1,0,0,0,1,0,0,0,0,0,0,2]},"_wandb":{"runtime":9},"epoch":5,"_runtime":9.4863307,"parameters/graph_4gat1.heads.1.attn_fc.weight":{"_type":"histogram","values":[1,0,0,1,0,0,0,1,0,0,0,0,1,0,0,1,0,1,0,0,3,0,1,1,2,1,0,1,1,1,0,0,0,2,2,0,2,0,0,0,0,1,0,0,1,0,1,2,1,0,0,0,0,0,1,0,0,1,0,0,0,0,0,1],"bins":[-0.5345005393028259,-0.5166956782341003,-0.49889078736305237,-0.4810858964920044,-0.4632810354232788,-0.4454761743545532,-0.42767128348350525,-0.4098663926124573,-0.3920615315437317,-0.3742566704750061,-0.35645177960395813,-0.33864688873291016,-0.32084202766418457,-0.303037166595459,-0.285232275724411,-0.26742738485336304,-0.24962252378463745,-0.23181766271591187,-0.2140127718448639,-0.19620788097381592,-0.17840301990509033,-0.16059815883636475,-0.14279326796531677,-0.1249883770942688,-0.10718351602554321,-0.08937865495681763,-0.07157376408576965,-0.05376887321472168,-0.035964012145996094,-0.018159151077270508,-0.0003542304039001465,0.01745063066482544,0.03525543212890625,0.053060293197631836,0.07086515426635742,0.08867007493972778,0.10647493600845337,0.12427979707717896,0.14208468794822693,0.1598895788192749,0.1776944398880005,0.19549930095672607,0.21330419182777405,0.23110908269882202,0.2489139437675476,0.2667188048362732,0.28452369570732117,0.30232858657836914,0.3201334476470947,0.3379383087158203,0.3557431995868683,0.37354809045791626,0.39135295152664185,0.40915781259536743,0.4269627034664154,0.4447675943374634,0.46257245540618896,0.48037731647491455,0.4981822073459625,0.5159870982170105,0.5337919592857361,0.5515968203544617,0.569401741027832,0.5872066020965576,0.6050114631652832]},"parameters/graph_4classifier.weight":{"bins":[-0.18835780024528503,-0.1825847029685974,-0.1768116056919098,-0.17103850841522217,-0.16526541113853455,-0.15949231386184692,-0.1537192165851593,-0.14794611930847168,-0.14217302203178406,-0.13639992475509644,-0.1306268274784088,-0.12485373020172119,-0.11908063292503357,-0.11330753564834595,-0.10753443837165833,-0.1017613410949707,-0.09598824381828308,-0.09021514654159546,-0.08444204926490784,-0.07866895198822021,-0.07289585471153259,-0.06712275743484497,-0.06134966015815735,-0.05557656288146973,-0.049803465604782104,-0.04403036832809448,-0.03825727105140686,-0.03248417377471924,-0.026711076498031616,-0.020937979221343994,-0.015164881944656372,-0.00939178466796875,-0.003618672490119934,0.002154424786567688,0.00792752206325531,0.013700619339942932,0.019473716616630554,0.025246813893318176,0.0310199111700058,0.03679300844669342,0.04256610572338104,0.048339203000068665,0.05411230027675629,0.05988539755344391,0.06565849483013153,0.07143159210681915,0.07720468938350677,0.0829777866601944,0.08875088393688202,0.09452398121356964,0.10029707849025726,0.10607017576694489,0.11184327304363251,0.11761637032032013,0.12338946759700775,0.12916256487369537,0.134935662150383,0.14070875942707062,0.14648185670375824,0.15225495398044586,0.15802805125713348,0.1638011485338211,0.16957424581050873,0.17534734308719635,0.18112044036388397],"_type":"histogram","values":[3,0,1,2,0,0,2,2,2,0,0,1,0,3,1,2,0,1,2,2,1,0,0,1,2,2,1,1,4,1,1,1,0,0,1,1,0,1,1,1,2,2,0,0,0,1,3,0,1,0,2,1,2,1,0,1,1,0,0,0,1,0,0,2]},"train_accuracy":0.568,"val_loss":0.673764169216156,