{"gradients/graph_39classifier.weight":{"values":[1,0,0,0,0,0,0,0,0,0,0,0,1,0,0,1,0,0,0,0,0,0,0,0,0,0,0,0,0,0,1,0,0,1,0,0,0,0,0,0,0,0,0,0,0,0,0,0,1,0,0,1,0,0,0,0,0,0,0,0,0,0,0,1],"bins":[-0.022945836186408997,-0.022228779271245003,-0.02151172235608101,-0.020794663578271866,-0.020077606663107872,-0.019360549747943878,-0.018643490970134735,-0.01792643405497074,-0.017209377139806747,-0.016492320224642754,-0.01577526330947876,-0.015058204531669617,-0.014341147616505623,-0.013624090701341629,-0.01290703285485506,-0.012189975008368492,-0.011472918093204498,-0.010755861178040504,-0.010038803331553936,-0.009321745485067368,-0.008604688569903374,-0.00788763165473938,-0.007170572876930237,-0.006453515961766243,-0.005736459046602249,-0.005019402131438255,-0.0043023452162742615,-0.0035852864384651184,-0.0028682295233011246,-0.0021511726081371307,-0.0014341138303279877,-0.0007170569151639938,-1.862645149230957e-09,0.0007170550525188446,0.0014341119676828384,0.0021511707454919815,0.0028682276606559753,0.003585284575819969,0.004302343353629112,0.005019400268793106,0.0057364571839571,0.006453514099121094,0.007170571014285088,0.00788762979209423,0.008604686707258224,0.009321743622422218,0.010038801468908787,0.010755859315395355,0.011472916230559349,0.012189973145723343,0.012907030992209911,0.01362408883869648,0.014341145753860474,0.015058202669024467,0.01577525958418846,0.016492318361997604,0.017209375277161598,0.017926432192325592,0.018643490970134735,0.01936054788529873,0.020077604800462723,0.020794661715626717,0.02151171863079071,0.022228777408599854,0.022945834323763847],"_type":"histogram"},"parameters/graph_39classifier.bias":{"_type":"histogram","values":[1,0,0,0,0,0,0,0,0,0,0,0,0,0,0,0,0,0,0,0,0,0,0,0,0,0,0,0,0,0,0,0,0,0,0,0,0,0,0,0,0,0,0,0,0,0,0,0,0,0,0,0,0,0,0,0,0,0,0,0,0,0,0,1],"bins":[-0.13520415127277374,-0.12646175920963287,-0.11771935969591141,-0.10897696018218994,-0.10023456811904907,-0.0914921760559082,-0.08274977654218674,-0.07400737702846527,-0.0652649849653244,-0.05652259290218353,-0.04778019338846207,-0.0390377938747406,-0.03029540181159973,-0.021553009748458862,-0.012810610234737396,-0.00406821072101593,0.004674181342124939,0.013416573405265808,0.022158965468406677,0.03090137243270874,0.03964376449584961,0.04838615655899048,0.05712856352329254,0.06587095558643341,0.07461334764957428,0.08335573971271515,0.09209813177585602,0.10084053874015808,0.10958293080329895,0.11832533776760101,0.12706772983074188,0.13581012189388275,0.14455252885818481,0.15329492092132568,0.16203731298446655,0.17077970504760742,0.17952211201190948,0.18826450407505035,0.19700691103935242,0.2057493031024933,0.21449169516563416,0.22323408722877502,0.2319764792919159,0.24071888625621796,0.24946127831935883,0.2582036852836609,0.26694607734680176,0.2756884694099426,0.2844308614730835,0.29317325353622437,0.30191564559936523,0.3106580376625061,0.319400429725647,0.32814282178878784,0.3368852436542511,0.34562763571739197,0.35437002778053284,0.3631124198436737,0.3718548119068146,0.38059720396995544,0.3893396258354187,0.39808201789855957,0.40682440996170044,0.4155668020248413,0.4243091940879822]},"gradients/graph_39gat1.heads.0.fc.weight":{"values":[2,0,0,0,0,0,0,0,0,0,0,0,0,0,1,1,1,0,0,0,0,1,1,0,0,0,0,0,0,2,1,0,1,0,0,1,2,1,0,0,0,0,0,1,0,1,1,0,2,1,0,1,0,0,0,0,0,0,0,0,0,0,0,2],"bins":[-0.00912222545593977,-0.008848183788359165,-0.008574143052101135,-0.00830010138452053,-0.008026059716939926,-0.007752018515020609,-0.007477977313101292,-0.007203935645520687,-0.00692989444360137,-0.006655853241682053,-0.006381811574101448,-0.006107770372182131,-0.005833729170262814,-0.005559687502682209,-0.005285646300762892,-0.005011604633182287,-0.00473756343126297,-0.004463522229343653,-0.004189480561763048,-0.003915439359843731,-0.0036413976922631264,-0.003367356490343809,-0.003093315288424492,-0.0028192736208438873,-0.00254523241892457,-0.002271191217005253,-0.0019971495494246483,-0.001723108347505331,-0.0014490671455860138,-0.0011750254780054092,-0.0009009838104248047,-0.0006269430741667747,-0.0003529004752635956,-7.885880768299103e-05,0.0001951819285750389,0.00046922359615564346,0.000743265263736248,0.0010173064656555653,0.0012913476675748825,0.001565389335155487,0.0018394305370748043,0.0021134717389941216,0.002387513406574726,0.0026615546084940434,0.0029355958104133606,0.003209637477993965,0.0034836786799132824,0.003757720347493887,0.004031761549413204,0.0043058027513325214,0.004579844418913126,0.004853885620832443,0.005127927288413048,0.005401968490332365,0.005676009692251682,0.005950051359832287,0.006224092561751604,0.006498133763670921,0.006772175431251526,0.007046216633170843,0.00732025783509016,0.007594299502670765,0.00786834117025137,0.0081423819065094,0.008416423574090004],"_type":"histogram"},"val_f1":0.39682539682539686,"_timestamp":1.7317017021307685e+09,"train_loss":0.694000605493784,"_wandb":{"runtime":11},"val_loss":0.6901067495346069,"parameters/graph_39gat1.heads.0.attn_fc.weight":{"bins":[-0.5018900632858276,-0.48393476009368896,-0.4659794569015503,-0.4480241537094116,-0.43006885051727295,-0.4121135473251343,-0.394158273935318,-0.3762029707431793,-0.35824766755104065,-0.340292364358902,-0.3223370611667633,-0.304381787776947,-0.28642648458480835,-0.2684711813926697,-0.250515878200531,-0.23256057500839233,-0.21460527181625366,-0.196649968624115,-0.17869466543197632,-0.16073936223983765,-0.14278405904769897,-0.12482878565788269,-0.10687348246574402,-0.08891817927360535,-0.07096287608146667,-0.053007572889328,-0.03505226969718933,-0.01709696650505066,0.000858306884765625,0.018813610076904297,0.03676891326904297,0.05472421646118164,0.07267957925796509,0.09063488245010376,0.10859018564224243,0.1265454888343811,0.14450079202651978,0.16245606541633606,0.18041136860847473,0.1983666718006134,0.21632197499275208,0.23427727818489075,0.2522325813770294,0.2701878845691681,0.2881431579589844,0.30609846115112305,0.3240537643432617,0.3420090675354004,0.35996437072753906,0.37791967391967773,0.3958749771118164,0.4138302803039551,0.43178558349609375,0.4497408866882324,0.4676961600780487,0.4856514632701874,0.5036067962646484,0.5215620994567871,0.539517343044281,0.5574726462364197,0.5754279494285583,0.593383252620697,0.6113385558128357,0.6292938590049744,0.647249162197113],"_type":"histogram","values":[1,0,0,0,0,0,0,0,0,0,0,1,0,0,0,0,0,0,0,0,1,1,0,0,0,0,0,0,0,0,0,0,1,0,0,0,0,0,0,0,0,1,0,0,0,0,1,0,0,0,0,0,0,0,0,0,0,0,0,0,0,0,0,1]},"_step":4,"val_accuracy":0.5555555555555556,"train_accuracy":0.568,"gradients/graph_39classifier.bias":{"_type":"histogram","values":[1,0,0,0,0,0,0,0,0,0,0,0,0,0,0,0,0,0,0,0,0,0,0,0,0,0,0,0,0,0,0,0,0,0,0,0,0,0,0,0,0,0,0,0,0,0,0,0,0,0,0,0,0,0,0,0,0,0,0,0,0,0,0,1],