{"epoch":5,"_timestamp":1.731632003736358e+09,"gradients/graph_13classifier.weight":{"bins":[-0.5335583686828613,-0.5168846845626831,-0.5002110004425049,-0.4835372567176819,-0.46686357259750366,-0.45018988847732544,-0.43351617455482483,-0.4168424606323242,-0.400168776512146,-0.3834950923919678,-0.36682137846946716,-0.35014766454696655,-0.33347398042678833,-0.3168002963066101,-0.3001265823841095,-0.2834528684616089,-0.26677918434143066,-0.25010550022125244,-0.23343178629875183,-0.21675807237625122,-0.200084388256073,-0.18341070413589478,-0.16673699021339417,-0.15006327629089355,-0.13338959217071533,-0.11671590805053711,-0.1000421941280365,-0.08336848020553589,-0.06669479608535767,-0.05002111196517944,-0.033347368240356445,-0.016673684120178223,-5.960464477539063e-08,0.016673624515533447,0.03334730863571167,0.05002105236053467,0.06669473648071289,0.08336842060089111,0.10004213452339172,0.11671584844589233,0.13338953256607056,0.15006321668624878,0.1667369306087494,0.18341064453125,0.20008432865142822,0.21675801277160645,0.23343172669410706,0.25010544061660767,0.2667791247367859,0.2834528088569641,0.3001265227794647,0.31680023670196533,0.33347392082214355,0.3501476049423218,0.3668213188648224,0.383495032787323,0.4001687169075012,0.41684240102767944,0.43351611495018005,0.45018982887268066,0.4668635129928589,0.4835371971130371,0.5002108812332153,0.5168846249580383,0.5335583090782166],"_type":"histogram","values":[1,0,1,0,0,0,0,0,0,1,0,0,0,1,0,0,0,0,1,1,1,0,1,1,0,0,1,1,2,0,2,1,1,2,0,2,1,1,0,0,1,1,0,1,1,1,0,0,0,0,1,0,0,0,1,0,0,0,0,0,0,1,0,1]},"_wandb":{"runtime":8},"gradients/graph_13gat1.heads.1.fc.weight":{"_type":"histogram","values":[1,0,1,0,0,0,0,0,0,0,1,0,0,0,0,1,1,0,0,0,0,0,0,0,0,0,0,0,0,0,1,3,4,3,4,4,1,1,1,4,1,2,0,1,1,2,2,0,3,0,0,0,0,0,2,0,1,0,0,0,0,1,0,1],"bins":[-0.10545243322849274,-0.10223979502916336,-0.09902715682983398,-0.09581451863050461,-0.09260188043117523,-0.08938924968242645,-0.08617661148309708,-0.0829639732837677,-0.07975133508443832,-0.07653869688510895,-0.07332605868577957,-0.0701134204864502,-0.06690078973770142,-0.06368814408779144,-0.060475513339042664,-0.05726287513971329,-0.05405023694038391,-0.050837598741054535,-0.04762496054172516,-0.04441232606768608,-0.041199684143066406,-0.03798705339431763,-0.03477441519498825,-0.031561776995658875,-0.0283491387963295,-0.025136500597000122,-0.021923862397670746,-0.01871122419834137,-0.01549859344959259,-0.012285955250263214,-0.009073317050933838,-0.005860678851604462,-0.0026480406522750854,0.0005645975470542908,0.003777235746383667,0.006989873945713043,0.01020251214504242,0.013415142893791199,0.016627781093120575,0.01984041929244995,0.023053057491779327,0.026265695691108704,0.02947833389043808,0.032690972089767456,0.035903602838516235,0.03911624476313591,0.04232887923717499,0.045541517436504364,0.04875415563583374,0.051966793835163116,0.05517943203449249,0.05839206650853157,0.06160470470786095,0.06481733918190002,0.0680299773812294,0.07124261558055878,0.07445525377988815,0.07766789197921753,0.0808805301785469,0.08409316837787628,0.08730579912662506,0.09051843732595444,0.09373107552528381,0.09694371372461319,0.10015635192394257]},"val_f1":0.5680868838763575,"_runtime":7.9957443999999995,"gradients/graph_13gat1.heads.0.fc.weight":{"_type":"histogram","values":[2,0,0,0,0,0,0,0,0,0,0,0,0,0,0,0,1,2,1,0,0,0,0,1,0,0,0,0,2,3,2,1,0,2,2,1,1,1,1,3,2,4,1,0,2,1,0,1,1,1,0,0,2,0,0,1,0,0,1,1,1,0,1,2],"bins":[-0.07950012385845184,-0.0773697942495346,-0.07523947209119797,-0.07310914248228073,-0.07097882032394409,-0.06884849071502686,-0.06671816855669022,-0.06458783894777298,-0.06245751306414604,-0.060327187180519104,-0.058196861296892166,-0.05606653541326523,-0.05393620580434799,-0.05180588364601135,-0.049675554037094116,-0.04754522815346718,-0.04541490226984024,-0.0432845763862133,-0.041154250502586365,-0.03902392461895943,-0.03689359873533249,-0.03476326912641525,-0.032632943242788315,-0.030502617359161377,-0.02837229147553444,-0.0262419655919075,-0.024111639708280563,-0.021981313824653625,-0.01985098421573639,-0.01772065833210945,-0.015590332448482513,-0.013460010290145874,-0.011329680681228638,-0.009199351072311401,-0.007069028913974762,-0.004938703030347824,-0.0028083771467208862,-0.0006780475378036499,0.001452278345823288,0.003582604229450226,0.005712930113077164,0.007843255996704102,0.00997358188033104,0.012103907763957977,0.014234237372875214,0.01636456325650215,0.01849488914012909,0.020625215023756027,0.022755540907382965,0.024885866791009903,0.02701619267463684,0.029146520420908928,0.03127684444189072,0.03340717405080795,0.03553749993443489,0.03766782581806183,0.039798151701688766,0.041928477585315704,0.04405880346894264,0.04618912935256958,0.048319458961486816,0.050449784845113754,0.05258011072874069,0.05471043661236763,0.05684076249599457]},"_step":4,"parameters/graph_13gat1.heads.0.fc.weight":{"bins":[-1.420465111732483,-1.3755511045455933,-1.3306372165679932,-1.2857232093811035,-1.2408092021942139,-1.1958951950073242,-1.1509813070297241,-1.1060672998428345,-1.0611534118652344,-1.0162394046783447,-0.9713253974914551,-0.9264114499092102,-0.8814975023269653,-0.8365834951400757,-0.7916695475578308,-0.7467555403709412,-0.7018415927886963,-0.6569276452064514,-0.6120136380195618,-0.5670996904373169,-0.5221856832504272,-0.4772717356681824,-0.4323577880859375,-0.38744378089904785,-0.34252989292144775,-0.2976158857345581,-0.25270187854766846,-0.2077878713607788,-0.1628739833831787,-0.11795997619628906,-0.07304596900939941,-0.028132081031799316,0.01678180694580078,0.06169581413269043,0.10660970211029053,0.15152370929718018,0.19643771648406982,0.24135160446166992,0.28626561164855957,0.3311796188354492,0.37609362602233887,0.42100751399993896,0.4659215211868286,0.5108354687690735,0.5557494163513184,0.600663423538208,0.6455773711204529,0.6904913783073425,0.7354053258895874,0.7803192734718323,0.8252332806587219,0.8701472282409668,0.9150612354278564,0.9599751830101013,1.0048891305923462,1.0498031377792358,1.094717025756836,1.1396310329437256,1.1845450401306152,1.2294590473175049,1.274372935295105,1.3192869424819946,1.3642009496688843,1.4091148376464844,1.454028844833374],"_type":"histogram","values":[1,0,0,1,0,0,1,0,1,0,0,0,1,0,1,0,0,1,1,2,3,0,0,0,1,1,0,3,2,1,3,1,1,2,2,3,0,1,0,2,1,1,2,0,1,2,0,0,1,0,1,0,0,1,0,0,0,1,0,0,0,0,0,1]},"val_accuracy":0.5925925925925926,"gradients/graph_13gat1.heads.1.attn_fc.weight":{"values":[1,0,0,0,0,0,0,0,0,0,0,0,0,0,0,0,0,5,3,1,0,0,1,0,0,0,0,0,0,0,0,0,1,0,0,0,0,0,0,0,1,0,0,0,0,0,0,0,0,0,0,1,0,0,1,0,0,0,0,0,0,0,0,1],"bins":[-0.07884922623634338,-0.07441218197345734,-0.06997514516115189,-0.06553810834884644,-0.06110106408596039,-0.05666402354836464,-0.05222698301076889,-0.04778994247317314,-0.04335290193557739,-0.038915861397981644,-0.034478820860385895,-0.030041780322790146,-0.025604739785194397,-0.021167699247598648,-0.0167306587100029,-0.012293621897697449,-0.007856577634811401,-0.003419533371925354,0.0010175034403800964,0.005454540252685547,0.009891584515571594,0.014328628778457642,0.018765665590763092,0.023202702403068542,0.02763974666595459,0.03207679092884064,0.03651382774114609,0.04095086455345154,0.045387908816337585,0.04982495307922363,0.054261982440948486,0.058699026703834534,0.06313607096672058,0.06757311522960663,0.07201015949249268,0.07644718885421753,0.08088423311710358,0.08532127737998962,0.08975831419229507,0.09419535100460052,0.09863239526748657,0.10306943953037262,0.10750647634267807,0.11194351315498352,0.11638055741786957,0.12081760168075562,0.12525463104248047,0.12969167530536652,0.13412871956825256,0.1385657638311386,0.14300280809402466,0.1474398374557495,0.15187688171863556,0.1563139259815216,0.16075095534324646,0.1651879996061325,0.16962504386901855,0.1740620881319046,0.17849913239479065,0.1829361617565155,0.18737320601940155,0.1918102502822876,0.19624727964401245,0.2006843239068985,0.20512136816978455],"_type":"histogram"},"train_accuracy":0.624,"val_loss":0.6812690496444702,"train_f1":0.5913688362919133,