{"train_loss":0.6994611844420433,"_runtime":21.9776211,"val_f1":0.24146224146224143,"epoch":5,"parameters/graph_7classifier.weight":{"values":[1,0,3,0,0,0,0,2,2,0,4,1,0,2,2,0,1,1,0,0,1,1,0,0,1,3,0,1,1,1,1,2,1,1,2,1,1,0,1,0,0,2,0,1,0,0,2,0,0,0,1,0,0,1,0,0,0,0,0,0,1,1,0,1],"bins":[-0.17100000381469727,-0.16515465080738068,-0.1593092978000641,-0.1534639447927475,-0.1476185917854309,-0.14177323877811432,-0.13592788577079773,-0.13008254766464233,-0.12423718720674515,-0.11839183419942856,-0.11254648119211197,-0.10670112818479538,-0.10085578262805939,-0.0950104296207428,-0.08916507661342621,-0.08331972360610962,-0.07747437059879303,-0.07162901759147644,-0.06578366458415985,-0.05993831157684326,-0.05409295856952667,-0.04824761301279068,-0.042402252554893494,-0.036556899547576904,-0.03071156144142151,-0.02486620843410492,-0.01902085542678833,-0.01317550241947174,-0.007330149412155151,-0.001484796404838562,0.004360556602478027,0.010205909609794617,0.016051262617111206,0.021896615624427795,0.027741968631744385,0.033587321639060974,0.039432674646377563,0.04527802765369415,0.05112338066101074,0.05696873366832733,0.06281408667564392,0.06865942478179932,0.0745047777891159,0.08035013824701309,0.08619548380374908,0.09204083681106567,0.09788618981838226,0.10373154282569885,0.10957689583301544,0.11542224884033203,0.12126760184764862,0.1271129548549652,0.1329583078622818,0.1388036608695984,0.14464899897575378,0.15049436688423157,0.15633970499038696,0.16218507289886475,0.16803041100502014,0.17387576401233673,0.17972111701965332,0.1855664700269699,0.1914118230342865,0.1972571760416031,0.20310252904891968],"_type":"histogram"},"parameters/graph_7gat1.heads.0.attn_fc.weight":{"bins":[-0.695274293422699,-0.6700199246406555,-0.6447655558586121,-0.6195111870765686,-0.5942568778991699,-0.5690025091171265,-0.543748140335083,-0.5184937715530396,-0.4932394027709961,-0.46798503398895264,-0.4427306652069092,-0.4174763262271881,-0.39222195744514465,-0.3669675886631012,-0.3417132496833801,-0.31645888090133667,-0.2912045121192932,-0.26595014333724976,-0.2406957745552063,-0.21544143557548523,-0.19018703699111938,-0.1649327278137207,-0.13967835903167725,-0.11442399024963379,-0.08916962146759033,-0.06391525268554688,-0.03866088390350342,-0.013406515121459961,0.01184779405593872,0.03710216283798218,0.062356531620025635,0.08761090040206909,0.11286526918411255,0.138119637966156,0.16337400674819946,0.18862837553024292,0.21388274431228638,0.23913705348968506,0.2643914222717285,0.289645791053772,0.31490015983581543,0.3401545286178589,0.36540889739990234,0.3906632661819458,0.4159175753593445,0.4411719739437103,0.4664263129234314,0.49168068170547485,0.5169350504875183,0.5421894192695618,0.5674437880516052,0.5926980972290039,0.6179524660110474,0.6432068347930908,0.6684612035751343,0.6937155723571777,0.7189699411392212,0.7442243099212646,0.7694786787033081,0.7947330474853516,0.819987416267395,0.8452417254447937,0.8704960942268372,0.8957504630088806,0.9210048317909241],"_type":"histogram","values":[1,0,0,2,0,0,0,1,0,0,0,1,0,1,1,0,1,1,0,0,1,2,0,0,0,0,0,0,0,1,1,0,0,1,0,2,1,2,0,0,2,0,0,0,0,0,0,0,0,0,0,0,0,0,0,0,0,1,0,0,0,0,0,1]},"train_accuracy":0.424,"val_accuracy":0.2962962962962963,"gradients/graph_7gat1.heads.1.fc.weight":{"bins":[-0.03241254761815071,-0.03158775344491005,-0.03076295740902424,-0.029938161373138428,-0.029113367199897766,-0.028288571164011955,-0.027463775128126144,-0.026638980954885483,-0.02581418678164482,-0.02498939074575901,-0.0241645947098732,-0.023339800536632538,-0.022515004500746727,-0.021690208464860916,-0.020865414291620255,-0.020040620118379593,-0.019215824082493782,-0.01839102804660797,-0.01756623387336731,-0.0167414378374815,-0.015916643664240837,-0.015091847628355026,-0.014267053455114365,-0.013442257419228554,-0.012617461383342743,-0.011792667210102081,-0.01096787117421627,-0.010143077000975609,-0.009318280965089798,-0.008493486791849136,-0.0076686907559633255,-0.006843896582722664,-0.006019102409482002,-0.005194306373596191,-0.00436951220035553,-0.003544716164469719,-0.0027199219912290573,-0.0018951259553432465,-0.0010703317821025848,-0.000245535746216774,0.0005792584270238876,0.0014040544629096985,0.0022288504987955093,0.003053644672036171,0.003878440707921982,0.004703234881162643,0.005528030917048454,0.0063528260216116905,0.007177621126174927,0.008002416230738163,0.0088272113353014,0.009652006439864635,0.010476801544427872,0.011301597580313683,0.012126392684876919,0.012951187789440155,0.013775982894003391,0.014600777998566628,0.015425573103129864,0.0162503682076931,0.01707516424357891,0.017899958416819572,0.018724754452705383,0.019549548625946045,0.020374344661831856],"_type":"histogram","values":[1,0,0,0,0,0,1,1,0,0,2,1,0,0,0,0,1,2,1,1,2,0,2,0,1,0,0,0,2,1,1,0,1,1,1,1,4,3,2,4,1,4,2,5,0,4,1,3,2,1,0,3,4,0,2,0,0,1,0,1,0,0,0,1]},"parameters/graph_7gat1.heads.1.fc.weight":{"values":[1,0,0,0,1,1,0,0,0,0,0,0,1,2,1,1,1,1,1,4,0,0,2,2,2,2,2,0,1,3,2,2,3,4,0,1,3,3,2,3,3,1,1,1,0,0,1,1,2,2,0,3,2,0,1,0,0,0,0,0,1,0,0,1],"bins":[-1.1124697923660278,-1.077422022819519,-1.0423741340637207,-1.007326364517212,-0.9722784757614136,-0.9372307062149048,-0.9021828770637512,-0.8671350479125977,-0.8320872187614441,-0.7970393896102905,-0.761991560459137,-0.7269437313079834,-0.6918959617614746,-0.6568480730056763,-0.6218003034591675,-0.5867524743080139,-0.5517046451568604,-0.5166568160057068,-0.4816089868545532,-0.44656115770339966,-0.4115133285522461,-0.3764655590057373,-0.34141772985458374,-0.3063699007034302,-0.2713220715522766,-0.23627424240112305,-0.20122641324996948,-0.16617858409881592,-0.13113081455230713,-0.09608292579650879,-0.06103515625,-0.02598726749420166,0.009060382843017578,0.04410815238952637,0.07915604114532471,0.1142038106918335,0.14925169944763184,0.18429946899414062,0.2193472981452942,0.25439512729644775,0.2894429564476013,0.3244907855987549,0.35953861474990845,0.394586443901062,0.4296342134475708,0.46468204259872437,0.49972987174987793,0.5347777009010315,0.5698255300521851,0.6048733592033386,0.6399211883544922,0.674968957901001,0.7100168466567993,0.7450646162033081,0.7801124453544617,0.8151602745056152,0.8502081036567688,0.8852559328079224,0.9203037619590759,0.9553515911102295,0.9903993606567383,1.0254472494125366,1.0604950189590454,1.0955429077148438,1.1305906772613525],"_type":"histogram"},"gradients/graph_7gat1.heads.1.attn_fc.weight":{"values":[1,0,0,0,0,0,1,1,0,0,0,0,0,0,0,0,0,0,0,1,1,2,1,0,2,1,4,0,0,1,0,0,0,1,0,0,1,0,1,1,0,0,0,0,0,0,0,0,0,0,0,1,1,0,0,0,0,1,0,0,0,0,0,1],"bins":[-0.034044474363327026,-0.032734885811805725,-0.031425293534994125,-0.030115704983472824,-0.028806116431951523,-0.027496526017785072,-0.026186935603618622,-0.02487734705209732,-0.02356775850057602,-0.02225816808640957,-0.02094857767224312,-0.019638989120721817,-0.018329398706555367,-0.017019810155034065,-0.015710219740867615,-0.014400631189346313,-0.013091040775179863,-0.011781450361013412,-0.010471861809492111,-0.00916227139532566,-0.00785268284380436,-0.006543092429637909,-0.005233503878116608,-0.003923913463950157,-0.0026143230497837067,-0.0013047344982624054,4.854053258895874e-06,0.0013144463300704956,0.002624034881591797,0.003933623433113098,0.005243211984634399,0.006552804261445999,0.0078623928129673,0.009171981364488602,0.010481573641300201,0.011791162192821503,0.013100750744342804,0.014410339295864105,0.015719931572675705,0.017029520124197006,0.018339108675718307,0.019648699089884758,0.02095828950405121,0.02226787805557251,0.02357746846973896,0.02488705702126026,0.026196647435426712,0.027506235986948013,0.028815826401114464,0.030125416815280914,0.031435005366802216,0.03274459391832352,0.03405418246984482,0.03536377474665642,0.03667336329817772,0.03798295557498932,0.03929254412651062,0.04060213267803192,0.04191172122955322,0.04322131350636482,0.044530902057886124,0.045840490609407425,0.047150079160928726,0.048459671437740326,0.04976925998926163],"_type":"histogram"},"_step":4,