{"train_accuracy":0.584,"parameters/graph_10classifier.bias":{"_type":"histogram","values":[1,0,0,0,0,0,0,0,0,0,0,0,0,0,0,0,0,0,0,0,0,0,0,0,0,0,0,0,0,0,0,0,0,0,0,0,0,0,0,0,0,0,0,0,0,0,0,0,0,0,0,0,0,0,0,0,0,0,0,0,0,0,0,1],"bins":[-0.2616671323776245,-0.25560152530670166,-0.24953588843345642,-0.24347028136253357,-0.23740465939044952,-0.23133903741836548,-0.22527343034744263,-0.21920780837535858,-0.21314218640327454,-0.2070765644311905,-0.20101094245910645,-0.1949453353881836,-0.18887971341609955,-0.1828140914440155,-0.17674848437309265,-0.1706828624010086,-0.16461724042892456,-0.15855161845684052,-0.15248599648475647,-0.14642038941383362,-0.14035476744174957,-0.13428914546966553,-0.12822353839874268,-0.12215791642665863,-0.11609229445457458,-0.11002667248249054,-0.1039610505104065,-0.09789544343948364,-0.0918298214673996,-0.08576419949531555,-0.0796985924243927,-0.07363297045230865,-0.0675673633813858,-0.06150174140930176,-0.05543611943721771,-0.04937051236629486,-0.043304890394210815,-0.03723926842212677,-0.03117366135120392,-0.025108039379119873,-0.019042417407035828,-0.012976795434951782,-0.006911173462867737,-0.0008455663919448853,0.00522005558013916,0.011285677552223206,0.017351292073726654,0.023416906595230103,0.029482528567314148,0.03554815053939819,0.04161376506090164,0.04767937958240509,0.053745001554489136,0.05981062352657318,0.06587623804807663,0.07194185256958008,0.07800747454166412,0.08407309651374817,0.09013871103525162,0.09620432555675507,0.10226994752883911,0.10833556950092316,0.1144011840224266,0.12046679854393005,0.1265324205160141]},"gradients/graph_10classifier.weight":{"_type":"histogram","values":[1,0,0,0,0,0,0,1,0,1,0,0,1,0,0,2,1,0,0,0,0,0,0,0,0,0,2,0,1,0,2,0,0,2,0,1,0,2,0,0,0,0,0,0,0,0,0,1,2,0,0,1,0,0,1,0,1,0,0,0,0,0,0,1],"bins":[-0.7079347372055054,-0.6858117580413818,-0.6636888384819031,-0.6415658593177795,-0.619442880153656,-0.5973199605941772,-0.5751969814300537,-0.5530740022659302,-0.5309510231018066,-0.5088281035423279,-0.48670512437820435,-0.4645821750164032,-0.44245922565460205,-0.4203362464904785,-0.39821329712867737,-0.37609031796455383,-0.3539673686027527,-0.33184441924095154,-0.309721440076828,-0.28759849071502686,-0.2654755115509033,-0.24335256218910217,-0.22122961282730103,-0.1991066336631775,-0.17698371410369873,-0.1548607349395752,-0.13273775577545166,-0.11061477661132812,-0.08849185705184937,-0.06636887788772583,-0.044245898723602295,-0.022122979164123535,-5.960464477539063e-08,0.02212291955947876,0.04424583911895752,0.06636881828308105,0.08849179744720459,0.11061471700668335,0.13273769617080688,0.15486067533493042,0.17698365449905396,0.19910657405853271,0.22122955322265625,0.2433525025844574,0.26547545194625854,0.2875984311103821,0.3097213804721832,0.33184435963630676,0.3539673089981079,0.37609025835990906,0.3982132375240326,0.42033618688583374,0.4424591660499573,0.4645821154117584,0.48670506477355957,0.5088280439376831,0.5309510231018066,0.5530739426612854,0.5751969218254089,0.5973198413848877,0.6194428205490112,0.6415657997131348,0.6636887788772583,0.6858116984367371,0.7079346776008606]},"gradients/graph_10gat1.heads.0.attn_fc.weight":{"bins":[-0.17054983973503113,-0.16609831154346466,-0.161646768450737,-0.15719524025917053,-0.15274369716644287,-0.1482921689748764,-0.14384062588214874,-0.13938909769058228,-0.13493755459785461,-0.13048602640628815,-0.12603449821472168,-0.12158295512199402,-0.11713142693042755,-0.11267988383769989,-0.10822835564613342,-0.10377682000398636,-0.0993252843618393,-0.09487374871969223,-0.09042221307754517,-0.0859706774353981,-0.08151914179325104,-0.07706761360168457,-0.0726160779595375,-0.06816454231739044,-0.06371300667524338,-0.059261471033096313,-0.05480993539094925,-0.050358399748802185,-0.04590687155723572,-0.04145532846450806,-0.03700380027294159,-0.03255225718021393,-0.028100743889808655,-0.023649215698242188,-0.019197672605514526,-0.014746144413948059,-0.010294601321220398,-0.005843073129653931,-0.0013915374875068665,0.0030599981546401978,0.007511533796787262,0.011963069438934326,0.01641460508108139,0.020866140723228455,0.025317668914794922,0.029769204556941986,0.03422074019908905,0.038672275841236115,0.04312381148338318,0.04757534712553024,0.05202688276767731,0.05647841468453407,0.06092995032668114,0.0653814822435379,0.06983301788568497,0.07428455352783203,0.0787360891699791,0.08318762481212616,0.08763916045427322,0.09209069609642029,0.09654222428798676,0.10099375993013382,0.10544529557228088,0.10989683121442795,0.11434836685657501],"_type":"histogram","values":[1,0,0,0,0,0,0,0,0,0,0,0,0,0,0,0,1,0,0,0,0,0,0,1,0,0,0,0,0,0,0,0,1,0,0,1,0,2,10,0,0,0,0,0,0,0,0,1,0,0,2,1,0,0,0,0,1,0,0,0,1,0,0,1]},"train_loss":0.6815629824995995,"_runtime":8.2063482,"val_f1":0.4912280701754386,"val_accuracy":0.5555555555555556,"epoch":5,"_timestamp":1.7316944990871263e+09,"val_loss":0.7005021572113037,"parameters/graph_10gat1.heads.0.fc.weight":{"_type":"histogram","values":[1,0,0,0,0,0,0,0,0,1,0,0,2,1,0,1,0,2,1,0,2,2,0,2,2,1,2,0,1,1,2,4,4,3,4,4,2,5,3,2,5,1,0,3,0,1,0,2,0,1,0,1,1,0,0,0,0,0,0,0,1,0,0,1],"bins":[-1.6078718900680542,-1.55952787399292,-1.5111838579177856,-1.462839961051941,-1.4144959449768066,-1.3661519289016724,-1.317807912826538,-1.2694640159606934,-1.221119999885559,-1.1727759838104248,-1.1244319677352905,-1.0760879516601562,-1.0277440547943115,-0.9794000387191772,-0.931056022644043,-0.8827120661735535,-0.8343680500984192,-0.7860240340232849,-0.7376800775527954,-0.6893360614776611,-0.6409921050071716,-0.5926481485366821,-0.5443041324615479,-0.4959601163864136,-0.4476161003112793,-0.399272084236145,-0.3509281873703003,-0.302584171295166,-0.25424015522003174,-0.20589613914489746,-0.15755224227905273,-0.10920822620391846,-0.06086421012878418,-0.012520194053649902,0.035823822021484375,0.0841677188873291,0.13251173496246338,0.18085575103759766,0.22919976711273193,0.27754366397857666,0.32588768005371094,0.3742316961288452,0.4225757122039795,0.47091972827911377,0.5192636847496033,0.5676076412200928,0.615951657295227,0.6642956137657166,0.7126396298408508,0.7609836459159851,0.8093276023864746,0.8576716184616089,0.9060155749320984,0.9543595910072327,1.0027035474777222,1.0510475635528564,1.0993915796279907,1.147735595703125,1.1960794925689697,1.244423508644104,1.2927675247192383,1.3411115407943726,1.3894554376602173,1.4377994537353516,1.4861434698104858]},"train_f1":0.5220674157303371,"_step":4,"parameters/graph_10gat1.heads.0.attn_fc.weight":{"values":[1,0,0,1,0,0,0,0,1,0,0,0,0,1,1,0,0,1,0,1,0,0,0,0,0,1,0,1,0,1,1,0,2,0,0,0,0,0,1,0,1,1,3,0,0,0,1,0,0,0,0,1,0,0,0,0,0,1,0,0,1,0,0,1],"bins":[-0.9410693645477295,-0.9146753549575806,-0.8882812857627869,-0.8618872761726379,-0.835493266582489,-0.8090991973876953,-0.7827051877975464,-0.7563111782073975,-0.7299171686172485,-0.7035231590270996,-0.6771290898323059,-0.650735080242157,-0.6243410110473633,-0.5979470014572144,-0.5715529918670654,-0.5451589822769165,-0.5187649726867676,-0.4923709034919739,-0.46597689390182495,-0.439582884311676,-0.4131888151168823,-0.3867948055267334,-0.3604007959365845,-0.33400678634643555,-0.30761271715164185,-0.2812187075614929,-0.254824697971344,-0.2284306287765503,-0.20203661918640137,-0.17564260959625244,-0.14924860000610352,-0.12285453081130981,-0.09646052122116089,-0.07006651163101196,-0.04367244243621826,-0.017278432846069336,0.00911557674407959,0.035509586334228516,0.06190365552902222,0.08829766511917114,0.11469167470932007,0.14108574390411377,0.1674797534942627,0.19387376308441162,0.22026777267456055,0.24666184186935425,0.2730558514595032,0.2994498610496521,0.3258439004421234,0.3522379398345947,0.37863194942474365,0.40502598881721497,0.4314199984073639,0.4578140377998352,0.48420804738998413,0.5106021165847778,0.5369961261749268,0.5633901357650757,0.5897841453552246,0.6161781549453735,0.6425722241401672,0.6689662337303162,0.6953602433204651,0.7217543125152588,0.7481483221054077],"_type":"histogram"},