{"_timestamp":1.7316887520309672e+09,"parameters/graph_43classifier.bias":{"bins":[-0.23428380489349365,-0.23402704298496246,-0.23377026617527008,-0.2335135042667389,-0.2332567274570465,-0.23299996554851532,-0.23274320363998413,-0.23248642683029175,-0.23222966492176056,-0.23197290301322937,-0.231716126203537,-0.2314593642950058,-0.2312026023864746,-0.23094582557678223,-0.23068906366825104,-0.23043228685855865,-0.23017552495002747,-0.22991876304149628,-0.2296619862318039,-0.2294052243232727,-0.22914844751358032,-0.22889168560504913,-0.22863492369651794,-0.22837814688682556,-0.22812138497829437,-0.22786462306976318,-0.2276078462600708,-0.2273510843515396,-0.22709432244300842,-0.22683754563331604,-0.22658078372478485,-0.22632400691509247,-0.22606724500656128,-0.2258104830980301,-0.2255537062883377,-0.22529694437980652,-0.22504016757011414,-0.22478340566158295,-0.22452664375305176,-0.22426986694335938,-0.22401310503482819,-0.223756343126297,-0.22349956631660461,-0.22324280440807343,-0.22298604249954224,-0.22272926568984985,-0.22247250378131866,-0.22221572697162628,-0.2219589650630951,-0.2217022031545639,-0.22144542634487152,-0.22118866443634033,-0.22093188762664795,-0.22067512571811676,-0.22041836380958557,-0.2201615869998932,-0.219904825091362,-0.2196480631828308,-0.21939128637313843,-0.21913452446460724,-0.21887776255607605,-0.21862098574638367,-0.21836422383785248,-0.2181074470281601,-0.2178506851196289],"_type":"histogram","values":[1,0,0,0,0,0,0,0,0,0,0,0,0,0,0,0,0,0,0,0,0,0,0,0,0,0,0,0,0,0,0,0,0,0,0,0,0,0,0,0,0,0,0,0,0,0,0,0,0,0,0,0,0,0,0,0,0,0,0,0,0,0,0,1]},"val_f1":0.39682539682539686,"epoch":5,"_wandb":{"runtime":7},"gradients/graph_43classifier.weight":{"bins":[-0.6402744054794312,-0.6202658414840698,-0.6002572774887085,-0.5802486538887024,-0.5602400898933411,-0.5402315258979797,-0.5202229619026184,-0.5002143979072571,-0.48020580410957336,-0.46019721031188965,-0.4401886463165283,-0.420180082321167,-0.40017151832580566,-0.38016292452812195,-0.3601543605327606,-0.3401457667350769,-0.3201372027397156,-0.30012863874435425,-0.28012004494667053,-0.2601114809513092,-0.2401028871536255,-0.22009432315826416,-0.20008575916290283,-0.18007716536521912,-0.1600686013698578,-0.14006000757217407,-0.12005144357681274,-0.10004287958145142,-0.08003431558609009,-0.06002575159072876,-0.040017127990722656,-0.020008563995361328,0,0.020008563995361328,0.040017127990722656,0.06002575159072876,0.08003431558609009,0.10004287958145142,0.12005144357681274,0.14006000757217407,0.1600686013698578,0.18007716536521912,0.20008575916290283,0.22009432315826416,0.2401028871536255,0.2601114809513092,0.28012004494667053,0.30012863874435425,0.3201372027397156,0.3401457667350769,0.3601543605327606,0.38016292452812195,0.40017151832580566,0.420180082321167,0.4401886463165283,0.46019721031188965,0.48020580410957336,0.5002143979072571,0.5202229619026184,0.5402315258979797,0.5602400898933411,0.5802486538887024,0.6002572774887085,0.6202658414840698,0.6402744054794312],"_type":"histogram","values":[1,0,0,0,1,0,1,0,0,0,0,1,0,0,0,0,2,0,3,0,1,1,0,1,0,0,0,1,0,1,2,0,0,2,1,0,1,0,0,0,1,0,1,1,0,3,0,2,0,0,0,0,1,0,0,0,0,1,0,1,0,0,0,1]},"train_f1":0.41151020408163264,"gradients/graph_43gat1.heads.0.attn_fc.weight":{"values":[1,0,0,0,0,1,0,0,0,0,0,0,0,0,0,0,0,0,0,0,0,1,0,0,0,2,0,0,0,1,1,0,5,3,6,3,0,0,0,0,1,0,1,1,0,0,0,0,0,0,0,1,0,0,0,1,0,0,1,1,0,0,0,1],"bins":[-0.08532537519931793,-0.08279725909233093,-0.08026914298534393,-0.07774103432893753,-0.07521291822195053,-0.07268480211496353,-0.07015669345855713,-0.06762857735157013,-0.06510046124458313,-0.06257234513759613,-0.06004423275589943,-0.05751612037420273,-0.05498800426721573,-0.05245988816022873,-0.04993177577853203,-0.04740366339683533,-0.04487554728984833,-0.04234743118286133,-0.03981931880116463,-0.037291206419467926,-0.034763090312480927,-0.03223497420549393,-0.029706861823797226,-0.027178749442100525,-0.024650633335113525,-0.022122517228126526,-0.019594401121139526,-0.017066292464733124,-0.014538176357746124,-0.012010060250759125,-0.009481951594352722,-0.006953835487365723,-0.00442572683095932,-0.0018976107239723206,0.000630505383014679,0.0031586140394210815,0.005686730146408081,0.00821484625339508,0.010742954909801483,0.013271071016788483,0.015799187123775482,0.01832730323076248,0.020855415612459183,0.023383527994155884,0.025911644101142883,0.028439760208129883,0.030967872589826584,0.033495984971523285,0.036024101078510284,0.038552217185497284,0.041080329567193985,0.043608441948890686,0.046136558055877686,0.048664674162864685,0.051192786544561386,0.05372089892625809,0.05624901503324509,0.058777131140232086,0.06130524352192879,0.06383335590362549,0.06636147201061249,0.06888958811759949,0.07141770422458649,0.07394581288099289,0.07647392898797989],"_type":"histogram"},"gradients/graph_43gat1.heads.0.fc.weight":{"_type":"histogram","values":[1,0,0,1,0,0,0,0,0,0,0,0,1,0,0,1,0,3,2,0,0,2,1,1,0,5,3,1,3,2,14,16,8,2,3,1,1,4,1,3,3,0,1,0,0,0,0,2,1,0,2,0,1,0,0,1,1,1,1,0,0,1,0,1],"bins":[-0.13461707532405853,-0.13037192821502686,-0.12612676620483398,-0.12188161909580231,-0.11763646453619003,-0.11339130997657776,-0.10914616286754608,-0.10490100830793381,-0.10065585374832153,-0.09641069918870926,-0.09216554462909698,-0.08792039752006531,-0.08367524296045303,-0.07943008840084076,-0.07518494129180908,-0.07093978673219681,-0.06669463217258453,-0.06244947761297226,-0.058204323053359985,-0.05395917594432831,-0.049714021384716034,-0.04546886682510376,-0.04122371971607208,-0.03697856515645981,-0.032733410596847534,-0.02848825603723526,-0.024243101477622986,-0.01999795436859131,-0.015752799808979034,-0.01150764524936676,-0.007262498140335083,-0.003017336130142212,0.0012278109788894653,0.005472958087921143,0.009718120098114014,0.013963267207145691,0.018208421766757965,0.02245357632637024,0.026698723435401917,0.03094387799501419,0.035189032554626465,0.03943418711423874,0.04367934167385101,0.04792448878288269,0.052169643342494965,0.05641479790210724,0.060659945011138916,0.06490509957075119,0.06915025413036346,0.07339540868997574,0.07764056324958801,0.08188571035861969,0.08613086491823196,0.09037601947784424,0.09462116658687592,0.09886632114648819,0.10311147570610046,0.10735663026571274,0.11160178482532501,0.11584693193435669,0.12009208649396896,0.12433724105358124,0.12858238816261292,0.1328275501728058,0.13707269728183746]},"train_accuracy":0.568,"val_loss":0.6702350676059723,"_runtime":7.0303374,"val_accuracy":0.5555555555555556,"train_loss":0.6991581544280052,"parameters/graph_43gat1.heads.0.attn_fc.weight":{"_type":"histogram","values":[1,0,0,0,0,1,0,1,0,0,2,0,0,0,0,0,0,1,1,0,0,1,1,0,0,0,2,0,2,3,1,0,3,2,0,0,0,0,0,0,1,3,1,0,0,0,0,1,0,0,1,0,1,0,0,0,0,0,1,0,0,0,0,1],"bins":[-0.8007338643074036,-0.7750808000564575,-0.7494276762008667,-0.7237746119499207,-0.6981215476989746,-0.6724684238433838,-0.6468153595924377,-0.6211622953414917,-0.5955091714859009,-0.5698560476303101,-0.544202983379364,-0.518549919128418,-0.49289682507514954,-0.4672437310218811,-0.44159066677093506,-0.4159375727176666,-0.3902844786643982,-0.36463138461112976,-0.33897829055786133,-0.3133252263069153,-0.28767210245132446,-0.2620190382003784,-0.23636597394943237,-0.21071285009384155,-0.1850597858428955,-0.15940672159194946,-0.13375359773635864,-0.1081005334854126,-0.08244746923446655,-0.05679434537887573,-0.031141281127929688,-0.005488157272338867,0.020164847373962402,0.04581791162490845,0.07147103548049927,0.09712409973144531,0.12277722358703613,0.14843028783798218,0.17408335208892822,0.19973647594451904,0.2253895401954651,0.25104260444641113,0.27669572830200195,0.302348792552948,0.32800185680389404,0.35365498065948486,0.3793080449104309,0.40496113896369934,0.4306142330169678,0.4562673270702362,0.48192042112350464,0.5075734853744507,0.5332266092300415,0.5588796734809875,0.5845327377319336,0.6101858615875244,0.6358389258384705,0.6614919900894165,0.6871451139450073,0.7127981781959534,0.7384512424468994,0.7641043663024902,0.7897574305534363,0.8154105544090271,0.8410636186599731]},"_step":4,