{"_runtime":5.6000394,"parameters/graph_52gat1.heads.0.fc.weight":{"bins":[-1.057206630706787,-1.026616096496582,-0.9960256218910217,-0.9654351472854614,-0.9348446726799011,-0.9042541980743408,-0.8736636638641357,-0.8430731892585754,-0.8124827146530151,-0.7818921804428101,-0.7513017058372498,-0.7207112312316895,-0.6901206970214844,-0.6595302224159241,-0.6289397478103638,-0.5983492136001587,-0.5677587389945984,-0.5371682643890381,-0.506577730178833,-0.4759872555732727,-0.4453967809677124,-0.4148062467575073,-0.384215772151947,-0.3536252975463867,-0.32303476333618164,-0.29244428873062134,-0.26185381412506104,-0.23126333951950073,-0.20067280530929565,-0.17008233070373535,-0.13949185609817505,-0.10890132188796997,-0.07831078767776489,-0.04772031307220459,-0.01712977886199951,0.013460695743560791,0.044051170349121094,0.07464170455932617,0.10523217916488647,0.13582265377044678,0.16641312837600708,0.19700366258621216,0.22759413719177246,0.25818461179733276,0.28877514600753784,0.31936562061309814,0.34995609521865845,0.3805466294288635,0.41113710403442383,0.4417276084423065,0.4723180830478668,0.5029085874557495,0.5334990620613098,0.5640895366668701,0.5946800708770752,0.6252705454826355,0.6558610200881958,0.6864515542984009,0.7170420289039612,0.7476325035095215,0.7782230377197266,0.8088135123252869,0.8394039869308472,0.8699945211410522,0.9005849957466125],"_type":"histogram","values":[1,0,1,0,0,0,0,1,1,2,0,0,2,2,1,0,0,1,3,1,2,3,0,2,3,0,2,5,2,4,0,2,2,0,2,2,5,2,3,2,2,2,1,2,2,3,0,3,5,2,1,0,2,2,1,1,1,2,1,1,0,1,1,1]},"_wandb":{"runtime":5},"gradients/graph_52classifier.bias":{"_type":"histogram","values":[1,0,0,0,0,0,0,0,0,0,0,0,0,0,0,0,0,0,0,0,0,0,0,0,0,0,0,0,0,0,0,0,0,0,0,0,0,0,0,0,0,0,0,0,0,0,0,0,0,0,0,0,0,0,0,0,0,0,0,0,0,0,0,1],"bins":[-0.0033598802983760834,-0.0032548836898058653,-0.003149887081235647,-0.0030448907054960728,-0.0029398940969258547,-0.0028348974883556366,-0.002729901112616062,-0.002624904504045844,-0.002519907895475626,-0.002414911286905408,-0.00230991467833519,-0.0022049183025956154,-0.0020999216940253973,-0.001994925085455179,-0.001889928593300283,-0.0017849321011453867,-0.0016799354925751686,-0.0015749388840049505,-0.0014699423918500543,-0.001364945899695158,-0.00125994929112494,-0.0011549526825547218,-0.0010499563068151474,-0.0009449596982449293,-0.0008399630896747112,-0.0007349664811044931,-0.0006299698725342751,-0.0005249734967947006,-0.00041997688822448254,-0.00031498027965426445,-0.00020998390391469002,-0.00010498729534447193,9.313225746154785e-09,0.00010500592179596424,0.00021000253036618233,0.00031499890610575676,0.00041999551467597485,0.0005249921232461929,0.0006299884989857674,0.0007349851075559855,0.0008399817161262035,0.0009449783246964216,0.0010499749332666397,0.0011549713090062141,0.0012599679175764322,0.0013649645261466503,0.0014699610183015466,0.0015749575104564428,0.001679954119026661,0.001784950727596879,0.0018899472197517753,0.0019949437119066715,0.0020999403204768896,0.0022049369290471077,0.002309933304786682,0.0024149299133569,0.0025199265219271183,0.0026249231304973364,0.0027299197390675545,0.002834916114807129,0.002939912723377347,0.003044909331947565,0.0031499057076871395,0.0032549023162573576,0.0033598989248275757]},"parameters/graph_52classifier.bias":{"_type":"histogram","values":[1,0,0,0,0,0,0,0,0,0,0,0,0,0,0,0,0,0,0,0,0,0,0,0,0,0,0,0,0,0,0,0,0,0,0,0,0,0,0,0,0,0,0,0,0,0,0,0,0,0,0,0,0,0,0,0,0,0,0,0,0,0,0,1],"bins":[-0.040618862956762314,-0.036687564104795456,-0.0327562652528286,-0.02882496826350689,-0.02489366941154003,-0.020962370559573174,-0.017031073570251465,-0.013099774718284607,-0.009168475866317749,-0.005237177014350891,-0.0013058781623840332,0.0026254206895828247,0.006556715816259384,0.010488014668226242,0.0144193135201931,0.018350612372159958,0.022281911224126816,0.026213210076093674,0.03014450892806053,0.03407580778002739,0.03800710663199425,0.041938405483961105,0.04586970433592796,0.04980100318789482,0.05373229458928108,0.05766359344124794,0.0615948922932148,0.06552618741989136,0.06945748627185822,0.07338878512382507,0.07732008397579193,0.08125138282775879,0.08518269658088684,0.0891139954328537,0.09304529428482056,0.09697659313678741,0.10090789198875427,0.10483919084072113,0.10877048969268799,0.11270178854465485,0.1166330873966217,0.12056437879800797,0.12449567764997482,0.12842696905136108,0.13235828280448914,0.1362895667552948,0.14022088050842285,0.14415216445922852,0.14808347821235657,0.15201476216316223,0.15594607591629028,0.15987735986709595,0.163808673620224,0.16773995757102966,0.17167125642299652,0.17560255527496338,0.17953385412693024,0.1834651529788971,0.18739645183086395,0.1913277506828308,0.19525904953479767,0.19919034838676453,0.20312164723873138,0.20705294609069824,0.2109842449426651]},"val_loss":0.6953375935554504,"_step":4,"gradients/graph_52gat1.heads.0.attn_fc.weight":{"bins":[-0.0026748247910290956,-0.002608636626973748,-0.0025424484629184008,-0.0024762602988630533,-0.0024100719019770622,-0.0023438837379217148,-0.0022776955738663673,-0.00221150740981102,-0.0021453192457556725,-0.002079131081700325,-0.0020129429176449776,-0.0019467546371743083,-0.0018805664731189609,-0.0018143783090636134,-0.0017481900285929441,-0.0016820018645375967,-0.0016158137004822493,-0.0015496255364269018,-0.0014834373723715544,-0.001417249091900885,-0.0013510609278455377,-0.0012848727637901902,-0.001218684483319521,-0.0011524963192641735,-0.001086308155208826,-0.0010201199911534786,-0.0009539318270981312,-0.0008877435466274619,-0.0008215553825721145,-0.000755367218516767,-0.0006891789380460978,-0.0006229907739907503,-0.0005568023771047592,-0.0004906142130494118,-0.00042442604899406433,-0.00035823776852339506,-0.0002920496044680476,-0.00022586144041270018,-0.0001596731599420309,-9.348499588668346e-05,-2.729683183133602e-05,3.889133222401142e-05,0.00010507949627935886,0.00017126777675002813,0.00023745594080537558,0.000303644104860723,0.0003698323853313923,0.00043602054938673973,0.0005022087134420872,0.0005683968774974346,0.000634585099760443,0.0007007733220234513,0.0007669614860787988,0.0008331496501341462,0.0008993378723971546,0.0009655260946601629,0.0010317142587155104,0.0010979024227708578,0.0011640905868262053,0.0012302788672968745,0.001296467031352222,0.0013626551954075694,0.0014288434758782387,0.0014950316399335861,0.0015612198039889336],"_type":"histogram","values":[1,0,0,0,0,0,0,0,0,0,0,0,0,0,0,1,0,0,0,1,0,0,1,0,0,1,0,0,0,1,1,0,0,0,1,0,1,1,1,1,1,1,2,2,1,0,0,0,2,0,1,2,1,0,1,1,0,0,0,1,0,0,2,2]},"parameters/graph_52classifier.weight":{"_type":"histogram","values":[2,1,0,0,0,2,0,1,0,1,0,0,0,1,0,0,1,1,0,1,0,0,1,0,1,2,0,0,1,1,0,0,1,0,0,0,0,0,0,0,1,0,0,0,1,0,0,1,1,1,0,2,0,1,0,0,2,1,0,1,0,0,0,2],"bins":[-0.24882160127162933,-0.24123404920101166,-0.23364651203155518,-0.2260589599609375,-0.21847140789031982,-0.21088385581970215,-0.20329631865024567,-0.195708766579628,-0.1881212294101715,-0.18053367733955383,-0.17294612526893616,-0.16535857319831848,-0.157771036028862,-0.15018348395824432,-0.14259594678878784,-0.13500839471817017,-0.1274208426475525,-0.11983329057693481,-0.11224575340747833,-0.10465820133686066,-0.09707064926624298,-0.0894831120967865,-0.08189556002616882,-0.07430800795555115,-0.06672047078609467,-0.05913291871547699,-0.051545366644859314,-0.04395781457424164,-0.036370277404785156,-0.02878272533416748,-0.021195173263549805,-0.013607636094093323,-0.006020098924636841,0.001567453145980835,0.009154990315437317,0.016742542386054993,0.02433009445667267,0.03191763162612915,0.039505183696746826,0.0470927357673645,0.05468028783798218,0.06226782500743866,0.06985537707805634,0.07744292914867401,0.0850304663181305,0.09261801838874817,0.10020557045936584,0.10779310762882233,0.11538065969944,0.12296820431947708,0.13055574893951416,0.13814330101013184,0.1457308530807495,0.1533184051513672,0.16090594232082367,0.16849349439144135,0.17608103156089783,0.1836685836315155,0.19125613570213318,0.19884368777275085,0.20643122494220734,0.214018777012825,0.2216063290834427,0.22919386625289917,0.23678141832351685]},