{"gradients/classifier.weight":0.12120481580495834,"_timestamp":1.7307183548711908e+09,"gradients/classifier.bias":0.127536341547966,"gradients/gat1.attn_l":0.12216265499591827,"gradients/gat1.attn_r":0.006970055866986513,"epoch":49,"val/loss":0.6235074400901794,"train/f1_score":0.6916764199655765,"_runtime":10.12089,"val/f1_score":0.6790123456790123,"train/loss":0.6266597211360931,"gradients/gat1.bias":0.14059358835220337,"gradients/gat1.fc.weight":0.10629849135875702,"_step":49,"train/accuracy":0.712,"val/accuracy":0.7037037037037037,"_wandb":{"runtime":10}}