{"_timestamp":1.7309828008918004e+09,"_wandb":{"runtime":27},"gradients/classifier.bias":0.09432213008403778,"gradients/gat1.heads.2.fc.weight":0.019877299666404724,"gradients/gat1.heads.1.attn_fc.weight":0.0009751079487614334,"val/loss":0.6704744696617126,"gradients/gat1.heads.0.fc.weight":0.013587337918579578,"val/accuracy":0.5925925925925926,"gradients/gat1.heads.2.attn_fc.weight":0.017149414867162704,"confusion_matrix_table":{"size":132,"artifact_path":"wandb-client-artifact://2fwhbws1tuv1o7394v29w9jm2zh81qmmkitn06qrw2gyvk7m5fvh6blzju4gscmmmb4hyuhmtgcnd4yecz2zv8hmb88amnqwmrxy3nai5v8i4jtaobh4eyojajjt5zxr/confusion_matrix_table.table.json","_latest_artifact_path":"wandb-client-artifact://310l1ey49qine44r6c0bt3tu9aytxzysnop44631r88qn0lrr5f9g0qd1xy4bu4rz5rnhn403oy0wa113zo4csvn4dey9ycry7tf202tsvva3d3mtjib0yjbeprxlkpw:latest/confusion_matrix_table.table.json","path":"media/table/confusion_matrix_table_18_cbb7c728e74adde04773.table.json","ncols":3,"nrows":4,"_type":"table-file","sha256":"cbb7c728e74adde047733d21e8bb8ed49f2f03e8289c3b910783a1ca1484c965"},"gradients/gat1.heads.0.attn_fc.weight":0.001031198538839817,"_step":19,"train/loss":0.6676661819219589,"epoch":10,"gradients/gat1.heads.1.fc.weight":0.014925195835530758,"gradients/classifier.weight":0.13317756354808807,"val/f1_score":0.47488013341671875,"train/f1_score":0.41151020408163264,"train/accuracy":0.568,"_runtime":27.5849379}