{"gradients/graph_20classifier.bias":{"_type":"histogram","values":[1,0,0,0,0,0,0,0,0,0,0,0,0,0,0,0,0,0,0,0,0,0,0,0,0,0,0,0,0,0,0,0,0,0,0,0,0,0,0,0,0,0,0,0,0,0,0,0,0,0,0,0,0,0,0,0,0,0,0,0,0,0,0,1],"bins":[-0.0020813345909118652,-0.002016293117776513,-0.001951251644641161,-0.0018862101715058088,-0.0018211686983704567,-0.0017561272252351046,-0.0016910857520997524,-0.0016260442789644003,-0.0015610028058290482,-0.001495961332693696,-0.0014309198595583439,-0.0013658783864229918,-0.0013008369132876396,-0.0012357954401522875,-0.0011707539670169353,-0.0011057124938815832,-0.001040671020746231,-0.0009756295476108789,-0.0009105880744755268,-0.0008455466013401747,-0.0007805051282048225,-0.0007154636550694704,-0.0006504221819341183,-0.0005853807087987661,-0.000520339235663414,-0.00045529776252806187,-0.00039025628939270973,-0.0003252148162573576,-0.00026017334312200546,-0.00019513186998665333,-0.0001300903968513012,-6.504892371594906e-05,-7.450580596923828e-09,6.503402255475521e-05,0.00013007549569010735,0.00019511696882545948,0.0002601584419608116,0.00032519991509616375,0.0003902413882315159,0.000455282861366868,0.0005203243345022202,0.0005853658076375723,0.0006504072807729244,0.0007154487539082766,0.0007804902270436287,0.0008455317001789808,0.000910573173314333,0.0009756146464496851,0.0010406561195850372,0.0011056975927203894,0.0011707390658557415,0.0012357805389910936,0.0013008220121264458,0.001365863485261798,0.00143090495839715,0.0014959464315325022,0.0015609879046678543,0.0016260293778032064,0.0016910708509385586,0.0017561123240739107,0.0018211537972092628,0.001886195270344615,0.0019512367434799671,0.0020162782166153193,0.0020813196897506714]},"val_accuracy":0.6296296296296297,"_timestamp":1.7317011640345986e+09,"_wandb":{"runtime":20},"gradients/graph_20classifier.weight":{"bins":[-0.040011461824178696,-0.03876110538840294,-0.037510745227336884,-0.03626038879156113,-0.03501002863049507,-0.033759672194719315,-0.03250931203365326,-0.0312589555978775,-0.030008597299456596,-0.02875823900103569,-0.027507880702614784,-0.026257522404193878,-0.02500716596841812,-0.023756807669997215,-0.02250644937157631,-0.021256091073155403,-0.020005732774734497,-0.01875537447631359,-0.017505016177892685,-0.01625465787947178,-0.015004299581050873,-0.013753943145275116,-0.01250358484685421,-0.011253226548433304,-0.010002868250012398,-0.008752509951591492,-0.007502153515815735,-0.0062517933547496796,-0.005001436918973923,-0.0037510767579078674,-0.0025007203221321106,-0.0012503601610660553,0,0.0012503564357757568,0.002500716596841812,0.003751073032617569,0.005001433193683624,0.006251789629459381,0.007502149790525436,0.008752506226301193,0.0100028645247221,0.011253222823143005,0.012503581121563911,0.013753939419984818,0.015004295855760574,0.01625465415418148,0.017505012452602386,0.018755370751023293,0.0200057290494442,0.021256087347865105,0.02250644564628601,0.023756803944706917,0.025007162243127823,0.02625751867890358,0.027507876977324486,0.028758235275745392,0.030008593574166298,0.031258951872587204,0.03250930830836296,0.033759668469429016,0.03501002490520477,0.03626038506627083,0.037510741502046585,0.03876110166311264,0.0400114580988884],"_type":"histogram","values":[1,0,1,1,0,0,0,0,0,0,0,1,0,1,0,1,1,1,0,0,1,0,0,0,2,1,1,0,2,0,0,1,1,0,0,2,0,1,1,2,0,0,0,1,0,0,1,1,1,0,1,0,1,0,0,0,0,0,0,0,1,1,0,1]},"_runtime":20.7909093,"val_loss":0.646445706486702,"gradients/graph_20gat1.heads.0.attn_fc.weight":{"values":[1,0,0,0,0,2,0,0,0,1,1,1,1,1,0,0,1,1,0,0,0,0,0,0,0,0,1,0,0,0,0,0,0,0,0,1,0,0,1,0,0,0,0,0,0,0,0,0,0,0,0,1,0,0,0,0,0,0,0,0,1,0,0,1],"bins":[-0.00021684379316866398,-0.00020783397485502064,-0.00019882417109329253,-0.00018981436733156443,-0.0001808045490179211,-0.00017179473070427775,-0.00016278492694254965,-0.00015377512318082154,-0.0001447653048671782,-0.00013575548655353487,-0.00012674568279180676,-0.00011773587175412104,-0.00010872606071643531,-9.971624967874959e-05,-9.070643864106387e-05,-8.169663487933576e-05,-7.268681656569242e-05,-6.367699825204909e-05,-5.466719449032098e-05,-4.565739072859287e-05,-3.6647572414949536e-05,-2.76377541013062e-05,-1.8627950339578092e-05,-9.618146577849984e-06,-6.083282642066479e-07,8.401490049436688e-06,1.7411293811164796e-05,2.6421097572892904e-05,3.543091588653624e-05,4.444073420017958e-05,5.3450523409992456e-05,6.246034172363579e-05,7.147013093344867e-05,8.047994924709201e-05,8.948976756073534e-05,9.849955677054822e-05,0.00010750937508419156,0.0001165191933978349,0.000125528997159563,0.0001345388009212911,0.00014354861923493445,0.00015255843754857779,0.0001615682413103059,0.000170578045072034,0.00017958786338567734,0.00018859768169932067,0.00019760748546104878,0.0002066172892227769,0.00021562710753642023,0.00022463692585006356,0.00023364672961179167,0.00024265653337351978,0.0002516663516871631,0.00026067617000080645,0.0002696859883144498,0.00027869577752426267,0.000287705595837906,0.00029671541415154934,0.0003057252033613622,0.00031473502167500556,0.0003237448399886489,0.00033275465830229223,0.00034176447661593556,0.00035077426582574844,0.0003597840841393918],"_type":"histogram"},"parameters/graph_20classifier.bias":{"_type":"histogram","values":[1,0,0,0,0,0,0,0,0,0,0,0,0,0,0,0,0,0,0,0,0,0,0,0,0,0,0,0,0,0,0,0,0,0,0,0,0,0,0,0,0,0,0,0,0,0,0,0,0,0,0,0,0,0,0,0,0,0,0,0,0,0,0,1],"bins":[-0.10827284306287766,-0.10222754627466202,-0.09618224948644638,-0.09013694524765015,-0.08409164845943451,-0.07804635167121887,-0.07200105488300323,-0.0659557580947876,-0.05991045758128166,-0.053865160793066025,-0.04781986027956009,-0.04177456349134445,-0.035729266703128815,-0.029683969914913177,-0.023638665676116943,-0.017593368887901306,-0.011548072099685669,-0.005502775311470032,0.0005425214767456055,0.00658782571554184,0.012633122503757477,0.018678419291973114,0.02472371608018875,0.03076901286840439,0.036814309656620026,0.04285960644483566,0.0489049032330513,0.05495021492242813,0.06099551171064377,0.0670408084988594,0.07308610528707504,0.07913140207529068,0.08517669141292572,0.09122198820114136,0.097267284989357,0.10331258177757263,0.10935787856578827,0.1154031753540039,0.12144848704338074,0.12749378383159637,0.133539080619812,0.13958437740802765,0.1456296741962433,0.15167497098445892,0.15772026777267456,0.1637655645608902,0.16981086134910583,0.17585617303848267,0.1819014549255371,0.18794676661491394,0.19399204850196838,0.20003736019134521,0.20608265697956085,0.2121279537677765,0.21817325055599213,0.22421854734420776,0.2302638441324234,0.23630914092063904,0.24235445261001587,0.2483997344970703,0.25444504618644714,0.2604903280735016,0.2665356397628784,0.27258092164993286,0.2786262333393097]},"gradients/graph_20gat1.heads.1.fc.weight":{"values":[1,2,0,0,0,0,2,0,2,0,0,2,0,0,1,0,0,1,0,0,0,1,0,6,10,4,3,1,0,0,0,1,2,2,0,0,0,0,0,0,0,1,0,0,1,0,0,0,1,0,0,0,0,0,0,0,0,1,0,0,2,0,0,1],