{"val_f1":0.506012506012506,"parameters/graph_4gat1.heads.0.fc.weight":{"_type":"histogram","values":[1,0,2,0,0,0,1,1,3,1,2,1,0,0,1,1,1,1,1,4,2,1,1,2,0,2,1,3,2,2,1,2,0,1,2,0,1,0,1,0,1,0,0,0,1,0,0,0,0,0,0,0,0,0,0,0,0,0,0,0,0,0,0,1],"bins":[-1.1300151348114014,-1.0789806842803955,-1.0279462337493896,-0.976911723613739,-0.9258772134780884,-0.8748427629470825,-0.8238083124160767,-0.772773802280426,-0.7217392921447754,-0.6707048416137695,-0.6196703910827637,-0.568635880947113,-0.5176014304161072,-0.46656692028045654,-0.4155324697494507,-0.36449795961380005,-0.3134635090827942,-0.26242905855178833,-0.2113945484161377,-0.16036009788513184,-0.10932564735412598,-0.058291077613830566,-0.007256627082824707,0.04377782344818115,0.09481227397918701,0.14584672451019287,0.19688129425048828,0.24791574478149414,0.2989501953125,0.34998464584350586,0.40101921558380127,0.45205366611480713,0.503088116645813,0.5541225671768188,0.6051570177078247,0.6561915874481201,0.707226037979126,0.7582604885101318,0.8092949390411377,0.8603295087814331,0.911363959312439,0.9623984098434448,1.0134328603744507,1.0644673109054565,1.115501880645752,1.1665363311767578,1.2175707817077637,1.2686052322387695,1.3196396827697754,1.3706741333007812,1.4217087030410767,1.4727431535720825,1.523777723312378,1.5748121738433838,1.6258466243743896,1.6768810749053955,1.7279155254364014,1.7789499759674072,1.8299845457077026,1.8810189962387085,1.9320534467697144,1.9830878973007202,2.0341224670410156,2.0851569175720215,2.1361913681030273]},"parameters/graph_4gat1.heads.0.attn_fc.weight":{"bins":[-1.1566907167434692,-1.1264967918395996,-1.0963029861450195,-1.06610906124115,-1.0359152555465698,-1.0057213306427002,-0.9755275249481201,-0.9453336000442505,-0.9151397347450256,-0.8849458694458008,-0.8547520041465759,-0.8245581388473511,-0.7943642735481262,-0.7641704082489014,-0.7339764833450317,-0.7037826776504517,-0.673588752746582,-0.6433948874473572,-0.6132010221481323,-0.5830071568489075,-0.5528132915496826,-0.5226194262504578,-0.4924255609512329,-0.46223169565200806,-0.4320378303527832,-0.40184396505355835,-0.3716500997543335,-0.34145617485046387,-0.311262309551239,-0.28106844425201416,-0.2508745789527893,-0.22068071365356445,-0.1904868483543396,-0.16029298305511475,-0.1300991177558899,-0.09990525245666504,-0.06971138715744019,-0.03951752185821533,-0.009323596954345703,0.02087026834487915,0.051064133644104004,0.08125799894332886,0.11145186424255371,0.14164572954177856,0.17183959484100342,0.20203346014022827,0.23222732543945312,0.262421190738678,0.2926150858402252,0.3228089511394501,0.3530028164386749,0.38319671154022217,0.413390576839447,0.4435844421386719,0.47377830743789673,0.5039721727371216,0.5341660380363464,0.5643599033355713,0.5945538282394409,0.624747633934021,0.6549415588378906,0.6851354241371155,0.7153292894363403,0.7455231547355652,0.77571702003479],"_type":"histogram","values":[1,0,0,0,0,0,0,0,0,0,0,0,0,0,0,0,0,0,1,1,0,0,2,1,0,0,0,0,0,0,0,1,1,0,1,1,0,1,0,0,2,0,0,0,0,0,0,1,0,1,0,0,0,0,0,0,0,0,0,0,0,0,0,1]},"gradients/graph_4gat1.heads.0.fc.weight":{"_type":"histogram","values":[2,0,0,0,0,0,0,1,0,1,0,0,0,1,0,1,0,0,0,2,0,1,1,1,2,1,1,2,1,1,1,2,0,2,0,4,6,2,1,0,2,1,2,1,0,1,0,1,0,0,0,0,1,0,0,0,0,1,0,0,0,0,0,1],"bins":[-0.012615127488970757,-0.012254475615918636,-0.011893823742866516,-0.01153317280113697,-0.01117252092808485,-0.01081186905503273,-0.01045121718198061,-0.01009056530892849,-0.009729914367198944,-0.009369262494146824,-0.009008610621094704,-0.008647958748042583,-0.008287306874990463,-0.007926655933260918,-0.00756600359454751,-0.007205352187156677,-0.006844700314104557,-0.006484048441052437,-0.006123397033661604,-0.005762745160609484,-0.005402093753218651,-0.005041441880166531,-0.00468079000711441,-0.00432013813406229,-0.00395948626101017,-0.0035988353192806244,-0.003238183446228504,-0.002877531573176384,-0.0025168797001242638,-0.0021562278270721436,-0.001795576885342598,-0.0014349250122904778,-0.0010742731392383575,-0.0007136212661862373,-0.0003529693931341171,7.681548595428467e-06,0.0003683334216475487,0.0007289852946996689,0.001089637167751789,0.0014502890408039093,0.001810939982533455,0.002171591855585575,0.0025322437286376953,0.0028928956016898155,0.0032535474747419357,0.0036141988821327686,0.003974850755184889,0.004335502162575722,0.004696154035627842,0.005056805908679962,0.005417457316070795,0.005778109189122915,0.006138760596513748,0.006499412469565868,0.006860064342617989,0.007220716215670109,0.007581367623060942,0.007942019030451775,0.008302670903503895,0.008663322776556015,0.009023974649608135,0.009384626522660255,0.009745277464389801,0.010105929337441921,0.010466581210494041]},"train_f1":0.48141551623566015,"_timestamp":1.731687241916929e+09,"val_loss":0.6926921159029007,"parameters/graph_4classifier.weight":{"_type":"histogram","values":[1,0,0,0,0,0,1,0,0,1,0,1,0,0,0,0,0,0,0,0,1,0,0,0,1,2,0,1,0,0,0,0,0,0,0,0,0,0,0,2,0,2,0,0,0,0,0,0,0,0,0,0,1,0,0,0,0,0,0,0,0,1,0,1],"bins":[-0.334783673286438,-0.3235568702220917,-0.312330037355423,-0.30110323429107666,-0.28987640142440796,-0.27864959836006165,-0.26742279529571533,-0.25619596242904663,-0.24496915936470032,-0.2337423413991928,-0.2225155234336853,-0.211288720369339,-0.20006190240383148,-0.18883508443832397,-0.17760828137397766,-0.16638146340847015,-0.15515464544296265,-0.14392782747745514,-0.13270100951194763,-0.12147420644760132,-0.11024738848209381,-0.0990205705165863,-0.08779376745223999,-0.07656693458557129,-0.06534013152122498,-0.05411332845687866,-0.04288649559020996,-0.03165969252586365,-0.020432889461517334,-0.009206056594848633,0.0020207464694976807,0.013247579336166382,0.024474412202835083,0.035701215267181396,0.0469280481338501,0.05815485119819641,0.06938168406486511,0.08060848712921143,0.09183529019355774,0.10306212306022644,0.11428892612457275,0.12551572918891907,0.13674256205558777,0.14796936511993408,0.1591961830854416,0.1704230010509491,0.1816498041152954,0.19287662208080292,0.20410344004631042,0.21533025801181793,0.22655707597732544,0.23778387904167175,0.24901069700717926,0.26023751497268677,0.2714643180370331,0.2826911211013794,0.2939179539680481,0.3051447868347168,0.3163715898990631,0.3275983929634094,0.3388252258300781,0.35005202889442444,0.36127883195877075,0.37250566482543945,0.38373246788978577]},"gradients/graph_4gat1.heads.0.attn_fc.weight":{"_type":"histogram","values":[1,0,0,0,0,0,0,1,0,0,0,0,0,0,0,0,0,0,0,1,0,0,1,1,0,1,0,0,1,3,0,0,1,0,0,0,0,0,1,0,1,0,0,0,0,0,0,1,0,0,0,1,0,0,0,0,0,0,0,0,0,0,0,1],"bins":[-0.006652140058577061,-0.00642736442387104,-0.00620258878916502,-0.005977813154459,-0.005753037054091692,-0.005528261419385672,-0.005303485784679651,-0.005078710149973631,-0.004853934049606323,-0.004629158414900303,-0.0044043827801942825,-0.004179607145488262,-0.003954831510782242,-0.003730055643245578,-0.0035052800085395575,-0.0032805041410028934,-0.003055728506296873,-0.0028309528715908527,-0.0026061772368848324,-0.0023814011365175247,-0.0021566255018115044,-0.001931849867105484,-0.0017070742323994637,-0.0014822985976934433,-0.001257522962987423,-0.0010327468626201153,-0.0008079712279140949,-0.0005831955932080746,-0.0003584199585020542,-0.00013364432379603386,9.11317765712738e-05,0.00031590741127729416,0.0005406830459833145,0.0007654586806893349,0.0009902343153953552,0.0012150104157626629,0.0014397860504686832,0.0016645616851747036,0.001889337319880724,0.0021141129545867443,0.002338889054954052,0.0025636646896600723,0.0027884403243660927,0.003013215959072113,0.0032379915937781334,0.0034627672284841537,0.0036875433288514614,0.003912318963557482,0.004137094598263502,0.0043618702329695225,0.00458664633333683,0.0048114219680428505,0.005036197602748871,0.005260973237454891,0.0054857488721609116,0.005710524506866932,0.005935300141572952,0.00616007624194026,0.00638485187664628,0.006609627511352301,0.006834403146058321,0.007059179246425629,0.007283954881131649,0.007508730515837669,0.00773350615054369]},"_step":2,"_wandb":{"runtime":7},"gradients/graph_4classifier.bias":{"_type":"histogram",