{"gradients/gat1.heads.2.fc.weight":0.11159702390432358,"val/f1_score":0.6675862068965517,"confusion_matrix_table":{"sha256":"721ee99b5cc42e0a206154404d38e402dfb2bf5dbc6d2dd06f89ab60662108c2","size":131,"artifact_path":"wandb-client-artifact://eobhlwgu03by6aclr23t23hemiao998xcnukp108yo6gg3pwvi0t3v0bp2yevu604u2nej2g7ny4h9v3e9abn1v3wbgbpxe7a6rzq4gp1dw1sar1wsaseeaup790gb81/confusion_matrix_table.table.json","_latest_artifact_path":"wandb-client-artifact://sr5aa8xu5e0uat1olc2cceucx9x635agzen88vejcu98mncacn4vfxooqle6ijnqk6fsd7shjwaoawx9nzut103cwi3ly1mllr3fsomlfiw7jyrccx222zme4hmomkxu:latest/confusion_matrix_table.table.json","path":"media/table/confusion_matrix_table_158_721ee99b5cc42e0a2061.table.json","ncols":3,"nrows":4,"_type":"table-file"},"val/loss":0.581109881401062,"train/accuracy":0.816,"gradients/gat1.heads.1.fc.weight":0.11531367152929306,"_step":160,"gradients/gat1.heads.1.attn_fc.weight":0.09982524812221527,"train/loss":0.46650536358356476,"Training Metrics":{"size":8659,"artifact_path":"wandb-client-artifact://1g2c24fjxharsm7py9pydmlvjob9mhadxxtach3yh41z3zgfxp1xuz2a8nxgkc5wso2uqrragslwu9ygkbihrk1h5l194p50yiw9inbi383mrri7npznl2l1kkhmo7g3/Training Metrics.table.json","_latest_artifact_path":"wandb-client-artifact://hzx55bnlv7nipkqrmq62uqu2u626pgb735due19aoq91uifwxqox87tj3i3mz1wt2i52r9x0aph4rp3xsqf59axopdagrytubjwswysj9lakyepn6kk7ny3w9x0wum2k:latest/Training Metrics.table.json","path":"media/table/Training Metrics_160_f4a3ca97065973a0bac5.table.json","ncols":7,"nrows":80,"_type":"table-file","sha256":"f4a3ca97065973a0bac58b0b521816ae13b65e2f776c35f0c9106387e0031c1a"},"val/accuracy":0.6666666666666666,"_runtime":200.1230421,"gradients/gat1.heads.0.fc.weight":0.15279360115528107,"gradients/classifier.weight":0.4541802704334259,"gradients/gat1.heads.2.attn_fc.weight":0.13050483167171478,"gradients/gat1.heads.0.attn_fc.weight":0.16720812022686005,"gradients/classifier.bias":0.17235608398914337,"train/f1_score":0.8161915544277443,"_timestamp":1.7308123890311072e+09,"_wandb":{"runtime":200}}