{"_wandb":{"runtime":8},"train_loss":1.7648945152759552,"_step":4,"parameters/graph_26classifier.bias":{"_type":"histogram","values":[1,0,0,0,0,0,0,0,0,0,0,0,0,0,0,0,0,0,0,0,0,0,0,0,0,0,0,0,0,0,0,0,0,0,0,0,0,0,0,0,0,0,0,0,0,0,0,0,0,0,0,0,0,0,0,0,0,0,0,0,0,0,0,1],"bins":[0.01009382214397192,0.01189545076340437,0.013697078451514244,0.015498707070946693,0.017300335690379143,0.019101964309811592,0.020903591066598892,0.02270521968603134,0.02450684830546379,0.02630847692489624,0.02811010554432869,0.02991173416376114,0.03171336278319359,0.03351499140262604,0.03531662002205849,0.037118248641490936,0.038919877260923386,0.040721505880355835,0.042523134499788284,0.044324763119220734,0.04612639173865318,0.04792802035808563,0.04972964897751808,0.05153127759695053,0.05333290249109268,0.05513453111052513,0.05693615972995758,0.05873778834939003,0.06053941696882248,0.06234104558825493,0.06414267420768738,0.06594429910182953,0.06774593144655228,0.06954756379127502,0.07134918868541718,0.07315081357955933,0.07495244592428207,0.07675407826900482,0.07855570316314697,0.08035732805728912,0.08215896040201187,0.08396058529615402,0.08576221764087677,0.08756384253501892,0.08936546742916107,0.09116709977388382,0.09296873211860657,0.09477035701274872,0.09657198190689087,0.09837361425161362,0.10017524659633636,0.10197687149047852,0.10377849638462067,0.10558012872934341,0.10738175362348557,0.10918338596820831,0.11098501086235046,0.11278664320707321,0.11458826810121536,0.11638990044593811,0.11819152534008026,0.11999315768480301,0.12179478257894516,0.12359641492366791,0.12539803981781006]},"val_f1":0.27350427350427353,"parameters/graph_26gat1.heads.0.fc.weight":{"values":[2,0,0,0,1,2,2,0,0,0,0,2,1,0,0,0,0,2,1,1,1,2,0,4,0,0,0,0,4,1,0,0,1,2,2,1,3,1,2,1,1,0,1,0,1,2,0,0,0,1,1,0,1,0,0,0,0,0,0,0,0,0,0,1],"bins":[-0.9944547414779663,-0.9598737955093384,-0.9252928495407104,-0.8907119035720825,-0.8561309576034546,-0.8215500116348267,-0.7869690656661987,-0.7523881196975708,-0.7178071737289429,-0.6832262277603149,-0.648645281791687,-0.6140643358230591,-0.5794833898544312,-0.5449024438858032,-0.5103214979171753,-0.47574055194854736,-0.44115960597991943,-0.4065786600112915,-0.3719977140426636,-0.33741676807403564,-0.3028358221054077,-0.2682548761367798,-0.23367393016815186,-0.19909298419952393,-0.164512038230896,-0.12993109226226807,-0.09535014629364014,-0.06076920032501221,-0.026188254356384277,0.008392691612243652,0.04297363758087158,0.07755458354949951,0.11213541030883789,0.14671635627746582,0.18129730224609375,0.21587824821472168,0.2504591941833496,0.28504014015197754,0.31962108612060547,0.3542020320892334,0.38878297805786133,0.42336392402648926,0.4579448699951172,0.4925258159637451,0.527106761932373,0.561687707901001,0.5962686538696289,0.6308495998382568,0.6654305458068848,0.7000114917755127,0.7345924377441406,0.7691733837127686,0.8037543296813965,0.8383352756500244,0.8729162216186523,0.9074971675872803,0.9420781135559082,0.9766590595245361,1.011240005493164,1.045820951461792,1.08040189743042,1.1149828433990479,1.1495637893676758,1.1841447353363037,1.2187256813049316],"_type":"histogram"},"val_accuracy":0.4444444444444444,"gradients/graph_26gat1.heads.0.attn_fc.weight":{"values":[1,0,0,0,0,0,0,0,0,1,0,0,0,0,0,0,0,1,0,0,0,0,0,0,0,0,0,0,0,0,0,0,0,1,0,0,0,0,0,0,0,0,2,2,2,2,0,0,0,0,0,1,0,0,1,0,0,0,0,0,0,1,0,1],"bins":[-0.28902262449264526,-0.2824072539806366,-0.27579188346862793,-0.26917651295661926,-0.2625611424446106,-0.25594574213027954,-0.24933038651943207,-0.2427150160074234,-0.23609963059425354,-0.22948426008224487,-0.2228688895702362,-0.21625351905822754,-0.20963814854621887,-0.2030227780342102,-0.19640740752220154,-0.18979202210903168,-0.183176651597023,-0.17656128108501434,-0.16994589567184448,-0.16333052515983582,-0.15671515464782715,-0.15009978413581848,-0.14348441362380981,-0.13686904311180115,-0.13025367259979248,-0.12363828718662262,-0.11702291667461395,-0.11040754616260529,-0.10379217565059662,-0.09717680513858795,-0.09056141972541809,-0.08394604921340942,-0.07733067870140076,-0.07071530818939209,-0.06409993767738342,-0.05748455226421356,-0.050869181752204895,-0.04425381124019623,-0.03763844072818756,-0.031023070216178894,-0.024407684803009033,-0.017792314291000366,-0.0111769437789917,-0.004561573266983032,0.0020537972450256348,0.008669167757034302,0.015284545719623566,0.02189992368221283,0.028515294194221497,0.035130664706230164,0.04174604266881943,0.048361413180828094,0.05497679114341736,0.061592161655426025,0.06820753216743469,0.07482290267944336,0.08143828064203262,0.08805365860462189,0.09466902911663055,0.10128439962863922,0.10789977014064789,0.11451514810323715,0.12113051861524582,0.12774589657783508,0.13436126708984375],"_type":"histogram"},"val_loss":1.8103171586990356,"gradients/graph_26gat1.heads.0.fc.weight":{"bins":[-0.3886130452156067,-0.37712764739990234,-0.3656422793865204,-0.35415688157081604,-0.3426715135574341,-0.33118611574172974,-0.3197007477283478,-0.30821534991264343,-0.2967299818992615,-0.28524458408355713,-0.27375921607017517,-0.2622738182544708,-0.25078845024108887,-0.23930305242538452,-0.22781766951084137,-0.21633228659629822,-0.20484690368175507,-0.19336152076721191,-0.18187613785266876,-0.1703907549381256,-0.15890537202358246,-0.1474199891090393,-0.13593459129333496,-0.124449223279953,-0.11296382546424866,-0.1014784574508667,-0.08999305963516235,-0.0785076916217804,-0.06702229380607605,-0.05553692579269409,-0.044051527976989746,-0.03256615996360779,-0.021080762147903442,-0.009595364332199097,0.0018900036811828613,0.013375401496887207,0.024860769510269165,0.03634616732597351,0.04783153533935547,0.059316933155059814,0.07080230116844177,0.08228769898414612,0.09377306699752808,0.10525846481323242,0.11674384772777557,0.12822923064231873,0.13971461355686188,0.15119999647140503,0.16268537938594818,0.17417076230049133,0.18565614521503448,0.19714152812957764,0.2086269110441208,0.22011229395866394,0.2315976917743683,0.24308305978775024,0.2545684576034546,0.26605382561683655,0.2775392234325409,0.28902459144592285,0.3005099892616272,0.31199535727500916,0.3234807550907135,0.33496612310409546,0.3464515209197998],"_type":"histogram","values":[1,0,0,1,0,0,0,0,0,0,1,0,1,2,3,2,0,0,0,2,3,3,0,0,0,2,1,1,4,3,0,1,1,1,0,0,1,0,1,0,0,2,0,0,1,1,0,1,0,0,2,2,1,1,0,0,0,0,0,0,0,1,0,1]},"_timestamp":1.7316323316635122e+09,"parameters/graph_26gat1.heads.1.attn_fc.weight":{"_type":"histogram","values":[1,0,0,0,0,0,0,0,0,0,0,0,0,0,0,0,0,0,0,0,0,0,0,0,0,0,2,0,0,1,0,0,1,0,0,1,0,0,0,0,2,0,0,0,0,0,1,1,0,0,1,0,0,1,0,0,0,0,1,0,0,0,1,2],"bins":[-1.0357446670532227,-1.0114719867706299,-0.9871992468833923,-0.9629265069961548,-0.938653826713562,-0.9143811464309692,-0.8901084065437317,-0.8658356666564941,-0.8415629863739014,-0.8172903060913086,-0.793017566204071,-0.7687448263168335,-0.7444721460342407,-0.720199465751648,-0.6959267258644104,-0.6716539859771729,-0.6473813056945801,-0.6231086254119873,-0.5988358855247498,-0.5745631456375122,-0.5502904653549194,-0.5260177850723267,-0.5017450451850891,-0.47747230529785156,-0.4531996250152588,-0.428926944732666,-0.40465420484542847,-0.3803814649581909,-0.35610878467559814,-0.33183610439300537,-0.3075633645057678,-0.2832906246185303,-0.2590178847312927,-0.23474520444869995,-0.2104724645614624,-0.18619972467422485,-0.16192704439163208,-0.1376543641090393,-0.11338162422180176,-0.08910888433456421,-0.06483620405197144,-0.04056352376937866,-0.016290783882141113,0.007981956005096436,0.03225463628768921,0.05652734637260437,0.08080005645751953,0.10507276654243469,0.12934547662734985,0.15361818671226501,0.17789089679718018,0.20216360688209534,0.2264363169670105,0.25070902705192566,0.2749817371368408,0.299254447221756,0.32352715730667114,0.3477998673915863,0.37207257747650146,0.3963452875614166,0.4206179976463318,0.44489070773124695,0.4691634178161621,0.49343612790107727,0.5177088379859924]},