{"train/loss":0.4819701686501503,"Training Metrics":{"nrows":80,"_type":"table-file","sha256":"410bf61c311689576e529779e297c728bca40deb60c471be64f66ffa8a6d2c90","size":8795,"artifact_path":"wandb-client-artifact://soxfdmu6ro4nm4by32v3nig4xsxnpiz9hrx7vxynhi69klymeo0qiolu5a5xtr6ymx4n1wsg2ci4yxosvq3xqntay5l9xma4r97wq93rqck7s0rym2vdme1mtok17vhi/Training Metrics.table.json","_latest_artifact_path":"wandb-client-artifact://g6v5ustapza8cvllq7a50n9mfosoc8o9h5w705m6wigig826c6btlghp244xtpt31j4h57uyqvh3qqkuyaxyy5td3i10wiyg43h52hb9drn8gfnnht203cnxkfnmaa70:latest/Training Metrics.table.json","path":"media/table/Training Metrics_160_410bf61c311689576e52.table.json","ncols":7},"_step":160,"gradients/gat1.heads.0.attn_fc.weight":0.05460319295525551,"gradients/classifier.bias":0.08921396732330322,"gradients/gat1.heads.1.attn_fc.weight":0.0893530324101448,"gradients/gat1.heads.2.attn_fc.weight":0.07258518040180206,"val/f1_score":0.7414559386973181,"gradients/gat1.heads.2.fc.weight":0.049472976475954056,"_runtime":212.493835,"gradients/classifier.weight":0.1585143804550171,"val/loss":0.5715548396110535,"confusion_matrix_table":{"nrows":4,"_type":"table-file","sha256":"53d3f6b65d8f02245de6a4bbb17142244f6356e657edd2060a92e947d35ea17e","size":131,"artifact_path":"wandb-client-artifact://pxjrvkm3sdg8fpbtto48tga8shludb4eoaehx9q007fraj8k4k7noe502fdq2dlt9q638i8xd3z637syr0y19qu9d693rh7as7hpgsxw0bzmfqtjt1hi5s8c7dnud1nx/confusion_matrix_table.table.json","_latest_artifact_path":"wandb-client-artifact://rf49lty5ajb178mb8vvzk03wg7s8m9v2hvd1pop237kq7owizdhwa48x4qjvazfi8ndkbzh32qrgqftyto0x8il5qmfysqza77q6ygk4dqqar4nfr062gamfn4nkxeba:latest/confusion_matrix_table.table.json","path":"media/table/confusion_matrix_table_158_53d3f6b65d8f02245de6.table.json","ncols":3},"val/accuracy":0.7407407407407407,"_timestamp":1.7308113391697721e+09,"train/accuracy":0.792,"gradients/gat1.heads.1.fc.weight":0.06152191758155823,"gradients/gat1.heads.0.fc.weight":0.04545789584517479,"_wandb":{"runtime":212},"train/f1_score":0.792}