{"_runtime":5.2180997,"train_accuracy":0.592,"_step":4,"parameters/graph_38gat1.heads.0.attn_fc.weight":{"_type":"histogram","values":[1,0,0,0,0,0,1,0,0,0,0,0,0,0,0,0,0,0,0,0,0,1,0,0,0,1,2,1,0,0,0,2,1,4,1,2,0,0,2,1,1,0,0,1,1,1,1,2,0,0,0,1,0,0,1,1,1,0,0,0,0,0,0,1],"bins":[-1.0999009609222412,-1.0718135833740234,-1.0437262058258057,-1.0156389474868774,-0.9875515699386597,-0.9594641923904419,-0.9313768148422241,-0.9032894968986511,-0.8752021193504333,-0.8471148014068604,-0.8190274238586426,-0.7909400463104248,-0.7628527283668518,-0.7347654104232788,-0.706678032875061,-0.6785906553268433,-0.6505032777786255,-0.6224159598350525,-0.5943285822868347,-0.5662412643432617,-0.538153886795044,-0.510066568851471,-0.4819791913032532,-0.4538918137550354,-0.4258044958114624,-0.39771711826324463,-0.36962980031967163,-0.34154242277145386,-0.3134550452232361,-0.2853677272796631,-0.2572803497314453,-0.22919303178787231,-0.20110565423965454,-0.17301827669143677,-0.14493095874786377,-0.116843581199646,-0.088756263256073,-0.060668885707855225,-0.03258150815963745,-0.004494190216064453,0.02359318733215332,0.05168050527572632,0.07976788282394409,0.10785526037216187,0.13594257831573486,0.16402995586395264,0.19211727380752563,0.2202046513557434,0.2482919991016388,0.2763793468475342,0.30446669459342957,0.33255407214164734,0.3606414198875427,0.3887287676334381,0.4168161153793335,0.4449034631252289,0.47299081087112427,0.501078188419342,0.529165506362915,0.5572528839111328,0.5853402614593506,0.6134275794029236,0.6415149569511414,0.6696022748947144,0.6976896524429321]},"parameters/graph_38classifier.weight":{"values":[1,1,1,0,0,0,0,0,0,0,1,2,1,2,0,0,1,1,0,0,0,1,0,1,0,0,0,0,0,0,1,0,0,0,1,4,1,0,0,0,1,2,0,1,0,0,0,0,0,0,0,0,0,0,0,2,0,0,0,2,0,1,1,2],"bins":[-0.24887411296367645,-0.24114260077476501,-0.23341108858585358,-0.22567957639694214,-0.2179480791091919,-0.21021656692028046,-0.20248505473136902,-0.19475354254245758,-0.18702203035354614,-0.1792905330657959,-0.17155900597572327,-0.16382750868797302,-0.15609599649906158,-0.14836448431015015,-0.1406329721212387,-0.13290145993232727,-0.12516996264457703,-0.11743845045566559,-0.10970693826675415,-0.10197542607784271,-0.09424391388893127,-0.08651240170001984,-0.0787808895111084,-0.07104939222335815,-0.06331788003444672,-0.05558636784553528,-0.04785485565662384,-0.0401233434677124,-0.032391831278800964,-0.02466033399105072,-0.016928821802139282,-0.009197309613227844,-0.0014657974243164062,0.006265714764595032,0.01399722695350647,0.021728739142417908,0.029460236430168152,0.03719174861907959,0.04492326080799103,0.052654772996902466,0.060386285185813904,0.06811779737472534,0.07584929466247559,0.08358080685138702,0.09131231904029846,0.0990438312292099,0.10677534341812134,0.11450685560703278,0.12223836034536362,0.12996986508369446,0.1377013772726059,0.14543288946151733,0.15316440165042877,0.1608959138393402,0.16862741112709045,0.17635893821716309,0.18409043550491333,0.19182194769382477,0.1995534598827362,0.20728497207164764,0.21501648426055908,0.22274798154830933,0.23047949373722076,0.2382110059261322,0.24594251811504364],"_type":"histogram"},"val_accuracy":0.6296296296296297,"val_f1":0.5436507936507936,"parameters/graph_38classifier.bias":{"_type":"histogram","values":[1,0,0,0,0,0,0,0,0,0,0,0,0,0,0,0,0,0,0,0,0,0,0,0,0,0,0,0,0,0,0,0,0,0,0,0,0,0,0,0,0,0,0,0,0,0,0,0,0,0,0,0,0,0,0,0,0,0,0,0,0,0,0,1],"bins":[-0.12842939794063568,-0.1246698871254921,-0.12091038376092911,-0.11715087294578552,-0.11339136958122253,-0.10963185876607895,-0.10587234795093536,-0.10211284458637238,-0.09835333377122879,-0.0945938229560852,-0.09083431959152222,-0.08707480877637863,-0.08331529796123505,-0.07955579459667206,-0.07579628378152847,-0.07203677296638489,-0.0682772696018219,-0.06451775878667831,-0.060758255422115326,-0.05699874460697174,-0.05323924124240875,-0.04947973042726517,-0.04572021961212158,-0.041960716247558594,-0.03820120543241501,-0.03444169461727142,-0.030682191252708435,-0.02692268043756485,-0.023163169622421265,-0.019403666257858276,-0.01564415544271469,-0.011884652078151703,-0.008125148713588715,-0.004365637898445129,-0.0006061345338821411,0.003153376281261444,0.006912879645824432,0.010672390460968018,0.014431901276111603,0.01819140464067459,0.021950915455818176,0.02571042627096176,0.02946992963552475,0.033229440450668335,0.03698895126581192,0.04074845463037491,0.044507965445518494,0.04826746881008148,0.05202697962522507,0.055786486715078354,0.05954599380493164,0.06330550462007523,0.06706501543521881,0.0708245187997818,0.07458402961492538,0.07834354043006897,0.08210304379463196,0.08586254715919495,0.08962205797433853,0.09338156878948212,0.0971410721540451,0.10090058296918869,0.10466009378433228,0.10841959714889526,0.11217910796403885]},"gradients/graph_38classifier.bias":{"values":[1,0,0,0,0,0,0,0,0,0,0,0,0,0,0,0,0,0,0,0,0,0,0,0,0,0,0,0,0,0,0,0,0,0,0,0,0,0,0,0,0,0,0,0,0,0,0,0,0,0,0,0,0,0,0,0,0,0,0,0,0,0,0,1],"bins":[-0.03126116842031479,-0.030284257605671883,-0.029307344928383827,-0.02833043411374092,-0.027353521436452866,-0.02637661062180996,-0.025399699807167053,-0.024422787129878998,-0.023445874452590942,-0.022468963637948036,-0.02149205282330513,-0.020515140146017075,-0.01953822933137417,-0.018561318516731262,-0.017584405839443207,-0.01660749316215515,-0.015630582347512245,-0.014653671532869339,-0.013676758855581284,-0.012699848040938377,-0.011722935363650322,-0.010746024549007416,-0.00976911187171936,-0.008792201057076454,-0.007815290242433548,-0.0068383775651454926,-0.005861466750502586,-0.004884554073214531,-0.003907643258571625,-0.0029307305812835693,-0.001953819766640663,-0.0009769070893526077,3.725290298461914e-09,0.0009769145399332047,0.00195382721722126,0.0029307380318641663,0.003907650709152222,0.004884561523795128,0.005861474201083183,0.0068383850157260895,0.007815297693014145,0.008792208507657051,0.009769119322299957,0.010746031999588013,0.011722942814230919,0.012699855491518974,0.01367676630616188,0.014653678983449936,0.015630589798092842,0.01660750061273575,0.017584413290023804,0.01856132596731186,0.019538236781954765,0.02051514759659767,0.021492060273885727,0.022468971088528633,0.02344588190317154,0.024422794580459595,0.02539970725774765,0.026376618072390556,0.027353528887033463,0.028330441564321518,0.029307352378964424,0.03028426505625248,0.031261175870895386],"_type":"histogram"},"gradients/graph_38gat1.heads.0.attn_fc.weight":{"_type":"histogram","values":[1,0,1,0,0,1,0,0,1,0,0,0,0,1,1,0,0,0,2,1,3,5,6,2,1,0,0,1,0,1,0,0,0,0,0,0,0,1,1,0,0,0,0,0,0,0,0,0,0,0,0,0,0,0,0,0,0,0,0,1,0,0,0,1],"bins":[-0.13323935866355896,-0.1270606815814972,-0.12088198959827423,-0.11470330506563187,-0.1085246205329895,-0.10234593600034714,-0.09616725146770477,-0.089988574385643,-0.08380988240242004,-0.07763120532035828,-0.07145251333713531,-0.06527383625507355,-0.05909515172243118,-0.05291646718978882,-0.046737782657146454,-0.04055909812450409,-0.034380413591861725,-0.02820172905921936,-0.022023044526576996,-0.01584435999393463,-0.009665675461292267,-0.0034869909286499023,0.0026916861534118652,0.008870378136634827,0.015049055218696594,0.021227747201919556,0.027406424283981323,0.033585116267204285,0.03976379334926605,0.045942485332489014,0.05212116241455078,0.05829985439777374,0.06447853147983551,0.07065720856189728,0.07683590054512024,0.083014577627182,0.08919326961040497,0.09537194669246674,0.1015506386756897,0.10772931575775146,0.11390800774097443,0.1200866848230362,0.12626537680625916,0.13244405388832092,0.1386227309703827,0.14480142295360565,0.1509801149368286,0.15715879201889038,0.16333746910095215,0.1695161610841751,0.17569485306739807,0.18187353014945984,0.1880522072315216,0.19423089921474457,0.20040957629680634,0.2065882682800293,0.21276694536209106,0.21894563734531403,0.2251243144273758,0.23130300641059875,0.23748168349266052,0.24366037547588348,0.24983905255794525,0.2560177445411682,0.26219642162323]},"train_loss":0.6380982547998428,"_wandb":{"runtime":5},