{"_timestamp":1.7316878031237504e+09,"parameters/graph_5gat1.heads.0.fc.weight":{"_type":"histogram","values":[1,0,0,0,0,0,0,0,1,0,0,0,0,1,1,1,0,0,0,0,0,0,0,0,0,1,0,1,0,0,2,1,0,1,0,0,0,1,1,3,0,3,1,0,0,0,0,0,0,1,1,0,0,0,0,0,0,0,0,0,0,1,0,1],"bins":[-1.1649247407913208,-1.1300137042999268,-1.0951027870178223,-1.0601917505264282,-1.0252807140350342,-0.9903697967529297,-0.9554587602615356,-0.9205477833747864,-0.8856368064880371,-0.8507257699966431,-0.8158147931098938,-0.7809038162231445,-0.7459927797317505,-0.7110818028450012,-0.676170825958252,-0.6412597894668579,-0.6063488125801086,-0.5714378356933594,-0.5365267992019653,-0.5016158223152161,-0.4667048454284668,-0.43179380893707275,-0.3968828320503235,-0.3619718551635742,-0.3270608186721802,-0.2921498417854309,-0.25723886489868164,-0.22232788801193237,-0.18741685152053833,-0.15250587463378906,-0.11759483814239502,-0.08268392086029053,-0.047772884368896484,-0.012861847877502441,0.02204906940460205,0.056960105895996094,0.09187108278274536,0.1267821192741394,0.16169309616088867,0.19660407304763794,0.2315150499343872,0.26642608642578125,0.3013370633125305,0.3362480401992798,0.37115907669067383,0.4060700535774231,0.44098103046417236,0.4758920669555664,0.5108030438423157,0.5457140207290649,0.580625057220459,0.6155360341072083,0.6504470109939575,0.6853580474853516,0.7202690243721008,0.7551800012588501,0.7900910377502441,0.8250020146369934,0.8599129915237427,0.8948240280151367,0.929735004901886,0.9646459817886353,0.9995569586753845,1.0344679355621338,1.0693789720535278]},"parameters/graph_5classifier.weight":{"bins":[-0.19426703453063965,-0.18664191663265228,-0.17901679873466492,-0.17139168083667755,-0.16376656293869019,-0.15614144504070282,-0.14851632714271545,-0.14089122414588928,-0.13326609134674072,-0.12564098834991455,-0.11801586300134659,-0.11039074510335922,-0.10276563465595245,-0.09514051675796509,-0.08751539885997772,-0.07989028096199036,-0.07226516306400299,-0.06464004516601562,-0.05701492726802826,-0.049389809370040894,-0.04176469147205353,-0.03413957357406616,-0.026514455676078796,-0.01888933777809143,-0.011264234781265259,-0.003639116883277893,0.003986001014709473,0.011611118912696838,0.019236236810684204,0.02686135470867157,0.034486472606658936,0.0421115905046463,0.04973670840263367,0.05736182630062103,0.0649869441986084,0.07261206209659576,0.08023717999458313,0.0878622978925705,0.09548741579055786,0.10311253368854523,0.11073765158653259,0.11836275458335876,0.12598787248134613,0.1336129903793335,0.14123810827732086,0.14886322617530823,0.1564883440732956,0.16411346197128296,0.17173857986927032,0.1793636977672577,0.18698881566524506,0.19461393356323242,0.2022390514612198,0.20986416935920715,0.21748927235603333,0.22511440515518188,0.23273950815200806,0.24036464095115662,0.2479897439479828,0.25561487674713135,0.2632399797439575,0.2708651125431061,0.27849021553993225,0.2861153483390808,0.293740451335907],"_type":"histogram","values":[1,0,1,0,0,1,0,0,0,0,0,0,0,0,0,0,1,0,1,1,0,0,0,0,0,0,0,0,1,0,1,0,0,0,0,2,0,1,0,0,0,0,0,0,0,0,0,0,0,0,0,0,0,0,0,2,0,0,0,1,0,1,0,1]},"parameters/graph_5gat1.heads.0.attn_fc.weight":{"values":[1,0,0,0,0,0,0,0,0,0,0,0,0,0,1,0,0,0,0,1,0,0,0,0,0,0,0,0,0,0,0,0,0,0,0,0,0,0,0,1,0,0,1,0,0,0,0,0,0,1,0,0,0,0,0,1,0,0,0,0,0,0,0,1],"bins":[-1.1162281036376953,-1.0865271091461182,-1.056826114654541,-1.0271251201629639,-0.9974241256713867,-0.9677231311798096,-0.9380221366882324,-0.9083210825920105,-0.8786200881004333,-0.8489190936088562,-0.819218099117279,-0.7895171046257019,-0.7598161101341248,-0.7301151156425476,-0.7004140615463257,-0.6707130670547485,-0.6410120725631714,-0.6113110780715942,-0.5816100835800171,-0.5519090890884399,-0.5222080945968628,-0.49250710010528564,-0.4628061056137085,-0.43310511112213135,-0.4034041166305542,-0.37370312213897705,-0.3440021276473999,-0.314301073551178,-0.28460007905960083,-0.2548990845680237,-0.22519809007644653,-0.19549709558486938,-0.16579610109329224,-0.1360951066017151,-0.10639411211013794,-0.07669311761856079,-0.04699212312698364,-0.017291128635406494,0.01240992546081543,0.04211091995239258,0.07181191444396973,0.10151290893554688,0.13121390342712402,0.16091489791870117,0.19061589241027832,0.22031688690185547,0.2500178813934326,0.27971887588500977,0.3094199001789093,0.33912089467048645,0.3688218891620636,0.39852291345596313,0.4282239079475403,0.45792490243911743,0.4876258969306946,0.5173268914222717,0.5470278859138489,0.576728880405426,0.606429934501648,0.6361309289932251,0.6658319234848022,0.6955329179763794,0.7252339124679565,0.7549349069595337,0.7846359014511108],"_type":"histogram"},"_wandb":{"runtime":6},"train_accuracy":0.496,"gradients/graph_5classifier.weight":{"_type":"histogram","values":[1,0,0,0,0,1,0,0,0,0,0,0,0,0,0,0,0,0,1,1,1,0,0,0,0,0,1,0,0,0,1,1,1,1,0,0,0,1,0,0,0,0,0,1,1,1,0,0,0,0,0,0,0,0,0,0,0,0,1,0,0,0,0,1],"bins":[-0.24770104885101318,-0.23996038734912872,-0.23221972584724426,-0.224479079246521,-0.21673841774463654,-0.20899775624275208,-0.2012571096420288,-0.19351644814014435,-0.1857757866382599,-0.17803512513637543,-0.17029446363449097,-0.1625538170337677,-0.15481315553188324,-0.14707249402999878,-0.1393318474292755,-0.13159118592739105,-0.12385052442550659,-0.11610986292362213,-0.10836920142173767,-0.1006285548210144,-0.09288789331912994,-0.08514723181724548,-0.07740658521652222,-0.06966592371463776,-0.061925262212753296,-0.054184600710868835,-0.046443939208984375,-0.03870329260826111,-0.030962631106376648,-0.023221969604492188,-0.015481323003768921,-0.0077406615018844604,-1.4901161193847656e-08,0.007740646600723267,0.015481308102607727,0.023221954703330994,0.030962616205215454,0.038703277707099915,0.04644392430782318,0.05418458580970764,0.0619252473115921,0.06966590881347656,0.07740657031536102,0.08514721691608429,0.09288787841796875,0.10062853991985321,0.10836918652057648,0.11610984802246094,0.1238505095243454,0.13159117102622986,0.13933181762695312,0.14707247912883759,0.15481314063072205,0.1625538021326065,0.17029446363449097,0.17803511023521423,0.1857757717370987,0.19351643323898315,0.20125707983970642,0.20899774134159088,0.21673840284347534,0.2244790643453598,0.23221972584724426,0.23996037244796753,0.247701033949852]},"gradients/graph_5gat1.heads.1.fc.weight":{"_type":"histogram","values":[1,0,0,0,0,0,0,0,0,1,1,0,1,0,1,0,2,1,2,1,0,0,0,0,1,0,2,3,1,0,1,0,0,0,1,0,0,0,0,0,0,0,0,0,0,0,0,0,0,0,0,0,0,1,0,1,0,0,1,0,0,0,0,1],"bins":[-0.010843832977116108,-0.009779384359717369,-0.008714936673641205,-0.007650488056242466,-0.006586039438843727,-0.005521590821444988,-0.004457142669707537,-0.003392694517970085,-0.0023282459005713463,-0.0012637972831726074,-0.00019934866577386856,0.0008650990203022957,0.0019295476377010345,0.0029939962550997734,0.004058443941175938,0.005122893489897251,0.006187341175973415,0.00725178886204958,0.008316238410770893,0.009380686096847057,0.01044513564556837,0.011509583331644535,0.0125740310177207,0.013638480566442013,0.014702928252518177,0.015767376869916916,0.01683182641863823,0.017896272242069244,0.018960721790790558,0.02002517133951187,0.021089620888233185,0.0221540667116642,0.023218512535095215,0.02428296208381653,0.025347407907247543,0.026411857455968857,0.02747630700469017,0.028540754690766335,0.0296052023768425,0.030669651925563812,0.031734101474285126,0.03279854729771614,0.033862996846437454,0.03492744266986847,0.03599189221858978,0.037056341767311096,0.03812079131603241,0.03918524086475372,0.04024968668818474,0.04131413251161575,0.04237858206033707,0.04344303160905838,0.044507481157779694,0.04557193070650101,0.04663637652993202,0.047700826078653336,0.04876527190208435,0.049829721450805664,0.05089417099952698,0.05195862054824829,0.053023066371679306,0.05408751592040062,0.05515196546912193,0.05621641129255295,0.05728086084127426]},"val_f1":0.45202020202020204,"gradients/graph_5gat1.heads.0.fc.weight":{"_type":"histogram","values":[1,0,0,0,0,0,1,1,1,0,0,0,0,0,0,2,0,0,1,1,0,0,1,2,1,0,4,2,2,0,0,0,0,0,0,0,0,0,0,0,0,0,0,0,0,0,0,1,0,0,0,0,0,0,1,0,0,1,0,0,0,0,0,1],