{"gradients/graph_16gat1.heads.1.attn_fc.weight":{"values":[1,1,0,0,0,0,0,0,0,0,0,0,0,0,0,1,0,0,0,1,0,0,0,1,2,2,0,0,0,9,6,1,0,0,1,1,0,0,0,0,0,1,1,0,0,0,0,0,0,0,0,1,0,0,0,0,0,1,0,0,0,0,0,1],"bins":[-0.03184621036052704,-0.030784353613853455,-0.02972249686717987,-0.028660640120506287,-0.027598783373832703,-0.02653692662715912,-0.025475071743130684,-0.0244132149964571,-0.023351358249783516,-0.022289501503109932,-0.021227644756436348,-0.020165789872407913,-0.01910393312573433,-0.018042076379060745,-0.01698021963238716,-0.015918362885713577,-0.014856506139039993,-0.01379464939236641,-0.012732792645692825,-0.011670935899019241,-0.010609079152345657,-0.009547224268317223,-0.008485367521643639,-0.007423510774970055,-0.006361654028296471,-0.005299797281622887,-0.004237940534949303,-0.0031760837882757187,-0.002114228904247284,-0.0010523721575737,9.484589099884033e-06,0.001071341335773468,0.0021332018077373505,0.0031950585544109344,0.004256915301084518,0.005318772047758102,0.006380628794431686,0.007442483678460121,0.008504340425133705,0.009566197171807289,0.010628053918480873,0.011689910665154457,0.012751767411828041,0.013813624158501625,0.01487547904253006,0.015937335789203644,0.016999192535877228,0.018061049282550812,0.019122906029224396,0.02018476277589798,0.021246619522571564,0.022308476269245148,0.02337033301591873,0.024432189762592316,0.02549404464662075,0.026555901393294334,0.02761775813996792,0.028679614886641502,0.029741471633315086,0.03080332651734352,0.031865183264017105,0.03292704001069069,0.03398889675736427,0.03505075350403786,0.03611261025071144],"_type":"histogram"},"_runtime":9.3689878,"gradients/graph_16gat1.heads.0.fc.weight":{"bins":[-0.031221725046634674,-0.03033582493662834,-0.02944992668926716,-0.028564026579260826,-0.027678128331899643,-0.02679222822189331,-0.025906328111886978,-0.025020428001880646,-0.024134529754519463,-0.02324863150715828,-0.022362731397151947,-0.021476831287145615,-0.020590931177139282,-0.0197050329297781,-0.018819132819771767,-0.017933234572410583,-0.01704733446240425,-0.01616143435239792,-0.015275536105036736,-0.014389635995030403,-0.01350373774766922,-0.012617837637662888,-0.011731937527656555,-0.010846039280295372,-0.00996013917028904,-0.009074239060282707,-0.008188340812921524,-0.007302440702915192,-0.006416540592908859,-0.005530642345547676,-0.004644742235541344,-0.0037588439881801605,-0.002872943878173828,-0.0019870437681674957,-0.0011011455208063126,-0.00021524541079998016,0.000670652836561203,0.0015565529465675354,0.002442453056573868,0.003328351303935051,0.004214251413941383,0.005100151523947716,0.005986049771308899,0.006871949881315231,0.007757849991321564,0.008643748238682747,0.00952964834868908,0.010415547527372837,0.011301446706056595,0.012187345884740353,0.01307324506342411,0.013959145173430443,0.0148450443521142,0.01573094353079796,0.01661684364080429,0.017502743750810623,0.018388641998171806,0.01927454024553299,0.020160440355539322,0.021046340465545654,0.021932240575551987,0.02281813882291317,0.023704038932919502,0.024589937180280685,0.025475837290287018],"_type":"histogram","values":[1,0,0,0,0,0,0,0,1,1,0,1,0,1,0,0,0,0,1,2,2,2,3,0,1,3,3,1,2,2,2,2,5,2,4,4,6,5,5,2,2,3,4,1,1,4,3,4,0,1,1,1,0,1,0,2,1,0,0,1,0,1,0,1]},"_wandb":{"runtime":9},"gradients/graph_16gat1.heads.0.attn_fc.weight":{"values":[1,0,0,0,0,0,0,0,0,0,0,0,1,0,0,0,0,0,0,0,0,0,0,0,0,1,1,0,0,0,0,1,2,0,0,1,15,2,0,1,0,0,0,1,1,0,1,0,0,0,0,0,0,0,0,0,0,0,1,1,0,0,0,1],"bins":[-0.033745501190423965,-0.032825931906700134,-0.0319063626229763,-0.030986793339252472,-0.03006722405552864,-0.02914765477180481,-0.02822808548808098,-0.027308516204357147,-0.026388946920633316,-0.025469377636909485,-0.024549808353185654,-0.023630239069461823,-0.02271066978573799,-0.02179110050201416,-0.02087153121829033,-0.019951961934566498,-0.019032392650842667,-0.018112823367118835,-0.017193254083395004,-0.016273684799671173,-0.015354115515947342,-0.01443454623222351,-0.01351497694849968,-0.012595407664775848,-0.011675838381052017,-0.010756269097328186,-0.009836699813604355,-0.008917130529880524,-0.007997561246156693,-0.007077991962432861,-0.00615842267870903,-0.005238853394985199,-0.004319284111261368,-0.0033997148275375366,-0.0024801455438137054,-0.0015605762600898743,-0.0006410069763660431,0.0002785623073577881,0.0011981315910816193,0.0021177008748054504,0.0030372701585292816,0.003956839442253113,0.004876408725976944,0.005795978009700775,0.006715547293424606,0.0076351165771484375,0.008554685860872269,0.0094742551445961,0.010393824428319931,0.011313393712043762,0.012232962995767593,0.013152532279491425,0.014072101563215256,0.014991670846939087,0.015911240130662918,0.01683080941438675,0.01775037869811058,0.01866994798183441,0.019589517265558243,0.020509086549282074,0.021428655833005905,0.022348225116729736,0.023267794400453568,0.0241873636841774,0.02510693296790123],"_type":"histogram"},"val_accuracy":0.5555555555555556,"parameters/graph_16classifier.weight":{"_type":"histogram","values":[2,0,1,1,2,0,1,1,0,2,0,0,0,2,1,1,2,0,1,1,1,2,1,3,4,2,0,2,0,0,1,1,0,0,3,1,1,1,0,2,0,0,1,1,0,1,2,1,0,1,0,0,2,1,0,0,1,1,2,1,1,1,2,2],"bins":[-0.17329342663288116,-0.16796594858169556,-0.16263847053050995,-0.15731099247932434,-0.15198352932929993,-0.14665605127811432,-0.1413285732269287,-0.1360010951757431,-0.1306736171245575,-0.1253461390733719,-0.12001866102218628,-0.11469119042158127,-0.10936371237039566,-0.10403623431921005,-0.09870876371860504,-0.09338128566741943,-0.08805380761623383,-0.08272632956504822,-0.07739885151386261,-0.0720713809132576,-0.06674390286207199,-0.06141642481088638,-0.05608895421028137,-0.050761476159095764,-0.045433998107910156,-0.04010652005672455,-0.03477904200553894,-0.029451563954353333,-0.02412410080432892,-0.01879662275314331,-0.013469144701957703,-0.008141666650772095,-0.002814188599586487,0.002513289451599121,0.007840767502784729,0.013168245553970337,0.018495723605155945,0.02382318675518036,0.029150664806365967,0.034478142857551575,0.03980562090873718,0.04513309895992279,0.0504605770111084,0.05578804761171341,0.06111552566289902,0.06644300371408463,0.07177047431468964,0.07709795236587524,0.08242543041706085,0.08775290846824646,0.09308038651943207,0.09840785712003708,0.10373533517122269,0.1090628132224083,0.1143902838230133,0.11971776187419891,0.12504523992538452,0.13037271797657013,0.13570019602775574,0.14102767407894135,0.14635515213012695,0.15168261528015137,0.15701009333133698,0.16233757138252258,0.1676650494337082]},"gradients/graph_16classifier.bias":{"values":[1,0,0,0,0,0,0,0,0,0,0,0,0,0,0,0,0,0,0,0,0,0,0,0,0,0,0,0,0,0,0,0,0,0,0,0,0,0,0,0,0,0,0,0,0,0,0,0,0,0,0,0,0,0,0,0,0,0,0,0,0,0,0,1],"bins":[-0.10291267186403275,-0.09969665110111237,-0.09648063033819199,-0.0932646095752716,-0.09004858881235123,-0.08683256804943085,-0.08361654728651047,-0.08040052652359009,-0.07718450576066971,-0.07396848499774933,-0.07075246423482895,-0.06753644347190857,-0.06432042270898819,-0.06110440194606781,-0.05788838118314743,-0.05467236042022705,-0.05145633965730667,-0.04824031889438629,-0.04502429813146591,-0.04180827736854553,-0.03859225660562515,-0.03537623584270477,-0.03216021507978439,-0.028944194316864014,-0.025728173553943634,-0.022512152791023254,-0.019296132028102875,-0.016080111265182495,-0.012864090502262115,-0.009648069739341736,-0.006432048976421356,-0.0032160282135009766,0,0.0032160207629203796,0.006432041525840759,0.009648062288761139,0.012864083051681519,0.016080103814601898,0.019296124577522278,0.022512145340442657,0.025728166103363037,0.028944186866283417,0.032160207629203796,0.035376228392124176,0.038592249155044556,0.041808269917964935,0.045024290680885315,0.048240311443805695,0.051456332206726074,0.054672352969646454,0.057888373732566833,0.06110439449548721,0.06432041525840759,0.06753643602132797,0.07075245678424835,0.07396847754716873,0.07718449831008911,0.08040051907300949,0.08361653983592987,0.08683256059885025,0.09004858136177063,0.09326460212469101,0.09648062288761139,0.09969664365053177,0.10291266441345215],"_type":"histogram"},"_step":4,