{"val/f1_score":0.886002886002886,"gradients/gat1.heads.0.fc.weight":0.014978396706283092,"num_epochs":80,"_timestamp":1.7309753873709157e+09,"train/f1_score":0.7707272727272727,"gradients/gat1.heads.0.attn_fc.weight":0.021748574450612068,"gradients/gat1.heads.1.attn_fc.weight":0.05625608563423157,"_runtime":552.1072133,"gradients/gat1.heads.2.attn_fc.weight":0.007615033071488142,"Training Metrics":{"_latest_artifact_path":"wandb-client-artifact://4tzefkisrg3yue87majthn6lhowk9lh16x45sa1keycurnmaqnyyl1r51q9j9b7urneyc6bztt7pymfsd63z378vrk20c6otubpjt2xo79y9qkg17yx58ilzrpchoxx3:latest/Training Metrics.table.json","path":"media/table/Training Metrics_160_723f12ff0a891a55d3c6.table.json","ncols":7,"nrows":80,"_type":"table-file","sha256":"723f12ff0a891a55d3c6e074d7bf48f1937b21111d12c9ad49f9d6fb3a69e448","size":9083,"artifact_path":"wandb-client-artifact://de2u2ubpfta53vfxfk8zxn7z7l8czdeihymok57m0q076ucg389mzxve75leu7rhpti0y46croiqned1y3pe72eiyz34661nv1temvvljqg939ottm30uyhlcy9hgk3a/Training Metrics.table.json"},"confusion_matrix_table":{"path":"media/table/confusion_matrix_table_158_082564222bad8eae8ae9.table.json","ncols":3,"nrows":4,"_type":"table-file","sha256":"082564222bad8eae8ae9b46ceb0637a7a2ea176f8b460ed3ae5a5e446e4e99d1","size":131,"artifact_path":"wandb-client-artifact://c4in9b40kta5vmbexyfvx0216fnmat1kssp1n78xcacwy7ojc4t4uonsnvstn2awcw3r2g83h5e9j41v83swupgectq9y9rjaa0aq80l7l6zsvbiakxdmvz67g5vz06j/confusion_matrix_table.table.json","_latest_artifact_path":"wandb-client-artifact://c57i9ezfeorxp37xi8gnz321zghr05xonjumdyqmncr4zafaxtl61x2my1kcybeuw6rcpqtsrmrrd7lvno7u4jvpuc26arwij9bxsyipn2cs6nb2l51m8biyrzl7n7s3:latest/confusion_matrix_table.table.json"},"gradients/gat1.heads.2.fc.weight":0.012806396931409836,"gradients/classifier.weight":0.05103089660406113,"_wandb":{"runtime":552},"gradients/classifier.bias":0.026176556944847107,"val/accuracy":0.8888888888888888,"train/accuracy":0.776,"val/loss":0.5351316928863525,"_step":160,"gradients/gat1.heads.1.fc.weight":0.03620923310518265,"train/loss":0.5446309000253677}