{"gradients/graph_4gat1.heads.1.fc.weight":{"bins":[-0.035110898315906525,-0.03422684594988823,-0.033342793583869934,-0.03245874494314194,-0.03157469257712364,-0.030690640211105347,-0.02980658784508705,-0.028922535479068756,-0.02803848497569561,-0.027154434472322464,-0.02627038210630417,-0.025386329740285873,-0.024502277374267578,-0.023618226870894432,-0.022734174504876137,-0.02185012400150299,-0.020966071635484695,-0.0200820192694664,-0.019197968766093254,-0.01831391640007496,-0.017429865896701813,-0.016545813530683517,-0.015661761164665222,-0.014777710661292076,-0.01389365829527378,-0.013009605929255486,-0.01212555542588234,-0.011241503059864044,-0.010357450693845749,-0.009473400190472603,-0.008589347824454308,-0.0077052973210811615,-0.006821244955062866,-0.005937192589044571,-0.005053142085671425,-0.00416908971965313,-0.0032850392162799835,-0.0024009868502616882,-0.001516934484243393,-0.0006328839808702469,0.0002511683851480484,0.0011352207511663437,0.0020192712545394897,0.002903323620557785,0.0037873759865760803,0.004671426489949226,0.005555478855967522,0.006439530290663242,0.007323581725358963,0.008207633160054684,0.009091684594750404,0.0099757369607687,0.01085978839546442,0.011743839830160141,0.012627892196178436,0.013511943630874157,0.014395995065569878,0.015280046500265598,0.01616409793496132,0.017048150300979614,0.01793220266699791,0.018816253170371056,0.01970030553638935,0.020584356039762497,0.021468408405780792],"_type":"histogram","values":[1,0,0,0,0,0,0,0,0,0,0,0,0,1,0,0,2,0,0,0,0,1,0,0,0,0,0,1,0,1,0,0,2,0,2,1,4,2,0,4,1,1,2,1,1,3,0,2,2,2,1,1,0,0,2,1,0,2,2,0,0,1,0,1]},"parameters/graph_4classifier.bias":{"_type":"histogram","values":[1,0,0,0,0,0,0,0,0,0,0,0,0,0,0,0,0,0,0,0,0,0,0,0,0,0,0,0,0,0,0,0,0,0,0,0,0,0,0,0,0,0,0,0,0,0,0,0,0,0,0,0,0,0,0,0,0,0,0,0,0,0,0,1],"bins":[-0.6489031314849854,-0.6313281059265137,-0.6137530207633972,-0.5961779952049255,-0.5786029100418091,-0.5610278844833374,-0.543452799320221,-0.5258777737617493,-0.5083026885986328,-0.49072766304016113,-0.47315260767936707,-0.455577552318573,-0.4380025267601013,-0.42042744159698486,-0.4028524160385132,-0.3852773606777191,-0.36770230531692505,-0.350127249956131,-0.3325521945953369,-0.31497713923454285,-0.2974020838737488,-0.2798270583152771,-0.26225200295448303,-0.24467694759368896,-0.2271018922328949,-0.20952683687210083,-0.19195178151130676,-0.1743767261505127,-0.15680170059204102,-0.13922661542892456,-0.12165158987045288,-0.10407650470733643,-0.08650153875350952,-0.06892651319503784,-0.05135142803192139,-0.03377640247344971,-0.016201317310333252,0.0013737082481384277,0.018948763608932495,0.03652381896972656,0.05409887433052063,0.0716739296913147,0.08924898505210876,0.10682404041290283,0.12439906597137451,0.14197412133216858,0.15954917669296265,0.1771242320537567,0.19469928741455078,0.21227434277534485,0.22984939813613892,0.2474244385957718,0.26499950885772705,0.28257453441619873,0.3001495897769928,0.31772464513778687,0.33529970049858093,0.352874755859375,0.37044981122016907,0.38802486658096313,0.4055998921394348,0.4231749475002289,0.44075000286102295,0.458325058221817,0.4759001135826111]},"parameters/graph_4classifier.weight":{"bins":[-0.3267993628978729,-0.3154352605342865,-0.30407118797302246,-0.29270708560943604,-0.281343013048172,-0.26997891068458557,-0.25861483812332153,-0.2472507357597351,-0.23588664829730988,-0.22452256083488464,-0.2131584733724594,-0.20179438591003418,-0.19043028354644775,-0.17906619608402252,-0.1677021086215973,-0.15633802115917206,-0.14497393369674683,-0.1336098462343216,-0.12224575877189636,-0.11088167130947113,-0.0995175838470459,-0.08815348148345947,-0.07678940892219543,-0.06542530655860901,-0.05406120419502258,-0.042697131633758545,-0.03133302927017212,-0.01996895670890808,-0.008604854345321655,0.002759218215942383,0.014123320579528809,0.025487393140792847,0.036851465702056885,0.04821556806564331,0.05957964062690735,0.07094374299049377,0.08230781555175781,0.09367191791534424,0.10503599047660828,0.1164000928401947,0.12776416540145874,0.13912826776504517,0.1504923701286316,0.16185644268989563,0.17322054505348206,0.1845846325159073,0.19594871997833252,0.20731280744075775,0.21867689490318298,0.23004098236560822,0.24140506982803345,0.2527691721916199,0.2641332447528839,0.27549734711647034,0.2868614196777344,0.2982255220413208,0.3095896244049072,0.32095369696617126,0.3323177695274353,0.34368187189102173,0.35504597425460815,0.3664100468158722,0.3777741491794586,0.38913822174072266,0.4005023241043091],"_type":"histogram","values":[2,0,0,0,0,0,0,0,0,1,0,0,0,0,1,0,0,0,0,1,0,1,1,1,1,0,2,0,1,0,1,1,0,0,3,1,2,1,0,1,1,0,0,1,1,0,0,0,2,1,1,0,0,1,0,0,1,0,0,0,0,0,0,1]},"train_f1":0.5156999999999999,"epoch":5,"parameters/graph_4gat1.heads.1.fc.weight":{"values":[1,1,0,0,0,0,1,0,1,0,2,1,1,0,1,0,0,0,1,2,1,1,2,0,0,1,0,1,0,1,0,1,3,3,0,1,1,2,1,1,0,1,2,1,3,1,0,0,0,0,0,2,0,0,0,2,1,0,0,1,1,0,0,1],"bins":[-1.1757606267929077,-1.1406114101409912,-1.1054623126983643,-1.0703130960464478,-1.0351638793945312,-1.0000146627426147,-0.964865505695343,-0.9297163486480713,-0.8945671319961548,-0.8594179153442383,-0.8242687582969666,-0.7891196012496948,-0.7539703845977783,-0.7188211679458618,-0.6836720108985901,-0.6485228538513184,-0.6133736371994019,-0.5782244205474854,-0.5430752635002136,-0.5079261064529419,-0.4727768898010254,-0.4376276731491089,-0.40247851610183716,-0.36732935905456543,-0.3321801424026489,-0.2970309257507324,-0.2618817687034607,-0.22673261165618896,-0.19158339500427246,-0.15643417835235596,-0.121285080909729,-0.0861358642578125,-0.05098676681518555,-0.015837550163269043,0.01931166648864746,0.054460763931274414,0.08960998058319092,0.12475919723510742,0.15990835428237915,0.19505751132965088,0.23020672798156738,0.2653559446334839,0.3005051016807556,0.33565425872802734,0.37080347537994385,0.40595269203186035,0.4411018490791321,0.4762510061264038,0.5114002227783203,0.5465494394302368,0.5816985964775085,0.6168477535247803,0.6519969701766968,0.6871461868286133,0.722295343875885,0.7574445009231567,0.7925937175750732,0.8277429342269897,0.8628920912742615,0.8980412483215332,0.9331904649734497,0.9683396816253662,1.0034887790679932,1.0386379957199097,1.0737872123718262],"_type":"histogram"},"parameters/graph_4gat1.heads.1.attn_fc.weight":{"_type":"histogram","values":[1,0,0,0,0,0,0,1,0,0,0,0,0,0,2,0,0,0,0,0,0,0,0,0,0,0,0,0,0,0,0,0,1,0,1,0,1,1,1,0,2,1,1,0,0,0,0,1,0,0,0,0,0,0,0,0,0,0,0,0,1,0,0,1],"bins":[-2.7975127696990967,-2.725167989730835,-2.6528234481811523,-2.5804786682128906,-2.508133888244629,-2.4357893466949463,-2.3634445667266846,-2.291100025177002,-2.2187552452087402,-2.1464104652404785,-2.074065685272217,-2.001721143722534,-1.9293763637542725,-1.8570317029953003,-1.7846870422363281,-1.7123422622680664,-1.6399976015090942,-1.567652940750122,-1.4953081607818604,-1.4229635000228882,-1.350618839263916,-1.2782740592956543,-1.2059293985366821,-1.13358473777771,-1.0612399578094482,-0.9888952970504761,-0.9165506362915039,-0.8442059755325317,-0.7718613147735596,-0.6995165348052979,-0.6271717548370361,-0.5548272132873535,-0.4824824333190918,-0.4101376533508301,-0.33779311180114746,-0.26544833183288574,-0.19310355186462402,-0.12075889110565186,-0.04841423034667969,0.02393043041229248,0.09627509117126465,0.16861987113952637,0.24096453189849854,0.3133091926574707,0.3856539726257324,0.4579986333847046,0.5303432941436768,0.6026880741119385,0.6750327348709106,0.7473773956298828,0.8197221755981445,0.8920668363571167,0.9644114971160889,1.0367562770843506,1.1091009378433228,1.181445598602295,1.2537903785705566,1.3261350393295288,1.398479700088501,1.4708244800567627,1.5431691408157349,1.615513801574707,1.6878584623336792,1.760203242301941,1.832547903060913]},"gradients/graph_4classifier.weight":{"_type":"histogram","values":[1,0,0,0,0,0,0,0,0,0,0,0,0,0,0,0,1,0,0,0,0,0,0,0,1,0,1,0,1,3,4,4,4,4,3,1,0,1,0,1,0,0,0,0,0,0,0,1,0,0,0,0,0,0,0,0,0,0,0,0,0,0,0,1],