fold,num_heads,out_channels,num_epochs,learning_rate,weight_decay,train_loss,val_loss,train_accuracy,val_accuracy,train_f1,val_f1
1,3,16,1,0.1,0,0.6917588114738464,0.6407617181539536,0.5483870967741935,0.6031746031746031,0.5379881154499152,0.5770308123249299
2,3,16,1,0.1,0,0.768783912062645,0.6635576337575912,0.5714285714285714,0.5161290322580645,0.5703208654875752,0.45179618768328444
1,3,16,1,0.01,0,0.6680800765752792,0.6475863009691238,0.5645161290322581,0.5714285714285714,0.40738277352843366,0.4155844155844156
2,3,16,1,0.01,0,0.6769496202468872,0.6629675626754761,0.5714285714285714,0.5645161290322581,0.48345203183912866,0.40738277352843366
