{"train_accuracy":0.744,"parameters/graph_5classifier.weight":{"bins":[-0.6069846153259277,-0.5885770320892334,-0.5701694488525391,-0.5517618656158447,-0.5333542823791504,-0.514946699142456,-0.4965391159057617,-0.4781315326690674,-0.45972394943237305,-0.4413163661956787,-0.4229087829589844,-0.40450119972229004,-0.3860936164855957,-0.36768603324890137,-0.34927845001220703,-0.3308708667755127,-0.31246328353881836,-0.294055700302124,-0.2756481170654297,-0.25724053382873535,-0.23883295059204102,-0.22042536735534668,-0.20201778411865234,-0.183610200881958,-0.16520261764526367,-0.14679503440856934,-0.128387451171875,-0.10997986793518066,-0.09157228469848633,-0.07316470146179199,-0.054757118225097656,-0.03634953498840332,-0.01794189214706421,0.00046569108963012695,0.018873274326324463,0.0372808575630188,0.055688440799713135,0.07409602403640747,0.0925036072731018,0.11091119050979614,0.12931877374649048,0.14772635698318481,0.16613394021987915,0.1845415234565735,0.20294910669326782,0.22135668992996216,0.2397642731666565,0.25817185640335083,0.27657943964004517,0.2949870228767395,0.31339460611343384,0.3318021893501282,0.3502097725868225,0.36861735582351685,0.3870249390602112,0.4054325222969055,0.42384010553359985,0.4422476887702942,0.4606552720069885,0.47906285524368286,0.4974704384803772,0.5158780217170715,0.5342856049537659,0.5526931881904602,0.5711007714271545],"_type":"histogram","values":[1,1,0,1,1,1,1,0,0,0,1,0,0,2,0,0,0,0,0,0,2,0,1,0,0,0,0,0,0,0,0,1,0,0,0,0,1,0,0,0,0,0,0,1,1,0,0,0,1,0,1,0,0,0,0,1,0,1,0,0,1,2,0,1]},"val_accuracy":0.7037037037037037,"parameters/graph_5classifier.bias":{"values":[1,0,0,0,0,0,0,0,0,0,0,0,0,0,0,0,0,0,0,0,0,0,0,0,0,0,0,0,0,0,0,0,0,0,0,0,0,0,0,0,0,0,0,0,0,0,0,0,0,0,0,0,0,0,0,0,0,0,0,0,0,0,0,1],"bins":[0.04482955485582352,0.04487266764044762,0.044915784150362015,0.044958896934986115,0.045002009719610214,0.04504512622952461,0.04508823901414871,0.04513135179877281,0.04517446830868721,0.04521758109331131,0.04526069387793541,0.04530381038784981,0.04534692317247391,0.04539003595709801,0.045433152467012405,0.045476265251636505,0.0455193817615509,0.045562494546175,0.0456056073307991,0.0456487238407135,0.0456918366253376,0.0457349494099617,0.0457780659198761,0.0458211787045002,0.0458642914891243,0.045907407999038696,0.045950520783662796,0.045993633568286896,0.046036750078201294,0.046079862862825394,0.04612297564744949,0.04616609215736389,0.04620920494198799,0.04625231772661209,0.04629543423652649,0.04633854702115059,0.04638165980577469,0.04642477631568909,0.04646788910031319,0.046511001884937286,0.046554118394851685,0.046597231179475784,0.046640343964099884,0.04668346047401428,0.04672657325863838,0.04676968604326248,0.04681280255317688,0.04685591533780098,0.04689902812242508,0.04694214463233948,0.04698525741696358,0.047028373926877975,0.047071486711502075,0.047114599496126175,0.04715771600604057,0.04720082879066467,0.04724394157528877,0.04728705808520317,0.04733017086982727,0.04737328365445137,0.04741640016436577,0.04745951294898987,0.04750262573361397,0.047545742243528366,0.047588855028152466],"_type":"histogram"},"gradients/graph_5gat1.heads.0.attn_fc.weight":{"bins":[-0.005923791788518429,-0.005742272827774286,-0.005560753867030144,-0.005379234906286001,-0.005197715945541859,-0.0050161974504590034,-0.004834678024053574,-0.004653159528970718,-0.004471640568226576,-0.004290121607482433,-0.004108602646738291,-0.003927083685994148,-0.0037455647252500057,-0.003564045764505863,-0.0033825270365923643,-0.0032010080758482218,-0.0030194891151040792,-0.0028379701543599367,-0.002656451193615794,-0.0024749324657022953,-0.0022934135049581528,-0.0021118945442140102,-0.0019303755834698677,-0.0017488566227257252,-0.0015673376619815826,-0.0013858187012374401,-0.0012042997404932976,-0.0010227812454104424,-0.0008412622846662998,-0.0006597433239221573,-0.00047822436317801476,-0.0002967054024338722,-0.00011518644168972969,6.633251905441284e-05,0.0002478514797985554,0.0004293704405426979,0.0006108894012868404,0.000792408362030983,0.0009739268571138382,0.0011554458178579807,0.0013369647786021233,0.0015184837393462658,0.0017000027000904083,0.0018815216608345509,0.0020630406215786934,0.002244559582322836,0.002426078310236335,0.0026075972709804773,0.00278911623172462,0.0029706351924687624,0.003152154153212905,0.003333672881126404,0.0035151918418705463,0.003696710802614689,0.0038782297633588314,0.004059748724102974,0.0042412676848471165,0.004422786645591259,0.004604305140674114,0.004785824567079544,0.004967343062162399,0.005148862022906542,0.005330380983650684,0.005511899944394827,0.005693418905138969],"_type":"histogram","values":[1,0,0,0,1,0,1,0,0,1,0,0,0,0,1,1,0,1,2,1,0,1,1,1,0,0,0,0,0,0,1,0,0,0,0,1,0,0,0,2,0,1,1,0,0,0,0,0,2,0,0,0,0,0,1,0,0,0,1,0,0,0,0,1]},"train_loss":0.5630501601845026,"gradients/graph_5gat1.heads.0.fc.weight":{"values":[1,1,0,0,1,1,1,1,0,0,0,2,1,3,1,5,1,0,0,1,2,0,0,0,2,1,1,0,2,3,0,5,3,7,3,1,2,2,0,0,0,3,0,2,3,0,2,2,0,0,0,0,0,0,0,4,0,0,0,0,0,0,1,1],"bins":[-0.0226978100836277,-0.022089865058660507,-0.021481918171048164,-0.02087397314608097,-0.020266026258468628,-0.019658081233501434,-0.01905013434588909,-0.018442189320921898,-0.017834242433309555,-0.01722629740834236,-0.01661835052073002,-0.016010405495762825,-0.015402459539473057,-0.014794513583183289,-0.01418656762689352,-0.013578621670603752,-0.012970675714313984,-0.012362729758024216,-0.011754783801734447,-0.01114683784544468,-0.010538891889154911,-0.009930945932865143,-0.009322999976575375,-0.008715054020285606,-0.008107108995318413,-0.0074991630390286446,-0.006891217082738876,-0.0062832701951265335,-0.00567532517015934,-0.005067378282546997,-0.0044594332575798035,-0.0038514863699674606,-0.003243541345000267,-0.0026355963200330734,-0.0020276494324207306,-0.001419704407453537,-0.0008117575198411942,-0.00020381249487400055,0.0004041343927383423,0.0010120803490281105,0.0016200263053178787,0.0022279713302850723,0.0028359172865748405,0.0034438632428646088,0.004051809199154377,0.004659755155444145,0.005267701111733913,0.005875647068023682,0.00648359302431345,0.007091538980603218,0.007699484936892986,0.008307430893182755,0.008915376849472523,0.009523322805762291,0.010131267830729485,0.010739214718341827,0.011347159743309021,0.011955106630921364,0.012563051655888557,0.013170997612178326,0.013778943568468094,0.014386889524757862,0.01499483548104763,0.015602781437337399,0.016210727393627167],"_type":"histogram"},"_wandb":{"runtime":11},"gradients/graph_5classifier.bias":{"_type":"histogram","values":[1,0,0,0,0,0,0,0,0,0,0,0,0,0,0,0,0,0,0,0,0,0,0,0,0,0,0,0,0,0,0,0,0,0,0,0,0,0,0,0,0,0,0,0,0,0,0,0,0,0,0,0,0,0,0,0,0,0,0,0,0,0,0,1],"bins":[-0.03730258345603943,-0.03613687679171562,-0.034971170127391815,-0.03380546718835831,-0.0326397605240345,-0.03147405385971069,-0.030308349058032036,-0.02914264425635338,-0.02797693759202957,-0.026811230927705765,-0.025645526126027107,-0.02447982132434845,-0.023314114660024643,-0.022148407995700836,-0.02098270319402218,-0.01981699839234352,-0.018651291728019714,-0.017485585063695908,-0.01631988026201725,-0.015154175460338593,-0.013988468796014786,-0.012822762131690979,-0.011657057330012321,-0.010491352528333664,-0.009325645864009857,-0.00815993919968605,-0.006994234398007393,-0.005828529596328735,-0.004662822932004929,-0.003497116267681122,-0.0023314133286476135,-0.0011657066643238068,-3.725290298461914e-09,0.0011657029390335083,0.002331409603357315,0.0034971125423908234,0.00466281920671463,0.005828525871038437,0.006994230672717094,0.008159935474395752,0.009325642138719559,0.010491348803043365,0.011657053604722023,0.01282275840640068,0.013988465070724487,0.015154171735048294,0.01631987653672695,0.01748558133840561,0.018651288002729416,0.019816994667053223,0.02098269946873188,0.022148404270410538,0.023314110934734344,0.02447981759905815,0.02564552240073681,0.026811227202415466,0.027976933866739273,0.02914264053106308,0.030308345332741737,0.031474050134420395,0.0326397567987442,0.03380546346306801,0.034971170127391815,0.036136873066425323,0.03730257973074913]},