{"val_f1":0.5173789173789174,"val_loss":0.6404173374176025,"_runtime":5.5941522,"gradients/graph_6gat1.heads.1.attn_fc.weight":{"values":[1,0,0,1,0,0,0,0,0,0,0,0,0,0,0,0,0,0,0,0,0,0,0,0,1,0,0,0,0,0,0,1,0,0,0,0,0,0,0,0,0,0,0,0,0,0,0,0,0,0,0,0,2,0,1,3,5,0,0,0,0,0,0,1],"bins":[-0.22527441382408142,-0.22120441496372223,-0.21713441610336304,-0.21306443214416504,-0.20899443328380585,-0.20492443442344666,-0.20085443556308746,-0.19678443670272827,-0.19271445274353027,-0.18864445388317108,-0.1845744550228119,-0.1805044561624527,-0.1764344573020935,-0.1723644733428955,-0.16829445958137512,-0.16422447562217712,-0.16015447676181793,-0.15608447790145874,-0.15201449394226074,-0.14794448018074036,-0.14387449622154236,-0.13980449736118317,-0.13573449850082397,-0.13166451454162598,-0.1275945007801056,-0.123524509370327,-0.1194545179605484,-0.11538451910018921,-0.11131452023983002,-0.10724452883005142,-0.10317452996969223,-0.09910453855991364,-0.09503452479839325,-0.09096452593803406,-0.08689454197883606,-0.08282454311847687,-0.07875454425811768,-0.07468454539775848,-0.07061454653739929,-0.0665445625782013,-0.062474559992551804,-0.05840456113219261,-0.05433456972241402,-0.050264570862054825,-0.04619457200169563,-0.04212458059191704,-0.038054581731557846,-0.03398459032177925,-0.02991459146142006,-0.025844596326351166,-0.021774601191282272,-0.01770460233092308,-0.013634607195854187,-0.009564612060785294,-0.005494613200426102,-0.0014246180653572083,0.002645377069711685,0.006715372204780579,0.010785369202494621,0.014855366200208664,0.018925361335277557,0.02299535647034645,0.027065353468060493,0.031135350465774536,0.03520534560084343],"_type":"histogram"},"parameters/graph_6gat1.heads.1.fc.weight":{"_type":"histogram","values":[1,1,0,1,0,0,0,0,1,1,0,0,0,0,0,0,1,1,1,1,0,1,0,2,5,3,1,0,1,1,3,2,2,1,1,0,2,0,0,4,1,0,0,1,1,1,0,0,0,1,0,1,1,1,1,0,0,0,0,0,0,0,0,1],"bins":[-1.2303812503814697,-1.194462537765503,-1.1585438251495361,-1.1226252317428589,-1.086706519126892,-1.0507878065109253,-1.014869213104248,-0.9789505004882812,-0.9430317878723145,-0.9071130752563477,-0.8711944222450256,-0.8352757692337036,-0.7993570566177368,-0.76343834400177,-0.727519690990448,-0.691601037979126,-0.6556823253631592,-0.6197636127471924,-0.5838449597358704,-0.5479263067245483,-0.5120075941085815,-0.47608888149261475,-0.4401702284812927,-0.4042515754699707,-0.3683328628540039,-0.3324141502380371,-0.2964954972267151,-0.26057684421539307,-0.22465813159942627,-0.18873941898345947,-0.15282082557678223,-0.11690211296081543,-0.08098351955413818,-0.04506480693817139,-0.00914609432220459,0.026772499084472656,0.06269121170043945,0.09860992431640625,0.13452857732772827,0.1704472303390503,0.2063659429550171,0.2422846555709839,0.2782033085823059,0.31412196159362793,0.3500406742095947,0.3859593868255615,0.42187803983688354,0.45779669284820557,0.49371540546417236,0.5296341180801392,0.5655527710914612,0.6014714241027832,0.63739013671875,0.6733088493347168,0.7092275023460388,0.7451461553573608,0.7810648679733276,0.8169835805892944,0.8529022336006165,0.8888208866119385,0.9247395992279053,0.9606583118438721,0.9965769648551941,1.0324956178665161,1.068414330482483]},"gradients/graph_6gat1.heads.0.attn_fc.weight":{"bins":[-0.24730396270751953,-0.24115261435508728,-0.23500126600265503,-0.22884991765022278,-0.22269855439662933,-0.21654720604419708,-0.21039585769176483,-0.20424450933933258,-0.19809314608573914,-0.19194179773330688,-0.18579044938087463,-0.17963910102844238,-0.17348775267601013,-0.16733640432357788,-0.16118505597114563,-0.15503369271755219,-0.14888234436511993,-0.14273099601268768,-0.13657963275909424,-0.130428284406662,-0.12427693605422974,-0.11812558770179749,-0.11197423934936523,-0.10582289099693298,-0.09967154264450073,-0.09352017939090729,-0.08736883103847504,-0.08121748268604279,-0.07506613433361053,-0.06891478598117828,-0.06276342272758484,-0.05661207437515259,-0.05046072602272034,-0.044309377670288086,-0.038158029317855835,-0.03200666606426239,-0.02585531771183014,-0.019703969359397888,-0.013552621006965637,-0.007401272654533386,-0.0012499094009399414,0.00490143895149231,0.01105278730392456,0.01720413565635681,0.023355484008789062,0.02950683981180191,0.03565818816423416,0.04180954396724701,0.04796089231967926,0.05411224067211151,0.06026359647512436,0.06641494482755661,0.07256630063056946,0.07871764898300171,0.08486899733543396,0.09102034568786621,0.09717170149087906,0.1033230572938919,0.10947440564632416,0.11562575399875641,0.12177710235118866,0.1279284656047821,0.13407981395721436,0.1402311623096466,0.14638251066207886],"_type":"histogram","values":[1,1,0,0,0,0,0,0,0,0,0,0,0,0,0,0,0,0,0,0,0,0,0,0,0,0,0,0,0,0,0,0,0,0,0,0,0,1,0,2,7,0,0,0,0,0,1,0,1,0,0,0,0,0,0,0,0,0,0,1,0,0,0,1]},"_timestamp":1.7316872771408727e+09,"train_loss":0.6619380563497543,"parameters/graph_6gat1.heads.0.attn_fc.weight":{"_type":"histogram","values":[1,0,0,0,0,0,0,0,0,0,0,0,0,0,0,0,1,0,0,0,0,0,0,0,0,1,0,0,1,1,0,0,1,1,0,0,0,0,0,1,1,0,0,0,0,0,0,0,1,0,0,2,0,2,0,0,0,0,0,1,0,0,0,1],"bins":[-1.1979960203170776,-1.1649163961410522,-1.1318368911743164,-1.098757266998291,-1.0656776428222656,-1.0325980186462402,-0.9995185136795044,-0.966438889503479,-0.9333593249320984,-0.9002797603607178,-0.8672001361846924,-0.8341205716133118,-0.8010410070419312,-0.7679613828659058,-0.7348818182945251,-0.7018022537231445,-0.6687226295471191,-0.6356430649757385,-0.6025634407997131,-0.5694838762283325,-0.5364042520523071,-0.5033246874809265,-0.4702451229095459,-0.4371654987335205,-0.4040859341621399,-0.3710063695907593,-0.3379267454147339,-0.30484718084335327,-0.27176761627197266,-0.23868799209594727,-0.20560842752456665,-0.17252886295318604,-0.13944929838180542,-0.10636967420578003,-0.07329010963439941,-0.0402105450630188,-0.007130920886993408,0.025948643684387207,0.05902820825576782,0.09210783243179321,0.12518739700317383,0.15826696157455444,0.19134658575057983,0.22442615032196045,0.25750571489334106,0.29058533906936646,0.32366490364074707,0.35674452781677246,0.3898240923881531,0.4229036867618561,0.4559832811355591,0.4890628457069397,0.5221424102783203,0.5552220344543457,0.5883015990257263,0.6213811635971069,0.6544607877731323,0.6875404119491577,0.7206199765205383,0.753699541091919,0.7867791652679443,0.819858729839325,0.8529382944107056,0.886017918586731,0.9190974831581116]},"gradients/graph_6classifier.weight":{"_type":"histogram","values":[1,0,0,0,1,0,0,0,0,0,0,0,0,0,1,0,0,1,2,0,2,0,1,0,0,0,1,1,2,0,1,2,2,1,0,2,1,1,0,0,0,1,0,2,0,2,1,0,0,1,0,0,0,0,0,0,0,0,0,1,0,0,0,1],"bins":[-0.21347452700138092,-0.20680344104766846,-0.2001323699951172,-0.19346128404140472,-0.18679021298885345,-0.180119127035141,-0.17344805598258972,-0.16677697002887726,-0.160105898976326,-0.15343481302261353,-0.14676374197006226,-0.1400926560163498,-0.13342157006263733,-0.12675049901008606,-0.1200794205069542,-0.11340834200382233,-0.10673726350069046,-0.1000661849975586,-0.09339510649442673,-0.08672402799129486,-0.0800529420375824,-0.07338187098503113,-0.06671078503131866,-0.060039713978767395,-0.05336862802505493,-0.04669755697250366,-0.0400264710187912,-0.03335539996623993,-0.026684314012527466,-0.020013242959976196,-0.013342157006263733,-0.006671085953712463,0,0.006671085953712463,0.013342157006263733,0.020013242959976196,0.026684314012527466,0.03335539996623993,0.0400264710187912,0.04669755697250366,0.05336862802505493,0.060039713978767395,0.06671078503131866,0.07338187098503113,0.0800529420375824,0.08672402799129486,0.09339510649442673,0.1000661849975586,0.10673726350069046,0.11340834200382233,0.1200794205069542,0.12675049901008606,0.13342157006263733,0.1400926560163498,0.14676374197006226,0.15343481302261353,0.160105898976326,0.16677697002887726,0.17344805598258972,0.180119127035141,0.18679021298885345,0.19346128404140472,0.2001323699951172,0.20680344104766846,0.21347452700138092]},"_step":2,