{"_timestamp":1.7307184348222148e+09,"epoch":79,"gradients/classifier.bias":0.00958584900945425,"gradients/gat1.bias":0.013314641080796719,"train/accuracy":0.736,"gradients/gat1.attn_r":0.00521474564447999,"_step":79,"_wandb":{"runtime":15},"train/f1_score":0.7290078098471986,"val/accuracy":0.8518518518518519,"gradients/classifier.weight":0.03461913764476776,"train/loss":0.5977915376424789,"_runtime":15.5740493,"gradients/gat1.attn_l":0.13782581686973572,"val/f1_score":0.8497474747474748,"gradients/gat1.fc.weight":0.09890855103731155,"val/loss":0.5913281440734863}