{"gradients/graph_26classifier.bias":{"values":[1,0,0,0,0,0,0,0,0,0,0,0,0,0,0,0,0,0,0,0,0,0,0,0,0,0,0,0,0,0,0,0,0,0,0,0,0,0,0,0,0,0,0,0,0,0,0,0,0,0,0,0,0,0,0,0,0,0,0,0,0,0,0,1],"bins":[-0.0021075084805488586,-0.002041648607701063,-0.0019757887348532677,-0.0019099288620054722,-0.0018440689891576767,-0.0017782091163098812,-0.0017123492434620857,-0.0016464893706142902,-0.0015806294977664948,-0.0015147696249186993,-0.0014489097520709038,-0.0013830498792231083,-0.0013171900063753128,-0.0012513301335275173,-0.0011854702606797218,-0.0011196103878319263,-0.0010537505149841309,-0.0009878906421363354,-0.0009220307692885399,-0.0008561708964407444,-0.0007903110235929489,-0.0007244511507451534,-0.0006585912778973579,-0.0005927314050495625,-0.000526871532201767,-0.0004610116593539715,-0.000395151786506176,-0.0003292919136583805,-0.000263432040810585,-0.00019757216796278954,-0.00013171229511499405,-6.585242226719856e-05,7.450580596923828e-09,6.586732342839241e-05,0.0001317271962761879,0.00019758706912398338,0.00026344694197177887,0.00032930681481957436,0.00039516668766736984,0.00046102656051516533,0.0005268864333629608,0.0005927463062107563,0.0006586061790585518,0.0007244660519063473,0.0007903259247541428,0.0008561857976019382,0.0009220456704497337,0.0009879055432975292,0.0010537654161453247,0.0011196252889931202,0.0011854851618409157,0.0012513450346887112,0.0013172049075365067,0.0013830647803843021,0.0014489246532320976,0.0015147845260798931,0.0015806443989276886,0.001646504271775484,0.0017123641446232796,0.001778224017471075,0.0018440838903188705,0.001909943763166666,0.0019758036360144615,0.002041663508862257,0.0021075233817100525],"_type":"histogram"},"parameters/graph_26classifier.weight":{"values":[1,0,1,1,0,0,1,0,0,0,0,1,0,0,0,2,1,0,1,1,0,0,0,1,2,1,1,0,1,0,0,0,2,0,2,0,1,0,0,0,1,1,0,1,1,0,0,1,1,0,0,1,0,0,0,0,0,0,2,0,1,0,0,1],"bins":[-0.3338111937046051,-0.32320085167884827,-0.31259047985076904,-0.3019801378250122,-0.291369765996933,-0.28075942397117615,-0.2701490521430969,-0.2595387101173401,-0.24892835319042206,-0.23831799626350403,-0.227707639336586,-0.21709728240966797,-0.20648694038391113,-0.1958765834569931,-0.18526622653007507,-0.17465586960315704,-0.164045512676239,-0.15343515574932098,-0.14282479882240295,-0.13221444189548492,-0.1216040849685669,-0.11099374294281006,-0.10038338601589203,-0.089773029088974,-0.07916268706321716,-0.06855231523513794,-0.057941973209381104,-0.04733160138130188,-0.036721259355545044,-0.02611088752746582,-0.015500545501708984,-0.004890173673629761,0.005720198154449463,0.0163305401802063,0.026940912008285522,0.03755125403404236,0.04816162586212158,0.05877196788787842,0.06938233971595764,0.07999268174171448,0.0906030535697937,0.10121339559555054,0.11182375252246857,0.1224341094493866,0.13304445147514343,0.14365480840206146,0.1542651653289795,0.16487552225589752,0.17548587918281555,0.18609623610973358,0.1967065930366516,0.20731694996356964,0.21792730689048767,0.2285376489162445,0.23914800584316254,0.24975836277008057,0.2603687047958374,0.2709790766239166,0.28158944845199585,0.2921997904777527,0.3028101325035095,0.31342050433158875,0.3240308463573456,0.3346412181854248,0.34525156021118164],"_type":"histogram"},"parameters/graph_26gat1.heads.0.fc.weight":{"_type":"histogram","values":[1,0,0,0,1,0,0,0,0,0,0,1,0,0,0,0,1,0,0,1,1,0,1,1,0,1,1,1,1,2,0,3,0,1,4,0,1,1,1,2,3,5,2,0,3,1,0,0,1,1,1,2,0,1,0,0,0,0,0,0,0,0,0,1],"bins":[-1.3502763509750366,-1.3105413913726807,-1.2708064317703247,-1.2310713529586792,-1.1913363933563232,-1.1516014337539673,-1.1118664741516113,-1.0721315145492554,-1.0323965549468994,-0.9926614761352539,-0.952926516532898,-0.913191556930542,-0.873456597328186,-0.8337215781211853,-0.7939866185188293,-0.7542515993118286,-0.7145166397094727,-0.6747816801071167,-0.635046660900116,-0.59531170129776,-0.5555766820907593,-0.5158417224884033,-0.47610676288604736,-0.43637174367904663,-0.3966367840766907,-0.3569018244743347,-0.317166805267334,-0.277431845664978,-0.23769688606262207,-0.1979619264602661,-0.1582268476486206,-0.11849188804626465,-0.07875704765319824,-0.039022088050842285,0.0007128715515136719,0.04044795036315918,0.08018290996551514,0.1199178695678711,0.15965282917022705,0.19938784837722778,0.23912280797958374,0.2788577675819397,0.31859278678894043,0.3583277463912964,0.39806270599365234,0.4377977252006531,0.47753268480300903,0.5172677040100098,0.5570026636123657,0.5967376232147217,0.6364726424217224,0.6762076020240784,0.7159426212310791,0.7556775808334351,0.795412540435791,0.835147500038147,0.8748825192451477,0.9146175384521484,0.9543524980545044,0.9940874576568604,1.0338224172592163,1.0735573768615723,1.1132924556732178,1.1530274152755737,1.1927623748779297]},"gradients/graph_26gat1.heads.0.fc.weight":{"bins":[-0.004959264770150185,-0.004789401777088642,-0.004619539249688387,-0.004449676256626844,-0.004279813263565302,-0.004109950736165047,-0.003940087743103504,-0.0037702249828726053,-0.0036003622226417065,-0.003430499229580164,-0.003260636469349265,-0.0030907737091183662,-0.0029209107160568237,-0.002751047955825925,-0.002581185195595026,-0.0024113222025334835,-0.0022414594423025846,-0.002071596682071686,-0.0019017336890101433,-0.0017318709287792444,-0.0015620081685483456,-0.001392145175486803,-0.0012222824152559042,-0.0010524196550250053,-0.0008825566619634628,-0.0007126941345632076,-0.0005428311415016651,-0.0003729681484401226,-0.0002031056210398674,-3.324262797832489e-05,0.00013662036508321762,0.0003064828924834728,0.00047634588554501534,0.0006462088786065578,0.000816071406006813,0.0009859343990683556,0.001155797392129898,0.0013256599195301533,0.0014955229125916958,0.0016653859056532383,0.0018352484330534935,0.002005111426115036,0.002174974186345935,0.0023448369465768337,0.0025146999396383762,0.002684562699869275,0.002854425460100174,0.0030242884531617165,0.0031941512133926153,0.003364013973623514,0.0035338769666850567,0.0037037397269159555,0.0038736024871468544,0.004043465480208397,0.004213328473269939,0.004383191000670195,0.004553053993731737,0.004722916521131992,0.004892779514193535,0.005062642507255077,0.0052325050346553326,0.005402368027716875,0.005572231020778418,0.005742093548178673,0.005911956541240215],"_type":"histogram","values":[1,3,0,1,2,0,3,0,1,0,2,2,1,0,2,1,1,1,2,3,0,1,0,0,1,0,0,0,0,0,0,0,0,0,1,0,0,0,1,1,1,0,2,1,1,0,1,2,1,1,0,2,0,1,0,1,0,0,0,0,1,1,0,1]},"_runtime":20.3456764,"val_loss":0.646486759185791,"val_f1":0.5436507936507936,"parameters/graph_26gat1.heads.1.attn_fc.weight":{"_type":"histogram","values":[1,1,0,0,0,1,0,0,0,1,0,0,0,0,1,0,0,0,0,0,0,0,1,0,0,0,0,0,0,0,2,0,0,0,0,0,1,2,1,1,0,0,0,0,0,0,1,0,0,0,0,0,0,0,0,0,0,0,1,0,0,0,0,1],"bins":[-0.447561115026474,-0.42937690019607544,-0.4111926853656769,-0.3930084705352783,-0.37482425570487976,-0.3566400408744812,-0.33845582604408264,-0.3202716112136841,-0.3020873963832855,-0.28390318155288696,-0.2657189667224884,-0.24753475189208984,-0.22935053706169128,-0.21116632223129272,-0.19298210740089417,-0.1747978925704956,-0.15661367774009705,-0.1384294629096985,-0.12024524807929993,-0.10206103324890137,-0.08387681841850281,-0.06569260358810425,-0.04750838875770569,-0.02932417392730713,-0.01113995909690857,0.00704425573348999,0.02522847056388855,0.04341268539428711,0.06159690022468567,0.07978108525276184,0.09796532988548279,0.11614957451820374,0.13433372974395752,0.1525179147720337,0.17070215940475464,0.18888640403747559,0.20707058906555176,0.22525480389595032,0.24343901872634888,0.26162323355674744,0.279807448387146,0.29799166321754456,0.3161758780479431,0.3343600928783417,0.35254430770874023,0.3707285225391388,0.38891273736953735,0.4070969521999359,0.4252811670303345,0.44346538186073303,0.4616495966911316,0.47983381152153015,0.4980180263519287,0.5162022113800049,0.5343864560127258,0.5525707006454468,0.570754885673523,0.5889390707015991,0.6071233153343201,0.625307559967041,0.6434917449951172,0.6616759300231934,0.6798601746559143,0.6980444192886353,0.7162286043167114]},"train_accuracy":0.568,"train_loss":0.6501865610480309,