{"_timestamp":1.7317010120460777e+09,"val_accuracy":0.5555555555555556,"_wandb":{"runtime":5},"train_f1":0.41151020408163264,"gradients/graph_14classifier.weight":{"values":[1,2,0,2,0,0,0,0,0,0,0,0,0,0,1,0,1,0,0,1,2,1,0,0,0,1,0,0,2,1,1,0,0,1,1,2,0,0,1,0,0,0,1,2,1,0,0,1,0,1,0,0,0,0,0,0,0,0,0,0,2,0,2,1],"bins":[-0.01987726241350174,-0.019256098195910454,-0.018634933978319168,-0.018013769760727882,-0.017392605543136597,-0.016771439462900162,-0.016150277107954025,-0.01552911102771759,-0.014907946810126305,-0.014286782592535019,-0.013665618374943733,-0.013044454157352448,-0.012423289939761162,-0.011802125722169876,-0.011180960573256016,-0.01055979635566473,-0.009938632138073444,-0.009317467920482159,-0.008696303702890873,-0.008075138553977013,-0.007453974336385727,-0.006832810118794441,-0.0062116459012031555,-0.00559048168361187,-0.004969317466020584,-0.004348152317106724,-0.0037269890308380127,-0.0031058229506015778,-0.002484658733010292,-0.0018634945154190063,-0.0012423302978277206,-0.0006211660802364349,-1.862645149230957e-09,0.0006211623549461365,0.0012423265725374222,0.0018634907901287079,0.0024846550077199936,0.0031058192253112793,0.0037269853055477142,0.004348148591816425,0.004969313740730286,0.005590477958321571,0.006211642175912857,0.006832806393504143,0.0074539706110954285,0.008075134828686714,0.008696299977600574,0.00931746419519186,0.009938628412783146,0.010559792630374432,0.011180956847965717,0.011802121996879578,0.012423286214470863,0.013044450432062149,0.013665614649653435,0.01428677886724472,0.014907943084836006,0.015529107302427292,0.016150273382663727,0.016771435737609863,0.017392601817846298,0.018013766035437584,0.01863493025302887,0.019256094470620155,0.01987725868821144],"_type":"histogram"},"_step":4,"gradients/graph_14classifier.bias":{"_type":"histogram","values":[1,0,0,0,0,0,0,0,0,0,0,0,0,0,0,0,0,0,0,0,0,0,0,0,0,0,0,0,0,0,0,0,0,0,0,0,0,0,0,0,0,0,0,0,0,0,0,0,0,0,0,0,0,0,0,0,0,0,0,0,0,0,0,1],"bins":[-0.002880621701478958,-0.0027906023897230625,-0.0027005828451365232,-0.002610563300549984,-0.0025205439887940884,-0.0024305246770381927,-0.0023405051324516535,-0.002250485587865114,-0.0021604662761092186,-0.002070446964353323,-0.0019804274197667837,-0.0018904079915955663,-0.0018003885634243488,-0.0017103691352531314,-0.001620349707081914,-0.0015303302789106965,-0.001440310850739479,-0.0013502914225682616,-0.0012602719943970442,-0.0011702525662258267,-0.0010802331380546093,-0.0009902137098833919,-0.0009001942817121744,-0.0008101747371256351,-0.0007201554253697395,-0.0006301361136138439,-0.0005401165690273046,-0.0004500970244407654,-0.00036007771268486977,-0.00027005840092897415,-0.00018003885634243488,-9.001931175589561e-05,0,9.001931175589561e-05,0.00018003885634243488,0.00027005840092897415,0.00036007771268486977,0.0004500970244407654,0.0005401165690273046,0.0006301361136138439,0.0007201554253697395,0.0008101747371256351,0.0009001942817121744,0.0009902137098833919,0.0010802331380546093,0.0011702525662258267,0.0012602719943970442,0.0013502914225682616,0.001440310850739479,0.0015303302789106965,0.001620349707081914,0.0017103691352531314,0.0018003885634243488,0.0018904079915955663,0.0019804274197667837,0.002070446964353323,0.0021604662761092186,0.002250485587865114,0.0023405051324516535,0.0024305246770381927,0.0025205439887940884,0.002610563300549984,0.0027005828451365232,0.0027906023897230625,0.002880621701478958]},"val_f1":0.39682539682539686,"parameters/graph_14classifier.bias":{"values":[1,0,0,0,0,0,0,0,0,0,0,0,0,0,0,0,0,0,0,0,0,0,0,0,0,0,0,0,0,0,0,0,0,0,0,0,0,0,0,0,0,0,0,0,0,0,0,0,0,0,0,0,0,0,0,0,0,0,0,0,0,0,0,1],"bins":[-0.03962554410099983,-0.03572528809309006,-0.03182503581047058,-0.027924779802560806,-0.02402452379465103,-0.020124267786741257,-0.01622401364147663,-0.012323759496212006,-0.00842350348830223,-0.004523247480392456,-0.0006229914724826813,0.003277260810136795,0.00717751681804657,0.011077772825956345,0.014978025108575821,0.018878281116485596,0.02277853712439537,0.026678789407014847,0.03057904914021492,0.034479301422834396,0.03837956115603447,0.042279813438653946,0.04618006572127342,0.050080325454473495,0.05398057773709297,0.05788083001971245,0.06178108975291252,0.0656813383102417,0.06958159804344177,0.07348185777664185,0.07738210260868073,0.0812823623418808,0.08518262207508087,0.08908287435770035,0.09298313409090042,0.0968833863735199,0.10078364610671997,0.10468389838933945,0.10858415067195892,0.112484410405159,0.11638466268777847,0.12028491497039795,0.12418517470359802,0.1280854344367981,0.13198567926883698,0.13588593900203705,0.13978618383407593,0.143686443567276,0.14758670330047607,0.15148696303367615,0.15538722276687622,0.1592874675989151,0.16318772733211517,0.16708797216415405,0.17098823189735413,0.1748884916305542,0.17878875136375427,0.18268899619579315,0.18658925592899323,0.1904895007610321,0.19438976049423218,0.19829002022743225,0.20219027996063232,0.2060905247926712,0.20999078452587128],"_type":"histogram"},"parameters/graph_14gat1.heads.0.attn_fc.weight":{"values":[1,0,0,0,0,0,0,0,0,0,0,0,0,0,0,2,0,1,2,0,0,1,0,2,0,0,1,0,0,0,0,1,3,2,1,1,2,0,1,2,2,2,0,0,0,0,1,0,0,0,0,0,1,0,0,1,0,0,1,0,0,0,0,1],"bins":[-0.7135198712348938,-0.6915716528892517,-0.6696234345436096,-0.6476752758026123,-0.6257270574569702,-0.6037788391113281,-0.581830620765686,-0.559882402420044,-0.5379341840744019,-0.5159859657287598,-0.49403777718544006,-0.47208958864212036,-0.45014137029647827,-0.4281931519508362,-0.4062449336051941,-0.3842967450618744,-0.3623485267162323,-0.3404003083705902,-0.3184521198272705,-0.2965039014816284,-0.27455568313598633,-0.2526074945926666,-0.23065927624702454,-0.20871108770370483,-0.18676286935806274,-0.16481465101242065,-0.14286643266677856,-0.12091821432113647,-0.09896999597549438,-0.07702183723449707,-0.05507361888885498,-0.03312540054321289,-0.0111771821975708,0.010771036148071289,0.03271925449371338,0.05466747283935547,0.07661563158035278,0.09856384992599487,0.12051206827163696,0.14246028661727905,0.16440850496292114,0.18635672330856323,0.20830491185188293,0.23025313019752502,0.2522013187408447,0.2741495370864868,0.2960977554321289,0.3180459439754486,0.3399941623210907,0.3619423806667328,0.3838905692100525,0.4058387875556946,0.42778700590133667,0.44973522424697876,0.47168341279029846,0.49363163113594055,0.5155798196792603,0.5375280380249023,0.5594762563705444,0.5814244747161865,0.6033726930618286,0.6253209114074707,0.647269070148468,0.6692172884941101,0.6911655068397522],"_type":"histogram"},"gradients/graph_14gat1.heads.0.attn_fc.weight":{"_type":"histogram","values":[1,0,0,0,0,0,0,0,0,0,0,0,0,0,0,1,0,0,0,1,0,1,0,0,0,1,0,0,0,2,0,0,0,0,1,0,2,0,1,1,1,3,0,2,1,0,0,1,1,0,1,3,0,0,1,1,0,0,0,1,0,0,3,1],