{"_step":4,"val_f1":0.39682539682539686,"_runtime":7.4823129,"epoch":5,"val_loss":0.6866330504417419,"parameters/graph_29gat1.heads.0.attn_fc.weight":{"_type":"histogram","values":[1,0,0,0,0,0,0,1,0,0,0,0,0,0,0,0,0,0,0,0,0,0,0,1,0,0,0,0,0,0,1,0,0,0,0,0,0,0,0,0,1,0,0,0,0,0,0,0,0,0,0,1,1,0,0,0,0,0,0,0,0,0,0,1],"bins":[-0.7370443344116211,-0.7094796299934387,-0.6819148659706116,-0.6543501615524292,-0.626785397529602,-0.5992206931114197,-0.5716559290885925,-0.5440912246704102,-0.516526460647583,-0.48896175622940063,-0.4613970220088959,-0.4338322877883911,-0.40626755356788635,-0.3787028193473816,-0.35113808512687683,-0.32357335090637207,-0.2960086166858673,-0.26844388246536255,-0.2408791482448578,-0.21331441402435303,-0.18574970960617065,-0.1581849455833435,-0.13062024116516113,-0.10305547714233398,-0.07549077272415161,-0.04792600870132446,-0.02036130428314209,0.007203459739685059,0.03476816415786743,0.06233292818069458,0.08989763259887695,0.1174623966217041,0.14502710103988647,0.17259180545806885,0.200156569480896,0.22772127389907837,0.2552860379219055,0.2828507423400879,0.31041550636291504,0.3379802107810974,0.36554497480392456,0.39310967922210693,0.4206744432449341,0.44823914766311646,0.4758039116859436,0.503368616104126,0.5309333801269531,0.5584980845451355,0.5860627889633179,0.613627552986145,0.6411923170089722,0.6687570214271545,0.6963217258453369,0.7238864898681641,0.7514512538909912,0.7790159583091736,0.806580662727356,0.8341454267501831,0.8617101311683655,0.8892748951911926,0.916839599609375,0.9444043636322021,0.9719690680503845,0.9995338320732117,1.027098536491394]},"gradients/graph_29gat1.heads.0.fc.weight":{"values":[1,1,0,0,0,0,0,0,0,0,0,0,0,0,0,0,1,0,1,0,1,0,0,1,2,2,1,2,0,0,2,1,0,0,0,0,2,0,0,1,0,1,0,0,0,0,0,0,0,0,1,0,0,0,0,0,1,1,0,0,0,0,0,1],"bins":[-0.03367121145129204,-0.032311633229255676,-0.030952053144574165,-0.029592473059892654,-0.028232894837856293,-0.026873314753174782,-0.02551373466849327,-0.02415415644645691,-0.022794578224420547,-0.021434998139739037,-0.020075418055057526,-0.018715839833021164,-0.017356259748339653,-0.01599668152630329,-0.01463710144162178,-0.013277523219585419,-0.011917943134903908,-0.010558363050222397,-0.009198784828186035,-0.007839204743504524,-0.0064796265214681625,-0.005120046436786652,-0.00376046821475029,-0.0024008899927139282,-0.001041308045387268,0.00031827017664909363,0.0016778483986854553,0.0030374303460121155,0.004397008568048477,0.005756586790084839,0.0071161650121212006,0.00847574695944786,0.009835325181484222,0.011194903403520584,0.012554485350847244,0.013914063572883606,0.015273641794919968,0.01663322001695633,0.01799280196428299,0.01935238018631935,0.020711958408355713,0.022071540355682373,0.023431118577718735,0.024790696799755096,0.026150276884436607,0.02750985510647297,0.02886943519115448,0.03022901341319084,0.0315885916352272,0.032948173582553864,0.034307751804590225,0.03566733002662659,0.03702691197395325,0.03838649019598961,0.03974606841802597,0.04110565036535263,0.04246522858738899,0.043824806809425354,0.045184385031461716,0.046543966978788376,0.04790354520082474,0.0492631234228611,0.05062270164489746,0.05198228359222412,0.05334186181426048],"_type":"histogram"},"val_accuracy":0.5555555555555556,"train_accuracy":0.568,"train_f1":0.41151020408163264,"_wandb":{"runtime":7},"_timestamp":1.731688409317604e+09,"parameters/graph_29gat1.heads.0.fc.weight":{"_type":"histogram","values":[1,0,0,0,0,0,0,0,0,0,0,2,0,1,0,0,1,1,2,2,0,1,0,0,1,1,0,2,1,0,0,1,0,0,2,1,0,1,0,0,0,0,0,0,0,0,0,0,0,0,0,0,1,0,0,0,0,0,0,0,0,0,0,2],"bins":[-0.5409377813339233,-0.5159858465194702,-0.4910339117050171,-0.46608197689056396,-0.44113001227378845,-0.4161780774593353,-0.3912261426448822,-0.3662741780281067,-0.34132224321365356,-0.31637030839920044,-0.2914183735847473,-0.2664664387702942,-0.24151450395584106,-0.21656256914138794,-0.19161060452461243,-0.1666586697101593,-0.14170673489570618,-0.11675480008125305,-0.09180286526679993,-0.06685090065002441,-0.04189896583557129,-0.016947031021118164,0.008004903793334961,0.032956838607788086,0.05790877342224121,0.08286070823669434,0.10781264305114746,0.13276463747024536,0.1577165722846985,0.1826685070991516,0.20762044191360474,0.23257237672805786,0.257524311542511,0.2824762463569641,0.30742818117141724,0.33238011598587036,0.3573320508003235,0.3822839856147766,0.4072359800338745,0.43218791484832764,0.45713984966278076,0.4820917844772339,0.507043719291687,0.5319956541061401,0.5569475889205933,0.5818995237350464,0.6068514585494995,0.6318033933639526,0.6567553281784058,0.6817072629928589,0.706659197807312,0.7316111922264099,0.756563127040863,0.7815150618553162,0.8064669966697693,0.8314189314842224,0.8563708662986755,0.8813228011131287,0.9062747955322266,0.9312267303466797,0.9561786651611328,0.9811305999755859,1.006082534790039,1.0310344696044922,1.0559864044189453]},"parameters/graph_29classifier.bias":{"bins":[-0.015650412067770958,-0.013878580182790756,-0.01210674736648798,-0.010334915481507778,-0.008563082665205002,-0.0067912507802248,-0.005019418895244598,-0.003247586078941822,-0.0014757541939616203,0.000296078622341156,0.0020679105073213577,0.0038397423923015594,0.005611574277281761,0.007383406162261963,0.009155239909887314,0.010927071794867516,0.012698903679847717,0.014470735564827919,0.01624256931245327,0.018014399334788322,0.019786233082413673,0.021558063104748726,0.023329896852374077,0.025101730599999428,0.02687356062233448,0.02864539436995983,0.030417224392294884,0.032189056277275085,0.033960893750190735,0.03573272377252579,0.03750455379486084,0.03927638381719589,0.04104821756482124,0.042820051312446594,0.04459188133478165,0.046363715082407,0.04813554510474205,0.0499073788523674,0.05167921259999275,0.053451042622327805,0.055222876369953156,0.05699470639228821,0.05876654013991356,0.06053837388753891,0.06231020390987396,0.06408204138278961,0.06585386395454407,0.06762570142745972,0.06939753144979477,0.07116936147212982,0.07294119894504547,0.07471302896738052,0.07648485898971558,0.07825669646263123,0.08002852648496628,0.08180035650730133,0.08357219398021698,0.08534402400255203,0.08711585402488708,0.08888769149780273,0.09065952152013779,0.09243135154247284,0.09420318156480789,0.09597501903772354,0.0977468490600586],"_type":"histogram","values":[1,0,0,0,0,0,0,0,0,0,0,0,0,0,0,0,0,0,0,0,0,0,0,0,0,0,0,0,0,0,0,0,0,0,0,0,0,0,0,0,0,0,0,0,0,0,0,0,0,0,0,0,0,0,0,0,0,0,0,0,0,0,0,1]},"parameters/graph_29classifier.weight":{"values":[1,0,0,0,0,0,0,0,0,0,0,0,0,1,0,0,0,0,0,0,0,0,0,0,0,0,0,0,0,0,0,0,0,0,0,0,0,1,0,0,1,0,0,1,0,0,0,0,0,0,0,0,0,1,1,0,0,0,0,0,0,0,0,1],"bins":[-0.38662391901016235,-0.37305328249931335,-0.35948261618614197,-0.34591197967529297,-0.3323413133621216,-0.3187706768512726,-0.3052000403404236,-0.2916293740272522,-0.2780587077140808,-0.2644880712032318,-0.2509174346923828,-0.23734676837921143,-0.22377613186836243,-0.21020548045635223,-0.19663482904434204,-0.18306417763233185,-0.16949352622032166,-0.15592287480831146,-0.14235222339630127,-0.12878158688545227,-0.11521092057228088,-0.10164028406143188,-0.0880696177482605,-0.0744989812374115,-0.0609283447265625,-0.04735767841339111,-0.033787041902542114,-0.020216375589370728,-0.0066457390785217285,0.006924927234649658,0.020495563745498657,0.034066230058670044,0.04763686656951904,0.06120750308036804,0.07477816939353943,0.08834880590438843,0.10191947221755981,0.11549010872840881,0.1290607750415802,0.1426314115524292,0.15620207786560059,0.16977271437644958,0.18334335088729858,0.19691401720046997,0.21048465371131897,0.22405532002449036,0.23762595653533936,0.25119662284851074,0.26476725935935974,0.27833789587020874,0.2919085621833801,0.3054792284965515,0.3190498650074005,0.3326205015182495,0.3461911678314209,0.3597618043422699,0.3733324408531189,0.3869031071662903,0.40047377347946167,0.41404440999031067,0.42761504650115967,0.44118571281433105,0.45475634932518005,0.46832701563835144,0.48189765214920044],"_type":"histogram"},"train_loss":0.692791298031807,"gradients/graph_29classifier.bias":{"_type":"histogram",