{"gradients/graph_13gat1.heads.1.attn_fc.weight":{"bins":[-0.06651921570301056,-0.06437057256698608,-0.06222192943096161,-0.060073282569646835,-0.05792463943362236,-0.055775996297597885,-0.05362734943628311,-0.051478706300258636,-0.04933006316423416,-0.047181420028209686,-0.04503277689218521,-0.04288413003087044,-0.04073548689484596,-0.03858684375882149,-0.036438196897506714,-0.03428955376148224,-0.032140910625457764,-0.02999226748943329,-0.027843624353408813,-0.02569497749209404,-0.023546334356069565,-0.02139769122004509,-0.019249044358730316,-0.01710040122270584,-0.014951758086681366,-0.012803114950656891,-0.010654471814632416,-0.008505824953317642,-0.006357181817293167,-0.004208538681268692,-0.0020598918199539185,8.875131607055664e-05,0.0022373944520950317,0.004386037588119507,0.006534680724143982,0.008683327585458755,0.01083197072148323,0.012980613857507706,0.01512926071882248,0.017277903854846954,0.01942654699087143,0.021575190126895905,0.02372383326292038,0.025872480124235153,0.02802112326025963,0.030169766396284103,0.03231841325759888,0.03446705639362335,0.03661569952964783,0.0387643426656723,0.04091298580169678,0.04306163266301155,0.045210275799036026,0.0473589189350605,0.049507565796375275,0.05165620893239975,0.053804852068424225,0.0559534952044487,0.058102138340473175,0.06025078520178795,0.062399428337812424,0.0645480751991272,0.06669671833515167,0.06884536147117615,0.07099400460720062],"_type":"histogram","values":[1,0,0,0,0,0,1,0,1,0,0,1,1,0,0,0,1,1,0,0,0,0,0,0,0,1,0,0,0,0,7,8,1,1,0,0,0,0,1,0,1,1,0,0,1,1,0,0,0,0,0,0,0,0,0,0,0,0,1,0,0,0,0,1]},"gradients/graph_13gat1.heads.0.fc.weight":{"_type":"histogram","values":[1,0,0,0,1,0,0,0,0,1,0,0,0,0,0,0,1,0,1,1,0,0,0,2,2,0,0,1,0,2,1,1,1,2,3,6,7,10,9,6,5,5,3,2,0,2,3,2,3,1,2,2,1,1,0,0,2,1,0,0,0,1,0,1],"bins":[-0.023778460919857025,-0.023163840174674988,-0.0225492212921381,-0.021934600546956062,-0.021319979801774025,-0.020705360919237137,-0.0200907401740551,-0.019476119428873062,-0.018861500546336174,-0.018246879801154137,-0.01763226091861725,-0.01701764017343521,-0.016403019428253174,-0.015788398683071136,-0.015173779800534248,-0.014559159055352211,-0.013944539241492748,-0.013329919427633286,-0.012715298682451248,-0.012100678868591785,-0.011486059054732323,-0.010871438309550285,-0.010256818495690823,-0.00964219868183136,-0.009027577936649323,-0.00841295812278986,-0.007798338308930397,-0.00718371756374836,-0.0065690986812114716,-0.005954477936029434,-0.005339857190847397,-0.004725238308310509,-0.004110617563128471,-0.003495996817946434,-0.002881377935409546,-0.0022667571902275085,-0.0016521364450454712,-0.001037517562508583,-0.0004228968173265457,0.00019172299653291702,0.0008063428103923798,0.0014209635555744171,0.00203558336943388,0.0026502031832933426,0.00326482392847538,0.0038794437423348427,0.004494063556194305,0.005108684301376343,0.0057233041152358055,0.006337923929095268,0.006952544674277306,0.007567164488136768,0.008181784301996231,0.008796405047178268,0.009411024861037731,0.010025644674897194,0.010640265420079231,0.011254885233938694,0.011869505047798157,0.012484125792980194,0.013098745606839657,0.01371336542069912,0.014327985234558582,0.01494260597974062,0.015557225793600082]},"parameters/graph_13gat1.heads.0.fc.weight":{"_type":"histogram","values":[1,0,0,0,1,0,2,1,3,0,0,1,1,1,2,3,2,1,2,4,1,2,3,3,0,0,3,4,4,5,1,3,2,5,3,1,1,3,3,3,2,2,1,2,0,2,1,1,3,0,2,0,0,0,2,0,1,0,1,0,0,0,0,1],"bins":[-1.0400023460388184,-1.003879189491272,-0.967755913734436,-0.9316327571868896,-0.8955095410346985,-0.8593863248825073,-0.8232631683349609,-0.7871399521827698,-0.7510167360305786,-0.7148935198783875,-0.6787703037261963,-0.6426471471786499,-0.6065239310264587,-0.5704007148742676,-0.5342775583267212,-0.49815434217453003,-0.46203112602233887,-0.4259079098701477,-0.38978469371795654,-0.35366153717041016,-0.317538321018219,-0.28141510486602783,-0.24529194831848145,-0.20916873216629028,-0.17304551601409912,-0.13692229986190796,-0.1007990837097168,-0.06467592716217041,-0.028552770614624023,0.007570505142211914,0.0436936616897583,0.07981693744659424,0.11594009399414062,0.152063250541687,0.18818652629852295,0.22430968284606934,0.2604329586029053,0.29655611515045166,0.33267927169799805,0.3688024878501892,0.40492570400238037,0.44104892015457153,0.4771721363067627,0.5132952928543091,0.5494185090065002,0.5855417251586914,0.6216648817062378,0.657788097858429,0.6939113140106201,0.7300345301628113,0.7661577463150024,0.8022809028625488,0.83840411901474,0.8745273351669312,0.9106504917144775,0.9467737078666687,0.9828969240188599,1.0190200805664062,1.0551433563232422,1.0912665128707886,1.127389669418335,1.163512945175171,1.1996361017227173,1.2357593774795532,1.2718825340270996]},"gradients/graph_13gat1.heads.0.attn_fc.weight":{"bins":[-0.03488471731543541,-0.033963892608881,-0.033043067902326584,-0.03212224319577217,-0.031201418489217758,-0.030280593782663345,-0.029359769076108932,-0.02843894436955452,-0.027518119663000107,-0.026597294956445694,-0.02567647024989128,-0.02475564554333687,-0.023834818974137306,-0.022913994267582893,-0.02199316956102848,-0.021072344854474068,-0.020151520147919655,-0.019230695441365242,-0.01830987073481083,-0.017389046028256416,-0.016468221321702003,-0.01554739661514759,-0.014626571908593178,-0.013705747202038765,-0.012784920632839203,-0.01186409592628479,-0.010943271219730377,-0.010022446513175964,-0.009101621806621552,-0.008180797100067139,-0.007259972393512726,-0.006339147686958313,-0.0054183229804039,-0.004497498273849487,-0.0035766735672950745,-0.0026558488607406616,-0.0017350241541862488,-0.0008141994476318359,0.0001066252589225769,0.0010274499654769897,0.0019482746720314026,0.0028691012412309647,0.0037899259477853775,0.00471075065433979,0.005631575360894203,0.006552400067448616,0.007473224774003029,0.008394049480557442,0.009314874187111855,0.010235698893666267,0.01115652360022068,0.012077348306775093,0.012998173013329506,0.013918998651206493,0.014839823357760906,0.015760648995637894,0.016681473702192307,0.01760229840874672,0.018523123115301132,0.019443947821855545,0.020364772528409958,0.02128559723496437,0.022206421941518784,0.023127246648073196,0.02404807135462761],"_type":"histogram","values":[1,0,0,0,0,0,1,0,0,0,0,0,0,1,0,0,0,1,1,0,0,0,0,0,1,0,0,0,0,0,0,0,0,0,0,2,3,2,3,5,1,0,1,1,1,0,0,0,0,0,1,0,0,1,0,0,2,0,0,0,0,1,1,1]},"val_accuracy":0.5555555555555556,"gradients/graph_13classifier.bias":{"values":[1,0,0,0,0,0,0,0,0,0,0,0,0,0,0,0,0,0,0,0,0,0,0,0,0,0,0,0,0,0,0,0,0,0,0,0,0,0,0,0,0,0,0,0,0,0,0,0,0,0,0,0,0,0,0,0,0,0,0,0,0,0,0,1],"bins":[-0.13881713151931763,-0.1344790905714035,-0.13014106452465057,-0.12580302357673645,-0.12146499007940292,-0.1171269565820694,-0.11278891563415527,-0.10845088213682175,-0.10411284863948822,-0.0997748151421547,-0.09543678164482117,-0.09109874069690704,-0.08676070719957352,-0.08242267370223999,-0.07808463275432587,-0.07374659925699234,-0.06940856575965881,-0.06507053226232529,-0.06073249876499176,-0.05639445781707764,-0.05205642431974411,-0.047718390822410583,-0.04338034987449646,-0.03904231637716293,-0.03470428287982941,-0.03036624938249588,-0.026028215885162354,-0.02169017493724823,-0.017352141439914703,-0.013014107942581177,-0.008676066994667053,-0.0043380409479141235,0,0.0043380409479141235,0.008676066994667053,0.013014107942581177,0.017352141439914703,0.02169017493724823,0.026028215885162354,0.03036624938249588,0.03470428287982941,0.03904231637716293,0.04338034987449646,0.047718390822410583,0.05205642431974411,0.05639445781707764,0.06073249876499176,0.06507053226232529,0.06940856575965881,0.07374659925699234,0.07808463275432587,0.08242267370223999,0.08676070719957352,0.09109874069690704,0.09543678164482117,0.0997748151421547,0.10411284863948822,0.10845088213682175,0.11278891563415527,0.1171269565820694,0.12146499007940292,0.12580302357673645,0.13014106452465057,0.1344790905714035,0.13881713151931763],"_type":"histogram"},