{"_step":4,"epoch":5,"_timestamp":1.7316947091001596e+09,"parameters/graph_18gat1.heads.0.fc.weight":{"_type":"histogram","values":[1,0,0,0,0,0,0,0,0,0,0,0,0,0,0,0,0,0,0,0,1,1,0,0,0,0,2,1,0,1,1,1,1,1,5,1,3,1,5,5,4,0,3,2,2,3,3,1,6,3,1,2,2,1,0,2,0,2,1,1,0,0,0,2],"bins":[-1.908203125,-1.8639092445373535,-1.819615364074707,-1.77532160282135,-1.7310277223587036,-1.6867338418960571,-1.6424399614334106,-1.5981462001800537,-1.5538523197174072,-1.5095584392547607,-1.4652645587921143,-1.4209706783294678,-1.3766767978668213,-1.3323830366134644,-1.2880891561508179,-1.243795394897461,-1.1995015144348145,-1.155207633972168,-1.1109137535095215,-1.066619873046875,-1.0223259925842285,-0.9780321717262268,-0.9337383508682251,-0.8894444704055786,-0.8451505899429321,-0.8008567094802856,-0.7565629482269287,-0.7122690677642822,-0.6679751873016357,-0.6236813068389893,-0.5793875455856323,-0.5350936651229858,-0.4907997250556946,-0.4465058445930481,-0.4022119641304016,-0.3579182028770447,-0.3136243224143982,-0.2693304419517517,-0.22503656148910522,-0.1807428002357483,-0.1364489197731018,-0.09215503931045532,-0.04786115884780884,-0.003567337989807129,0.040726542472839355,0.08502036333084106,0.12931424379348755,0.17360806465148926,0.21790194511413574,0.2621958255767822,0.30648964643478394,0.3507835268974304,0.39507734775543213,0.4393712282180786,0.4836650788784027,0.5279589295387268,0.5722527503967285,0.616546630859375,0.6608405113220215,0.7051343321800232,0.7494282126426697,0.7937220335006714,0.8380159139633179,0.8823097348213196,0.9266036152839661]},"train_f1":0.6987894091335402,"parameters/graph_18classifier.bias":{"bins":[-0.2517376244068146,-0.24784329533576965,-0.24394896626472473,-0.2400546371936798,-0.2361603081226349,-0.23226597905158997,-0.22837164998054504,-0.22447732090950012,-0.2205829918384552,-0.21668866276741028,-0.21279433369636536,-0.20890001952648163,-0.2050056904554367,-0.20111136138439178,-0.19721703231334686,-0.19332270324230194,-0.18942837417125702,-0.1855340451002121,-0.18163971602916718,-0.17774538695812225,-0.17385105788707733,-0.1699567437171936,-0.16606241464614868,-0.16216808557510376,-0.15827375650405884,-0.15437942743301392,-0.150485098361969,-0.14659076929092407,-0.14269644021987915,-0.13880211114883423,-0.1349077820777893,-0.13101345300674438,-0.12711912393569946,-0.12322479486465454,-0.11933046579360962,-0.1154361367225647,-0.11154180765151978,-0.10764748603105545,-0.10375315696001053,-0.0998588278889656,-0.09596449881792068,-0.09207016974687576,-0.08817584067583084,-0.08428151160478592,-0.0803871899843216,-0.07649286091327667,-0.07259853184223175,-0.06870420277118683,-0.0648098737001419,-0.060915540903806686,-0.057021211832761765,-0.05312688648700714,-0.04923255741596222,-0.0453382283449173,-0.041443902999162674,-0.03754957392811775,-0.03365524485707283,-0.029760917648673058,-0.025866590440273285,-0.021972263231873512,-0.01807793416082859,-0.014183605089783669,-0.010289277881383896,-0.006394949276000261,-0.002500621136277914],"_type":"histogram","values":[1,0,0,0,0,0,0,0,0,0,0,0,0,0,0,0,0,0,0,0,0,0,0,0,0,0,0,0,0,0,0,0,0,0,0,0,0,0,0,0,0,0,0,0,0,0,0,0,0,0,0,0,0,0,0,0,0,0,0,0,0,0,0,1]},"val_loss":0.6212035417556763,"parameters/graph_18classifier.weight":{"bins":[-0.3497891426086426,-0.33935222029685974,-0.3289152979850769,-0.31847837567329407,-0.30804145336151123,-0.297604501247406,-0.28716757893562317,-0.27673065662384033,-0.2662937343120575,-0.25585681200027466,-0.24541988968849182,-0.2349829524755478,-0.22454603016376495,-0.21410910785198212,-0.20367217063903809,-0.19323524832725525,-0.1827983260154724,-0.17236140370368958,-0.16192448139190674,-0.1514875441789627,-0.14105062186717987,-0.13061369955539703,-0.120176762342453,-0.10973984003067017,-0.09930291771888733,-0.08886599540710449,-0.07842907309532166,-0.06799215078353882,-0.057555198669433594,-0.04711827635765076,-0.03668135404586792,-0.026244431734085083,-0.015807509422302246,-0.005370587110519409,0.005066335201263428,0.015503257513046265,0.0259401798248291,0.036377131938934326,0.04681405425071716,0.0572509765625,0.06768789887428284,0.07812482118606567,0.08856174349784851,0.09899868071079254,0.10943560302257538,0.11987252533435822,0.13030946254730225,0.14074638485908508,0.15118330717086792,0.16162022948265076,0.1720571517944336,0.18249408900737762,0.19293101131916046,0.2033679336309433,0.21380487084388733,0.22424179315567017,0.234678715467453,0.24511563777923584,0.2555525600910187,0.2659894824028015,0.27642643451690674,0.2868633568286896,0.2973002791404724,0.30773720145225525,0.3181741237640381],"_type":"histogram","values":[1,0,0,0,0,0,0,1,0,0,0,2,0,2,1,0,1,1,1,0,1,0,1,0,0,0,0,1,0,0,1,0,1,0,0,2,1,0,0,1,0,0,0,0,0,1,0,0,0,0,0,1,0,0,0,0,0,0,0,0,1,1,0,1]},"gradients/graph_18gat1.heads.0.fc.weight":{"values":[1,3,0,0,0,4,1,0,0,2,0,0,0,2,0,6,4,0,1,1,2,2,1,1,1,1,2,3,2,2,3,4,4,2,3,1,2,0,1,1,0,0,0,0,0,0,0,1,0,1,2,1,0,0,0,1,1,0,0,0,0,1,0,1],"bins":[-0.060808274894952774,-0.05824357643723488,-0.05567888170480728,-0.053114183247089386,-0.05054948851466179,-0.04798479005694389,-0.045420095324516296,-0.0428553968667984,-0.040290698409080505,-0.03772600367665291,-0.03516130894422531,-0.032596610486507416,-0.03003191202878952,-0.027467217296361923,-0.024902518838644028,-0.02233782410621643,-0.019773125648498535,-0.01720842719078064,-0.014643732458353043,-0.012079034000635147,-0.00951433926820755,-0.0069496408104896545,-0.0043849460780620575,-0.001820247620344162,0.0007444508373737335,0.003309149295091629,0.005873840302228928,0.008438538759946823,0.011003237217664719,0.013567935675382614,0.016132626682519913,0.018697325140237808,0.021262019872665405,0.0238267183303833,0.026391416788101196,0.028956107795238495,0.03152080625295639,0.034085504710674286,0.03665020316839218,0.03921489417552948,0.041779592633247375,0.04434429109096527,0.046908989548683167,0.049473684281110764,0.05203838273882866,0.054603077471256256,0.05716777592897415,0.05973247066140175,0.062297169119119644,0.06486186385154724,0.06742656230926514,0.06999126076698303,0.07255595922470093,0.07512065768241882,0.07768534868955612,0.08025004714727402,0.08281474560499191,0.08537943661212921,0.0879441350698471,0.090508833527565,0.0930735319852829,0.0956382304430008,0.09820292145013809,0.10076761990785599,0.10333231836557388],"_type":"histogram"},"gradients/graph_18classifier.weight":{"bins":[-0.07851161807775497,-0.07605812698602676,-0.07360464334487915,-0.07115115225315094,-0.06869766861200333,-0.06624417752027512,-0.0637906938791275,-0.06133720278739929,-0.05888371542096138,-0.05643022805452347,-0.053976740688085556,-0.051523253321647644,-0.049069762229919434,-0.04661627486348152,-0.04416278749704361,-0.0417093001306057,-0.039255812764167786,-0.036802325397729874,-0.03434883803129196,-0.03189535066485405,-0.029441863298416138,-0.026988372206687927,-0.024534884840250015,-0.022081397473812103,-0.01962791010737419,-0.01717442274093628,-0.014720931649208069,-0.012267448008060455,-0.009813956916332245,-0.007360473275184631,-0.004906982183456421,-0.0024534985423088074,-1.4901161193847656e-08,0.0024534761905670166,0.00490695983171463,0.007360450923442841,0.009813934564590454,0.012267425656318665,0.014720909297466278,0.01717440038919449,0.0196278877556324,0.022081375122070312,0.024534862488508224,0.026988349854946136,0.029441840946674347,0.03189532831311226,0.03434881567955017,0.03680230304598808,0.039255790412425995,0.04170927777886391,0.04416276514530182,0.04661625251173973,0.04906973987817764,0.05152323096990585,0.053976718336343765,0.05643020570278168,0.05888369306921959,0.0613371804356575,0.06379067152738571,0.06624415516853333,0.06869764626026154,0.07115112990140915,0.07360462099313736,0.07605810463428497,0.07851159572601318],"_type":"histogram","values":[1,0,1,0,0,0,0,0,0,0,1,0,1,0,0,0,0,0,0,0,0,1,0,1,0,0,1,0,1,1,3,0,0,3,1,1,0,1,0,0,1,0,1,0,0,0,0,0,0,0,0,1,0,1,0,0,0,0,0,0,0,1,0,1]},"train_accuracy":0.72,"_wandb":{"runtime":8},"train_loss":0.6020643338561058,"val_accuracy":0.7407407407407407,