{"gradients/graph_48classifier.weight":{"_type":"histogram","values":[2,0,0,0,0,0,0,1,0,0,0,0,0,0,0,0,0,0,0,0,0,0,0,0,1,0,0,0,1,1,1,1,1,1,1,1,0,0,0,1,0,0,0,0,0,0,0,0,0,0,0,0,0,0,0,0,1,0,0,0,0,0,0,2],"bins":[-0.05334906280040741,-0.05168190598487854,-0.05001474544405937,-0.0483475886285305,-0.046680428087711334,-0.045013271272182465,-0.043346114456653595,-0.04167895391583443,-0.04001179710030556,-0.03834463655948639,-0.03667747974395752,-0.03501032292842865,-0.03334316238760948,-0.031676001846790314,-0.030008846893906593,-0.028341688215732574,-0.026674529537558556,-0.025007370859384537,-0.023340212181210518,-0.0216730535030365,-0.02000589668750763,-0.01833873614668846,-0.01667157933115959,-0.015004422515630722,-0.013337261974811554,-0.011670105159282684,-0.010002944618463516,-0.008335787802934647,-0.006668630987405777,-0.005001470446586609,-0.0033343136310577393,-0.0016671530902385712,3.725290298461914e-09,0.001667160540819168,0.003334321081638336,0.005001477897167206,0.006668638437986374,0.008335795253515244,0.010002952069044113,0.011670112609863281,0.013337269425392151,0.015004429966211319,0.01667158678174019,0.018338743597269058,0.020005904138088226,0.021673060953617096,0.023340219631791115,0.025007378309965134,0.026674536988139153,0.02834169566631317,0.03000885434448719,0.03167600929737091,0.03334316983819008,0.03501033037900925,0.036677487194538116,0.038344644010066986,0.040011804550886154,0.041678961366415024,0.04334612190723419,0.04501327872276306,0.04668043553829193,0.0483475960791111,0.05001475289463997,0.05168191343545914,0.05334907025098801]},"gradients/graph_48gat1.heads.1.attn_fc.weight":{"values":[1,0,0,0,0,0,0,0,0,0,0,0,0,0,0,0,0,0,1,0,0,0,0,0,0,0,0,0,0,0,0,0,0,0,0,0,1,1,1,1,0,0,0,0,0,0,0,0,1,0,0,0,0,0,0,0,0,0,0,0,0,0,0,1],"bins":[-0.0576288215816021,-0.056097857654094696,-0.054566890001297,-0.0530359260737896,-0.0515049584209919,-0.0499739944934845,-0.0484430268406868,-0.0469120629131794,-0.045381098985672,-0.0438501313328743,-0.0423191636800766,-0.0407881997525692,-0.0392572358250618,-0.0377262681722641,-0.0361953042447567,-0.0346643403172493,-0.0331333726644516,-0.0316024050116539,-0.0300714410841465,-0.02854047529399395,-0.0270095095038414,-0.025478545576334,-0.0239475779235363,-0.0224166139960289,-0.0208856500685215,-0.0193546824157238,-0.0178237184882164,-0.0162927508354187,-0.0147617869079113,-0.013230819255113602,-0.011699855327606201,-0.010168887674808502,-0.008637923747301102,-0.007106959819793701,-0.005575992166996002,-0.004045028239488602,-0.0025140605866909027,-0.0009830966591835022,0.0005478709936141968,0.0020788349211215973,0.0036098025739192963,0.005140766501426697,0.006671730428934097,0.008202698081731796,0.009733662009239197,0.011264627799391747,0.012795593589544296,0.014326559379696846,0.015857525169849396,0.017388490960001945,0.018919456750154495,0.020450422540307045,0.021981388330459595,0.023512352257966995,0.025043318048119545,0.026574283838272095,0.028105249628424644,0.029636215418577194,0.031167181208729744,0.032698146998882294,0.034229110926389694,0.03576007857918739,0.037291042506694794,0.03882201015949249,0.04035297408699989],"_type":"histogram"},"parameters/graph_48gat1.heads.1.fc.weight":{"_type":"histogram","values":[1,0,0,0,0,0,0,0,1,1,0,0,1,1,0,1,0,2,0,0,0,2,1,0,0,1,1,1,0,1,1,0,2,1,0,0,2,0,1,0,1,0,0,0,0,0,0,0,0,0,0,0,0,0,0,0,0,0,0,0,0,0,0,1],"bins":[-1.155945062637329,-1.1161653995513916,-1.076385736465454,-1.0366061925888062,-0.9968265295028687,-0.9570468664169312,-0.9172672033309937,-0.8774875402450562,-0.8377079367637634,-0.7979283332824707,-0.7581486701965332,-0.7183690071105957,-0.6785893440246582,-0.6388097405433655,-0.599030077457428,-0.5592504739761353,-0.5194708108901978,-0.47969114780426025,-0.43991154432296753,-0.40013188123703003,-0.3603522777557373,-0.3205726146697998,-0.2807929515838623,-0.24101334810256958,-0.20123368501663208,-0.16145402193069458,-0.12167441844940186,-0.08189475536346436,-0.042115092277526855,-0.0023354291915893555,0.037444114685058594,0.0772237777709961,0.1170034408569336,0.1567831039428711,0.1965627670288086,0.23634231090545654,0.27612197399139404,0.31590163707733154,0.35568130016326904,0.39546090364456177,0.43524056673049927,0.47502022981643677,0.5147998332977295,0.554579496383667,0.5943591594696045,0.6341387629508972,0.6739184260368347,0.7136980295181274,0.7534776926040649,0.7932573556900024,0.8330369591712952,0.8728166222572327,0.9125962257385254,0.9523758888244629,0.9921555519104004,1.031935214996338,1.0717148780822754,1.1114944219589233,1.1512740850448608,1.1910537481307983,1.2308334112167358,1.2706130743026733,1.3103926181793213,1.3501722812652588,1.3899519443511963]},"val_accuracy":0.5555555555555556,"train_accuracy":0.504,"gradients/graph_48classifier.bias":{"bins":[-0.07548742741346359,-0.07312844693660736,-0.07076946645975113,-0.0684104785323143,-0.06605149805545807,-0.06369251757860184,-0.061333537101745605,-0.058974556624889374,-0.056615572422742844,-0.054256588220596313,-0.05189760774374008,-0.04953862726688385,-0.04717964679002762,-0.04482066258788109,-0.04246168211102486,-0.040102697908878326,-0.037743717432022095,-0.03538473695516586,-0.03302575275301933,-0.0306667722761631,-0.02830778807401657,-0.02594880759716034,-0.023589827120304108,-0.021230842918157578,-0.018871862441301346,-0.016512881964445114,-0.014153897762298584,-0.011794917285442352,-0.00943593680858612,-0.007076956331729889,-0.00471796840429306,-0.0023589879274368286,-7.450580596923828e-09,0.0023589730262756348,0.0047179535031318665,0.007076941430568695,0.009435921907424927,0.011794902384281158,0.01415388286113739,0.01651286706328392,0.018871847540140152,0.021230828016996384,0.023589812219142914,0.025948792695999146,0.028307773172855377,0.030666757375001907,0.03302573785185814,0.03538472205400467,0.0377437025308609,0.04010268300771713,0.04246166720986366,0.044820647686719894,0.047179631888866425,0.049538612365722656,0.05189759284257889,0.05425657331943512,0.05661555752158165,0.05897454172372818,0.06133352220058441,0.06369250267744064,0.06605148315429688,0.0684104636311531,0.07076945155858994,0.07312843203544617,0.0754874125123024],"_type":"histogram","values":[1,0,0,0,0,0,0,0,0,0,0,0,0,0,0,0,0,0,0,0,0,0,0,0,0,0,0,0,0,0,0,0,0,0,0,0,0,0,0,0,0,0,0,0,0,0,0,0,0,0,0,0,0,0,0,0,0,0,0,0,0,0,0,1]},"_timestamp":1.7316888761231732e+09,"parameters/graph_48gat1.heads.0.attn_fc.weight":{"_type":"histogram","values":[1,0,0,0,0,0,0,0,0,0,0,0,0,0,0,0,0,0,0,0,0,0,0,0,0,0,0,0,0,0,0,0,0,1,0,1,0,0,0,0,0,0,0,0,1,0,0,0,0,0,0,0,0,0,1,0,0,1,0,0,1,0,0,1],"bins":[-1.498737096786499,-1.4615609645843506,-1.4243849515914917,-1.3872089385986328,-1.3500328063964844,-1.312856674194336,-1.275680661201477,-1.2385046482086182,-1.2013285160064697,-1.1641523838043213,-1.1269763708114624,-1.0898003578186035,-1.052624225616455,-1.0154480934143066,-0.9782720804214478,-0.9410960078239441,-0.9039199352264404,-0.8667438626289368,-0.8295677900314331,-0.7923917174339294,-0.7552156448364258,-0.7180395722389221,-0.6808634996414185,-0.6436874270439148,-0.6065113544464111,-0.5693352818489075,-0.5321592092514038,-0.4949831962585449,-0.4578070640563965,-0.42063093185424805,-0.38345491886138916,-0.3462789058685303,-0.3091028332710266,-0.2719267010688782,-0.2347506880760193,-0.1975746750831604,-0.16039854288101196,-0.12322241067886353,-0.08604639768600464,-0.04887032508850098,-0.011694252490997314,0.025481820106506348,0.06265789270401001,0.09983396530151367,0.13701003789901733,0.174186110496521,0.21136218309402466,0.24853825569152832,0.285714328289032,0.32289040088653564,0.3600664734840393,0.39724254608154297,0.43441861867904663,0.4715946912765503,0.508770763874054,0.5459468364715576,0.5831229090690613,0.6202989816665649,0.6574750542640686,0.6946511268615723,0.7318271994590759,0.7690032720565796,0.8061793446540833,0.8433554172515869,0.8805314898490906]},"parameters/graph_48classifier.weight":{"values":[2,0,1,0,1,0,0,0,0,0,0,0,2,0,0,0,0,0,0,0,0,0,0,1,0,2,0,0,0,0,0,0,0,0,0,0,0,0,0,0,0,0,0,0,0,0,0,2,0,1,0,0,0,1,1,0,0,0,0,0,0,1,0,1],