{"gradients/graph_16gat1.heads.0.fc.weight":{"bins":[-0.09210706502199173,-0.09009560942649841,-0.0880841463804245,-0.08607268333435059,-0.08406122773885727,-0.08204977214336395,-0.08003830909729004,-0.07802684605121613,-0.07601539045572281,-0.07400393486022949,-0.07199247181415558,-0.06998100876808167,-0.06796955317258835,-0.06595809757709503,-0.06394663453102112,-0.0619351752102375,-0.05992371588945389,-0.05791225656867027,-0.05590079724788666,-0.05388933792710304,-0.05187787860631943,-0.04986641928553581,-0.0478549599647522,-0.04584350064396858,-0.04383204132318497,-0.04182058200240135,-0.03980912268161774,-0.03779766336083412,-0.03578620404005051,-0.03377474471926689,-0.031763285398483276,-0.02975182607769966,-0.027740374207496643,-0.025728914886713028,-0.023717455565929413,-0.021705996245145798,-0.019694536924362183,-0.017683077603578568,-0.015671618282794952,-0.013660158962011337,-0.011648699641227722,-0.009637240320444107,-0.007625780999660492,-0.005614321678876877,-0.0036028623580932617,-0.0015914030373096466,0.0004200562834739685,0.0024315156042575836,0.004442974925041199,0.006454434245824814,0.008465893566608429,0.010477352887392044,0.01248881220817566,0.014500271528959274,0.01651173084974289,0.018523190170526505,0.02053464949131012,0.022546108812093735,0.02455756813287735,0.026569027453660965,0.02858048677444458,0.030591946095228195,0.03260340541601181,0.034614864736795425,0.03662632405757904],"_type":"histogram","values":[1,0,0,1,0,0,0,0,0,0,0,0,0,0,0,0,0,0,0,1,0,0,3,1,0,1,2,1,1,0,0,1,0,0,1,1,1,2,1,2,6,5,3,2,5,3,3,0,3,3,1,1,1,2,2,1,0,1,3,1,3,0,0,2]},"_wandb":{"runtime":3},"val_loss":0.833920419216156,"epoch":3,"parameters/graph_16classifier.bias":{"bins":[-0.3497063219547272,-0.3435305655002594,-0.33735477924346924,-0.33117902278900146,-0.3250032365322113,-0.31882748007774353,-0.31265172362327576,-0.3064759373664856,-0.3003001809120178,-0.29412442445755005,-0.2879486382007599,-0.2817728817462921,-0.27559709548950195,-0.2694213390350342,-0.2632455825805664,-0.25706979632377625,-0.25089403986930847,-0.2447182536125183,-0.23854249715805054,-0.23236672580242157,-0.2261909544467926,-0.22001519799232483,-0.21383942663669586,-0.2076636552810669,-0.20148788392543793,-0.19531211256980896,-0.1891363561153412,-0.18296058475971222,-0.17678481340408325,-0.17060904204845428,-0.1644332855939865,-0.15825751423835754,-0.15208172798156738,-0.1459059715270996,-0.13973018527030945,-0.13355442881584167,-0.1273786723613739,-0.12120289355516434,-0.11502712219953537,-0.1088513657450676,-0.10267559438943863,-0.09649982303380966,-0.0903240516781807,-0.08414828032255173,-0.07797251641750336,-0.07179675251245499,-0.06562098115682602,-0.05944521725177765,-0.05326944589614868,-0.047093674540519714,-0.040917910635471344,-0.03474213927984238,-0.028566375374794006,-0.02239060401916504,-0.01621483638882637,-0.010039068758487701,-0.0038633011281490326,0.0023124665021896362,0.008488234132528305,0.014664003625512123,0.020839771255850792,0.02701553888618946,0.03319130837917328,0.03936707600951195,0.045542843639850616],"_type":"histogram","values":[1,0,0,0,0,0,0,0,0,0,0,0,0,0,0,0,0,0,0,0,0,0,0,0,0,0,0,0,0,0,0,0,0,0,0,0,0,0,0,0,0,0,0,0,0,0,0,0,0,0,0,0,0,0,0,0,0,0,0,0,0,0,0,1]},"gradients/graph_16gat1.heads.0.attn_fc.weight":{"values":[1,0,0,0,0,0,0,0,0,0,0,0,0,0,0,0,0,0,0,0,0,0,0,0,1,0,0,0,0,0,0,1,0,0,0,3,0,0,0,0,0,0,2,2,2,5,1,1,0,1,1,0,0,0,0,0,0,0,0,0,2,0,0,1],"bins":[-0.1848321110010147,-0.1807008534669876,-0.1765695959329605,-0.1724383383989334,-0.1683070808649063,-0.1641758233308792,-0.1600445657968521,-0.155913308262825,-0.1517820507287979,-0.1476507931947708,-0.1435195356607437,-0.1393882781267166,-0.13525702059268951,-0.13112576305866241,-0.12699450552463531,-0.12286324799060822,-0.11873199045658112,-0.11460073292255402,-0.11046947538852692,-0.10633821785449982,-0.10220696032047272,-0.09807570278644562,-0.09394444525241852,-0.08981318771839142,-0.08568193018436432,-0.08155067265033722,-0.07741941511631012,-0.07328815758228302,-0.06915690004825592,-0.06502564251422882,-0.06089438498020172,-0.05676312744617462,-0.05263185501098633,-0.04850059747695923,-0.04436933994293213,-0.04023808240890503,-0.03610682487487793,-0.03197556734085083,-0.02784430980682373,-0.02371305227279663,-0.01958179473876953,-0.015450537204742432,-0.011319279670715332,-0.007188022136688232,-0.003056764602661133,0.0010744929313659668,0.005205750465393066,0.009337007999420166,0.013468265533447266,0.017599523067474365,0.021730780601501465,0.025862038135528564,0.029993295669555664,0.034124553203582764,0.03825581073760986,0.04238706827163696,0.04651832580566406,0.05064958333969116,0.05478084087371826,0.05891209840774536,0.06304335594177246,0.06717461347579956,0.07130587100982666,0.07543712854385376,0.07956838607788086],"_type":"histogram"},"train_f1":0.6535008255729476,"val_f1":0.27350427350427353,"gradients/graph_16classifier.weight":{"values":[1,0,0,0,0,0,0,0,0,0,0,0,0,2,0,1,0,1,0,1,0,1,0,0,0,1,1,0,2,0,0,1,1,0,0,2,0,1,1,0,0,0,1,0,1,0,1,0,1,0,2,0,0,0,0,0,0,0,0,0,0,0,0,1],"bins":[-0.09899479150772095,-0.09590120613574982,-0.09280762076377869,-0.08971402794122696,-0.08662044256925583,-0.0835268571972847,-0.08043326437473297,-0.07733967900276184,-0.07424609363079071,-0.07115250825881958,-0.06805892288684845,-0.06496533006429672,-0.06187174469232559,-0.05877815932035446,-0.05568457022309303,-0.052590981125831604,-0.049497395753860474,-0.04640381038188934,-0.043310221284627914,-0.040216632187366486,-0.037123046815395355,-0.034029461443424225,-0.030935868620872498,-0.027842283248901367,-0.024748697876930237,-0.021655112504959106,-0.018561527132987976,-0.015467934310436249,-0.012374348938465118,-0.009280763566493988,-0.006187170743942261,-0.0030935853719711304,0,0.0030935853719711304,0.006187170743942261,0.009280763566493988,0.012374348938465118,0.015467934310436249,0.018561527132987976,0.021655112504959106,0.024748697876930237,0.027842283248901367,0.030935868620872498,0.034029461443424225,0.037123046815395355,0.040216632187366486,0.043310221284627914,0.04640381038188934,0.049497395753860474,0.052590981125831604,0.05568457022309303,0.05877815932035446,0.06187174469232559,0.06496533006429672,0.06805892288684845,0.07115250825881958,0.07424609363079071,0.07733967900276184,0.08043326437473297,0.0835268571972847,0.08662044256925583,0.08971402794122696,0.09280762076377869,0.09590120613574982,0.09899479150772095],"_type":"histogram"},"gradients/graph_16classifier.bias":{"_type":"histogram","values":[1,0,0,0,0,0,0,0,0,0,0,0,0,0,0,0,0,0,0,0,0,0,0,0,0,0,0,0,0,0,0,0,0,0,0,0,0,0,0,0,0,0,0,0,0,0,0,0,0,0,0,0,0,0,0,0,0,0,0,0,0,0,0,1],"bins":[-0.02258375659584999,-0.021878013387322426,-0.02117227204144001,-0.020466528832912445,-0.01976078748703003,-0.019055044278502464,-0.0183493010699749,-0.017643559724092484,-0.016937818378210068,-0.016232075169682503,-0.015526332892477512,-0.014820590615272522,-0.014114847406744957,-0.013409105129539967,-0.012703362852334976,-0.011997620575129986,-0.011291878297924995,-0.010586136020720005,-0.009880393743515015,-0.009174651466310024,-0.008468909189105034,-0.007763165980577469,-0.0070574237033724785,-0.006351681426167488,-0.005645938217639923,-0.004940196871757507,-0.004234453663229942,-0.0035287123173475266,-0.0028229691088199615,-0.0021172277629375458,-0.0014114845544099808,-0.000705743208527565,-1.862645149230957e-09,0.0007057413458824158,0.0014114826917648315,0.0021172259002923965,0.0028229672461748123,0.0035287104547023773,0.004234451800584793,0.004940195009112358,0.005645936354994774,0.006351679563522339,0.007057421840727329,0.00776316411793232,0.008468907326459885,0.009174649603664875,0.009880391880869865,0.010586134158074856,0.011291876435279846,0.011997618712484837,0.012703360989689827,0.013409103266894817,0.014114845544099808,0.014820588752627373,0.015526331029832363,0.016232073307037354,0.01693781465291977,0.017643557861447334,0.0183493010699749,0.019055042415857315,0.01976078562438488,0.020466526970267296,0.02117227017879486,0.021878011524677277,0.02258375473320484]},