{"parameters/graph_47classifier.weight":{"values":[2,0,0,0,0,0,0,0,0,0,0,1,0,0,0,0,1,0,0,0,1,0,0,0,0,0,1,0,0,1,0,0,1,0,0,0,0,1,2,0,1,0,1,0,0,0,0,0,0,1,0,0,0,0,0,1,0,0,0,0,0,0,0,1],"bins":[-1.4147857427597046,-1.3706591129302979,-1.3265326023101807,-1.282405972480774,-1.2382793426513672,-1.19415283203125,-1.1500262022018433,-1.1058995723724365,-1.0617730617523193,-1.0176464319229126,-0.9735198020935059,-0.9293932318687439,-0.8852666616439819,-0.8411400318145752,-0.7970134615898132,-0.7528868317604065,-0.7087602615356445,-0.6646336913108826,-0.6205070614814758,-0.5763804912567139,-0.5322538614273071,-0.48812729120254517,-0.4440007209777832,-0.39987409114837646,-0.3557475805282593,-0.31162095069885254,-0.2674943208694458,-0.22336769104003906,-0.17924118041992188,-0.13511455059051514,-0.0909879207611084,-0.04686141014099121,-0.0027348995208740234,0.041391730308532715,0.0855182409286499,0.12964487075805664,0.17377150058746338,0.21789801120758057,0.2620246410369873,0.30615127086639404,0.3502779006958008,0.39440441131591797,0.4385310411453247,0.48265761137008667,0.5267841815948486,0.5709108114242554,0.6150373816490173,0.6591640114784241,0.703290581703186,0.747417151927948,0.7915437817573547,0.8356703519821167,0.8797969818115234,0.9239235520362854,0.9680501222610474,1.012176752090454,1.0563032627105713,1.100429892539978,1.1445565223693848,1.188683032989502,1.2328096628189087,1.2769362926483154,1.3210629224777222,1.3651894330978394,1.409316062927246],"_type":"histogram"},"parameters/graph_47classifier.bias":{"values":[1,0,0,0,0,0,0,0,0,0,0,0,0,0,0,0,0,0,0,0,0,0,0,0,0,0,0,0,0,0,0,0,0,0,0,0,0,0,0,0,0,0,0,0,0,0,0,0,0,0,0,0,0,0,0,0,0,0,0,0,0,0,0,1],"bins":[-0.0745740458369255,-0.07204367220401764,-0.06951330602169037,-0.0669829323887825,-0.06445255875587463,-0.061922188848257065,-0.059391818940639496,-0.05686144530773163,-0.05433107167482376,-0.05180070176720619,-0.04927033185958862,-0.046739958226680756,-0.04420958831906319,-0.04167921468615532,-0.03914884477853775,-0.03661847114562988,-0.034088101238012314,-0.031557731330394745,-0.029027357697486877,-0.02649698778986931,-0.02396661415696144,-0.021436244249343872,-0.018905870616436005,-0.016375500708818436,-0.013845130801200867,-0.011314757168293,-0.008784383535385132,-0.006254017353057861,-0.003723643720149994,-0.0011932700872421265,0.001337103545665741,0.0038674697279930115,0.006397843360900879,0.008928216993808746,0.011458583176136017,0.013988956809043884,0.01651933044195175,0.01904970407485962,0.02158007025718689,0.024110443890094757,0.026640817523002625,0.029171187430620193,0.03170155733823776,0.03423193097114563,0.0367623008787632,0.039292674511671066,0.041823044419288635,0.0443534180521965,0.04688378795981407,0.04941415786743164,0.05194453150033951,0.05447490140795708,0.057005275040864944,0.05953564494848251,0.06206601858139038,0.06459638476371765,0.06712675839662552,0.06965713202953339,0.07218750566244125,0.07471787184476852,0.07724824547767639,0.07977861911058426,0.08230899274349213,0.0848393589258194,0.08736973255872726],"_type":"histogram"},"_timestamp":1.731701890016462e+09,"train_f1":0.7104067439409905,"gradients/graph_47classifier.weight":{"_type":"histogram","values":[1,0,0,1,0,1,0,0,0,0,0,0,1,0,0,1,0,0,1,0,1,0,0,0,0,0,0,0,1,0,0,0,0,0,0,1,0,0,0,0,0,0,0,1,0,1,0,0,1,0,0,1,0,0,0,0,0,0,1,0,1,0,0,1],"bins":[-0.008915619924664497,-0.008637006394565105,-0.008358393795788288,-0.008079780265688896,-0.007801167666912079,-0.007522554136812687,-0.007243941072374582,-0.006965328007936478,-0.006686714943498373,-0.006408101879060268,-0.006129488814622164,-0.005850875750184059,-0.005572262220084667,-0.00529364962130785,-0.005015036091208458,-0.004736423026770353,-0.004457809962332249,-0.004179196897894144,-0.0039005838334560394,-0.003621970769017935,-0.00334335770457983,-0.0030647441744804382,-0.0027861311100423336,-0.002507518045604229,-0.0022289049811661243,-0.0019502919167280197,-0.001671678852289915,-0.0013930657878518105,-0.0011144522577524185,-0.0008358396589756012,-0.0005572261288762093,-0.00027861353009939194,-9.313225746154785e-10,0.0002786125987768173,0.0005572251975536346,0.0008358387276530266,0.001114451326429844,0.0013930648565292358,0.0016716779209673405,0.001950290985405445,0.0022289040498435497,0.0025075171142816544,0.002786130178719759,0.0030647432431578636,0.0033433567732572556,0.00362196983769536,0.003900582902133465,0.0041791959665715694,0.004457809031009674,0.004736422095447779,0.005015035159885883,0.005293648689985275,0.005572261288762093,0.0058508748188614845,0.006129487883299589,0.006408100947737694,0.006686714012175798,0.006965327076613903,0.007243940141052008,0.007522553205490112,0.007801166735589504,0.008079779334366322,0.008358392864465714,0.00863700546324253,0.008915618993341923]},"parameters/graph_47gat1.heads.0.fc.weight":{"bins":[-1.8346450328826904,-1.782035231590271,-1.7294254302978516,-1.6768156290054321,-1.6242058277130127,-1.5715959072113037,-1.5189862251281738,-1.4663763046264648,-1.4137665033340454,-1.361156702041626,-1.3085469007492065,-1.255937099456787,-1.2033272981643677,-1.1507174968719482,-1.0981075763702393,-1.0454978942871094,-0.9928880333900452,-0.9402782320976257,-0.8876684308052063,-0.8350585699081421,-0.7824487686157227,-0.7298389673233032,-0.6772291660308838,-0.6246193647384644,-0.5720095634460449,-0.5193997621536255,-0.46678996086120605,-0.41418004035949707,-0.36157023906707764,-0.3089604377746582,-0.25635063648223877,-0.20374083518981934,-0.1511310338973999,-0.09852123260498047,-0.045911431312561035,0.0066983699798583984,0.05930817127227783,0.11191797256469727,0.16452789306640625,0.21713769435882568,0.2697474956512451,0.32235729694366455,0.374967098236084,0.4275768995285034,0.48018670082092285,0.5327965021133423,0.5854063630104065,0.6380161643028259,0.6906259655952454,0.7432357668876648,0.7958455681800842,0.8484554290771484,0.9010652303695679,0.9536750316619873,1.0062848329544067,1.0588946342468262,1.1115044355392456,1.164114236831665,1.216724157333374,1.269333839416504,1.321943759918213,1.3745535612106323,1.4271633625030518,1.4797731637954712,1.5323829650878906],"_type":"histogram","values":[1,0,0,0,0,0,0,0,0,0,0,0,1,0,0,0,0,2,0,1,0,1,1,0,0,1,0,0,3,1,1,0,6,2,1,0,2,1,0,0,3,0,1,1,0,0,1,3,2,0,1,1,1,2,0,0,1,1,1,1,0,1,1,1]},"train_loss":0.5534083098173141,"gradients/graph_47gat1.heads.0.fc.weight":{"values":[1,0,1,0,1,0,0,0,0,0,0,1,1,0,1,2,1,4,3,3,2,1,5,3,2,3,0,1,0,2,0,2,0,0,0,2,0,0,0,3,1,0,0,0,0,0,0,0,0,0,0,1,0,0,0,0,0,0,0,0,0,0,0,1],"bins":[-0.030002344399690628,-0.02876836247742176,-0.027534380555152893,-0.026300396770238876,-0.02506641484797001,-0.02383243292570114,-0.022598449140787125,-0.021364467218518257,-0.02013048529624939,-0.018896503373980522,-0.017662521451711655,-0.016428537666797638,-0.01519455574452877,-0.013960573822259903,-0.012726590037345886,-0.011492608115077019,-0.010258626192808151,-0.009024644270539284,-0.007790662348270416,-0.0065566785633563995,-0.005322696641087532,-0.0040887147188186646,-0.002854730933904648,-0.0016207490116357803,-0.00038676708936691284,0.0008472148329019547,0.002081196755170822,0.003315180540084839,0.004549164324998856,0.005783144384622574,0.007017128169536591,0.008251108229160309,0.009485095739364624,0.01071907952427864,0.011953059583902359,0.013187043368816376,0.014421023428440094,0.01565500721335411,0.016888990998268127,0.018122972920536995,0.019356954842805862,0.02059093676507473,0.021824918687343597,0.023058902472257614,0.02429288439452648,0.02552686631679535,0.026760850101709366,0.027994832023978233,0.0292288139462471,0.03046279586851597,0.031696777790784836,0.03293076157569885,0.03416474163532257,0.03539872542023659,0.036632709205150604,0.03786668926477432,0.03910067304968834,0.040334656834602356,0.041568636894226074,0.04280262067914009,0.04403660446405411,0.045270584523677826,0.04650456830859184,0.04773854836821556,0.04897253215312958],"_type":"histogram"},"val_accuracy":0.7777777777777778,"val_loss":0.4243345558643341,"epoch":5,"val_f1":0.774621212121212,