{"gradients/graph_29gat1.heads.0.attn_fc.weight":{"_type":"histogram","values":[1,0,0,0,1,0,0,0,1,0,0,1,0,2,1,1,0,1,0,1,1,1,2,2,2,2,3,0,1,0,1,2,0,0,0,0,1,2,0,0,0,1,0,0,0,0,0,0,0,0,0,0,0,0,0,0,0,0,0,0,0,0,0,1],"bins":[-0.01285267062485218,-0.012331858277320862,-0.011811046861112118,-0.011290234513580799,-0.010769423097372055,-0.010248610749840736,-0.009727798402309418,-0.009206986054778099,-0.008686174638569355,-0.008165363222360611,-0.007644550874829292,-0.007123738527297974,-0.006602926645427942,-0.006082114763557911,-0.005561302416026592,-0.005040490534156561,-0.0045196786522865295,-0.003998866304755211,-0.003478054888546467,-0.002957242541015148,-0.002436431124806404,-0.0019156187772750854,-0.0013948064297437668,-0.0008739950135350227,-0.00035318266600370407,0.0001676296815276146,0.0006884410977363586,0.0012092534452676773,0.001730065792798996,0.00225087720900774,0.0027716895565390587,0.0032925009727478027,0.0038133151829242706,0.004334127530455589,0.004854938946664333,0.005375751294195652,0.005896562710404396,0.006417375057935715,0.006938187405467033,0.0074589988216757774,0.007979811169207096,0.008500623516738415,0.009021434932947159,0.009542247280478477,0.010063059628009796,0.01058387104421854,0.011104683391749859,0.011625494807958603,0.012146307155489922,0.01266711950302124,0.013187930919229984,0.013708743266761303,0.014229554682970047,0.014750367030501366,0.015271179378032684,0.015791991725564003,0.01631280407309532,0.01683361455798149,0.01735442690551281,0.01787523925304413,0.018396051600575447,0.018916863948106766,0.019437674432992935,0.019958486780524254,0.020479299128055573]},"epoch":5,"parameters/graph_29gat1.heads.1.attn_fc.weight":{"bins":[-0.622505784034729,-0.6020668745040894,-0.5816279649734497,-0.5611890554428101,-0.5407501459121704,-0.5203112363815308,-0.4998723268508911,-0.47943341732025146,-0.4589945077896118,-0.43855559825897217,-0.4181166887283325,-0.39767777919769287,-0.3772388696670532,-0.3567999601364136,-0.3363610506057739,-0.3159221410751343,-0.29548323154449463,-0.275044322013855,-0.25460541248321533,-0.23416650295257568,-0.21372759342193604,-0.1932886838912964,-0.17284977436065674,-0.1524108648300171,-0.13197195529937744,-0.11153304576873779,-0.09109413623809814,-0.0706552267074585,-0.05021631717681885,-0.0297774076461792,-0.00933849811553955,0.011100411415100098,0.03153938055038452,0.05197829008102417,0.07241719961166382,0.09285610914230347,0.11329501867294312,0.13373392820358276,0.1541728377342224,0.17461174726486206,0.1950506567955017,0.21548956632614136,0.235928475856781,0.25636738538742065,0.2768062949180603,0.29724520444869995,0.3176841139793396,0.33812302350997925,0.3585619330406189,0.37900084257125854,0.3994397521018982,0.41987866163253784,0.4403175711631775,0.46075648069381714,0.4811953902244568,0.5016342997550964,0.5220732092857361,0.5425121188163757,0.5629510283470154,0.583389937877655,0.6038288474082947,0.6242677569389343,0.644706666469574,0.6651455760002136,0.6855844855308533],"_type":"histogram","values":[1,0,0,0,0,0,0,0,1,1,0,1,0,0,0,0,0,1,1,0,0,1,1,1,2,0,0,0,1,0,1,2,1,0,0,0,0,1,1,1,3,0,0,1,1,3,0,1,0,0,0,1,0,1,1,0,0,0,0,0,0,0,0,1]},"_step":4,"gradients/graph_29gat1.heads.1.attn_fc.weight":{"_type":"histogram","values":[1,0,0,0,0,0,0,0,0,0,1,1,0,0,0,0,0,0,0,0,0,0,0,0,0,1,0,0,0,2,0,1,9,7,0,0,1,0,0,1,0,1,0,1,0,0,0,0,0,1,0,0,0,0,1,0,0,0,0,0,1,1,0,1],"bins":[-0.011496568098664284,-0.011147662065923214,-0.01079875510185957,-0.0104498490691185,-0.010100942105054855,-0.009752036072313786,-0.009403129108250141,-0.009054223075509071,-0.008705316111445427,-0.008356410078704357,-0.008007503114640713,-0.007658597081899643,-0.007309690583497286,-0.006960784085094929,-0.006611877586692572,-0.0062629710882902145,-0.0059140645898878574,-0.0055651580914855,-0.005216251593083143,-0.004867345094680786,-0.004518438596278429,-0.004169532097876072,-0.003820625599473715,-0.0034717191010713577,-0.003122813068330288,-0.0027739061042666435,-0.0024250000715255737,-0.0020760931074619293,-0.0017271870747208595,-0.0013782801106572151,-0.0010293740779161453,-0.0006804671138525009,-0.0003315610811114311,1.7344951629638672e-05,0.0003662519156932831,0.0007151579484343529,0.0010640649124979973,0.001412970945239067,0.0017618779093027115,0.0021107839420437813,0.0024596909061074257,0.0028085969388484955,0.0031575034372508526,0.0035064099356532097,0.003855316434055567,0.004204222932457924,0.004553129430860281,0.004902035929262638,0.005250942427664995,0.005599848926067352,0.005948755424469709,0.0062976619228720665,0.006646568421274424,0.006995474919676781,0.0073443809524178505,0.007693287916481495,0.008042193949222565,0.008391100913286209,0.008740006946027279,0.009088913910090923,0.009437819942831993,0.009786726906895638,0.010135632939636707,0.010484539903700352,0.010833445936441422]},"parameters/graph_29classifier.weight":{"values":[1,2,1,0,1,1,0,0,0,1,1,3,2,1,1,0,0,1,4,2,0,1,0,3,0,1,1,0,1,0,0,1,1,2,0,0,3,1,3,1,2,0,1,2,1,1,0,0,2,0,0,0,2,1,2,0,0,2,1,0,1,1,0,4],"bins":[-0.17590348422527313,-0.17046406865119934,-0.16502465307712555,-0.15958523750305176,-0.15414580702781677,-0.14870639145374298,-0.1432669758796692,-0.1378275603055954,-0.1323881447315216,-0.12694872915744781,-0.12150931358337402,-0.11606989055871964,-0.11063047498464584,-0.10519105941057205,-0.09975163638591766,-0.09431222081184387,-0.08887280523777008,-0.08343338966369629,-0.0779939740896225,-0.07255455106496811,-0.06711513549089432,-0.061675719916820526,-0.05623629689216614,-0.050796881318092346,-0.045357465744018555,-0.03991805016994476,-0.03447863459587097,-0.02903921902179718,-0.023599788546562195,-0.018160372972488403,-0.012720957398414612,-0.00728154182434082,-0.0018421262502670288,0.0035972893238067627,0.009036704897880554,0.014476120471954346,0.019915536046028137,0.025354966521263123,0.030794382095336914,0.036233797669410706,0.0416732132434845,0.04711262881755829,0.05255204439163208,0.05799146741628647,0.06343088299036026,0.06887029856443405,0.07430972158908844,0.07974913716316223,0.08518855273723602,0.09062796831130981,0.0960673838853836,0.101506806910038,0.10694622248411179,0.11238563805818558,0.11782506108283997,0.12326447665691376,0.12870389223098755,0.13414330780506134,0.13958272337913513,0.14502213895320892,0.15046155452728271,0.1559009850025177,0.1613404005765915,0.16677981615066528,0.17221923172473907],"_type":"histogram"},"val_accuracy":0.4444444444444444,"_runtime":10.0174432,"parameters/graph_29gat1.heads.1.fc.weight":{"values":[1,0,0,0,0,1,1,0,1,0,1,1,2,2,0,1,0,1,2,2,1,3,6,3,2,4,1,3,2,5,2,1,7,0,1,2,2,1,1,4,3,2,1,1,2,1,0,3,4,3,1,2,1,1,2,1,0,0,0,0,0,0,0,1],"bins":[-0.9992983341217041,-0.9670495986938477,-0.9348008632659912,-0.9025521278381348,-0.8703033924102783,-0.8380546569824219,-0.8058059215545654,-0.773557186126709,-0.7413084506988525,-0.7090597152709961,-0.6768109798431396,-0.6445622444152832,-0.6123135089874268,-0.5800647735595703,-0.5478160381317139,-0.5155673027038574,-0.483318567276001,-0.45106983184814453,-0.4188210964202881,-0.38657236099243164,-0.3543236255645752,-0.32207489013671875,-0.2898261547088623,-0.25757741928100586,-0.22532868385314941,-0.19307994842529297,-0.16083121299743652,-0.12858247756958008,-0.09633374214172363,-0.06408500671386719,-0.03183627128601074,0.0004124641418457031,0.0326610803604126,0.06490981578826904,0.09715855121612549,0.12940728664398193,0.16165602207183838,0.19390475749969482,0.22615349292755127,0.2584022283554077,0.29065096378326416,0.3228996992111206,0.35514843463897705,0.3873971700668335,0.41964590549468994,0.4518946409225464,0.48414337635040283,0.5163921117782593,0.5486408472061157,0.5808895826339722,0.6131383180618286,0.6453870534896851,0.6776357889175415,0.709884524345398,0.7421332597732544,0.7743819952011108,0.8066307306289673,0.8388794660568237,0.8711282014846802,0.9033769369125366,0.9356256723403931,0.9678744077682495,1.000123143196106,1.0323718786239624,1.0646206140518188],"_type":"histogram"},"gradients/graph_29gat1.heads.1.fc.weight":{"_type":"histogram",