{"train_f1":0.4293296037296037,"train_loss":0.672868937253952,"val_accuracy":0.6296296296296297,"gradients/graph_25gat1.heads.0.attn_fc.weight":{"bins":[-0.001467622583732009,-0.0013964136596769094,-0.00132520473562181,-0.0012539959279820323,-0.0011827870039269328,-0.0011115780798718333,-0.0010403692722320557,-0.0009691603481769562,-0.0008979514241218567,-0.0008267425000667572,-0.0007555336342193186,-0.0006843247683718801,-0.0006131158443167806,-0.0005419069202616811,-0.0004706981126219034,-0.00039948918856680393,-0.00032828026451170444,-0.00025707134045660496,-0.00018586241640150547,-0.00011465360876172781,-4.344468470662832e-05,2.7764239348471165e-05,9.897304698824883e-05,0.0001701819710433483,0.0002413908950984478,0.0003125998191535473,0.0003838087432086468,0.00045501755084842443,0.0005262263584882021,0.0005974352825433016,0.0006686442065984011,0.0007398531306535006,0.0008110622875392437,0.0008822712115943432,0.0009534801356494427,0.0010246890597045422,0.0010958979837596416,0.0011671067913994193,0.001238315599039197,0.0013095245230942965,0.001380733447149396,0.0014519423712044954,0.001523151295259595,0.0015943601028993726,0.001665569026954472,0.0017367779510095716,0.0018079867586493492,0.0018791956827044487,0.0019504046067595482,0.0020216135308146477,0.002092822454869747,0.0021640313789248466,0.002235240302979946,0.0023064492270350456,0.0023776579182595015,0.002448866842314601,0.0025200757663697004,0.0025912846904248,0.0026624936144798994,0.002733702538534999,0.0028049112297594547,0.002876120153814554,0.0029473290778696537,0.003018538001924753,0.0030897469259798527],"_type":"histogram","values":[1,0,0,0,0,1,0,0,1,0,0,0,0,0,1,0,0,0,1,1,0,2,2,0,0,0,1,1,0,0,1,0,0,0,0,1,0,0,1,0,0,0,0,0,0,0,0,0,0,0,0,0,0,0,0,0,0,0,0,0,0,0,0,1]},"gradients/graph_25gat1.heads.0.fc.weight":{"values":[2,0,0,0,0,2,0,0,0,0,0,0,0,0,0,1,1,0,0,0,3,1,1,0,2,0,4,0,2,5,0,0,3,1,3,1,0,0,0,0,2,1,0,2,0,2,1,0,0,0,1,1,0,1,0,0,1,2,0,0,0,0,0,2],"bins":[-0.013233562931418419,-0.012874722480773926,-0.012515882030129433,-0.01215704157948494,-0.011798201128840446,-0.011439361609518528,-0.011080521158874035,-0.010721680708229542,-0.010362840257585049,-0.010003999806940556,-0.009645159356296062,-0.009286319836974144,-0.008927479386329651,-0.008568638935685158,-0.008209798485040665,-0.007850958034396172,-0.0074921175837516785,-0.007133277133107185,-0.006774436682462692,-0.0064155966974794865,-0.006056756246834993,-0.0056979157961905,-0.0053390758112072945,-0.004980235360562801,-0.004621394909918308,-0.004262554459273815,-0.003903714008629322,-0.003544873557984829,-0.0031860340386629105,-0.0028271935880184174,-0.0024683531373739243,-0.002109512686729431,-0.0017506713047623634,-0.0013918308541178703,-0.0010329904034733772,-0.0006741499528288841,-0.000315309502184391,4.3530017137527466e-05,0.00040237046778202057,0.0007612109184265137,0.0011200513690710068,0.0014788918197154999,0.001837732270359993,0.0021965722553431988,0.002555412705987692,0.002914253156632185,0.0032730931416153908,0.003631933592259884,0.003990774042904377,0.00434961449354887,0.004708454944193363,0.005067294929176569,0.005426135379821062,0.005784975830465555,0.006143815815448761,0.006502656266093254,0.006861496716737747,0.00722033716738224,0.007579177618026733,0.007938018068671227,0.00829685851931572,0.008655698038637638,0.009014538489282131,0.009373378939926624,0.009732219390571117],"_type":"histogram"},"parameters/graph_25classifier.bias":{"values":[1,0,0,0,0,0,0,0,0,0,0,0,0,0,0,0,0,0,0,0,0,0,0,0,0,0,0,0,0,0,0,0,0,0,0,0,0,0,0,0,0,0,0,0,0,0,0,0,0,0,0,0,0,0,0,0,0,0,0,0,0,0,0,1],"bins":[-0.04774075001478195,-0.04604889824986458,-0.0443570502102375,-0.04266519844532013,-0.040973346680402756,-0.03928149491548538,-0.03758964687585831,-0.03589779511094093,-0.03420594334602356,-0.032514095306396484,-0.03082224354147911,-0.029130393639206886,-0.027438543736934662,-0.025746691972017288,-0.024054842069745064,-0.02236299030482769,-0.020671140402555466,-0.01897929050028324,-0.017287438735365868,-0.015595588833093643,-0.01390373706817627,-0.012211889028549194,-0.01052003726363182,-0.008828185498714447,-0.007136337459087372,-0.005444485694169998,-0.0037526339292526245,-0.002060782164335251,-0.00036893412470817566,0.001322917640209198,0.0030147694051265717,0.004706617444753647,0.0063984692096710205,0.008090320974588394,0.00978216901421547,0.011474020779132843,0.013165872544050217,0.014857720583677292,0.016549572348594666,0.01824142411351204,0.019933275878429413,0.021625123918056488,0.02331697568297386,0.025008827447891235,0.02670067548751831,0.028392527252435684,0.03008437715470791,0.03177622705698013,0.03346807882189751,0.03515993058681488,0.036851778626441956,0.03854363039135933,0.0402354821562767,0.04192733019590378,0.04361918196082115,0.045311033725738525,0.0470028817653656,0.048694733530282974,0.05038658529520035,0.05207843333482742,0.0537702850997448,0.05546213686466217,0.057153988629579544,0.05884583666920662,0.06053768843412399],"_type":"histogram"},"_runtime":7.5759111,"gradients/graph_25classifier.weight":{"values":[1,0,0,0,0,0,0,1,0,0,0,0,0,0,0,0,1,0,0,0,0,0,1,2,0,0,0,2,0,0,0,0,0,0,0,0,2,0,0,0,2,1,0,0,0,0,0,1,0,0,0,0,0,0,0,0,1,0,0,0,0,0,0,1],"bins":[-0.04252889007329941,-0.04119986295700073,-0.03987083584070206,-0.03854180872440338,-0.03721277788281441,-0.03588375076651573,-0.034554723650217056,-0.03322569653391838,-0.03189666569232941,-0.03056763857603073,-0.029238611459732056,-0.02790958434343338,-0.026580557227134705,-0.02525152824819088,-0.023922501131892204,-0.02259347215294838,-0.021264445036649704,-0.01993541792035103,-0.018606388941407204,-0.017277361825108528,-0.015948332846164703,-0.014619305729866028,-0.013290278613567352,-0.011961249634623528,-0.010632224380970001,-0.009303193539381027,-0.007974166423082352,-0.006645139306783676,-0.005316112190485001,-0.003987085074186325,-0.002658054232597351,-0.0013290271162986755,0,0.0013290271162986755,0.002658054232597351,0.003987085074186325,0.005316112190485001,0.006645139306783676,0.007974166423082352,0.009303193539381027,0.010632224380970001,0.011961249634623528,0.013290278613567352,0.014619305729866028,0.015948332846164703,0.017277361825108528,0.018606388941407204,0.01993541792035103,0.021264445036649704,0.02259347215294838,0.023922501131892204,0.02525152824819088,0.026580557227134705,0.02790958434343338,0.029238611459732056,0.03056763857603073,0.03189666569232941,0.03322569653391838,0.034554723650217056,0.03588375076651573,0.03721277788281441,0.03854180872440338,0.03987083584070206,0.04119986295700073,0.04252889007329941],"_type":"histogram"},"train_accuracy":0.576,"parameters/graph_25classifier.weight":{"values":[1,0,0,0,2,1,0,0,1,0,0,0,0,0,0,0,0,0,0,0,0,1,0,0,0,1,1,1,0,0,0,0,0,0,0,0,0,0,0,0,0,0,0,0,2,0,0,0,1,0,0,0,0,0,0,0,0,0,1,1,0,0,0,2],