{"parameters/graph_19gat1.heads.0.attn_fc.weight":{"bins":[-0.4732702970504761,-0.4560513496398926,-0.4388324022293091,-0.4216134548187256,-0.4043945074081421,-0.3871755599975586,-0.3699565827846527,-0.3527376353740692,-0.3355186879634857,-0.3182997405529022,-0.3010807931423187,-0.28386181592941284,-0.26664286851882935,-0.24942393600940704,-0.23220497369766235,-0.21498602628707886,-0.19776707887649536,-0.18054813146591187,-0.16332918405532837,-0.14611023664474487,-0.12889128923416138,-0.1116723120212555,-0.094453364610672,-0.0772344172000885,-0.060015469789505005,-0.04279652237892151,-0.025577574968338013,-0.008358627557754517,0.008860349655151367,0.026079297065734863,0.04329824447631836,0.060517191886901855,0.07773619890213013,0.09495514631271362,0.11217409372329712,0.12939304113388062,0.1466119885444641,0.16383096575737,0.1810499131679535,0.198268860578537,0.21548780798912048,0.23270675539970398,0.24992570281028748,0.26714465022087097,0.28436362743377686,0.30158257484436035,0.31880152225494385,0.33602046966552734,0.35323941707611084,0.37045836448669434,0.38767731189727783,0.40489625930786133,0.4221152067184448,0.4393341541290283,0.4565531313419342,0.4737720787525177,0.4909910261631012,0.5082099437713623,0.5254289507865906,0.5426478981971741,0.5598668456077576,0.5770857930183411,0.5943047404289246,0.6115236878395081,0.6287426352500916],"_type":"histogram","values":[3,0,0,1,1,1,0,0,0,0,1,1,0,0,0,0,0,0,1,2,0,1,1,0,1,2,0,0,0,0,0,0,2,0,2,0,2,0,0,0,0,1,1,0,1,0,0,2,0,1,0,0,0,1,0,0,0,0,1,0,0,1,0,1]},"gradients/graph_19gat1.heads.0.fc.weight":{"values":[1,0,0,0,0,1,0,0,0,0,0,0,0,1,1,0,0,0,1,0,4,3,0,1,0,6,1,2,3,1,4,0,2,4,3,5,1,4,2,5,1,5,5,2,1,3,3,2,2,1,0,6,3,2,0,0,2,0,1,0,0,0,0,1],"bins":[-0.20953962206840515,-0.2039969563484192,-0.19845429062843323,-0.19291162490844727,-0.1873689591884613,-0.18182630836963654,-0.17628364264965057,-0.1707409769296646,-0.16519831120967865,-0.1596556454896927,-0.15411297976970673,-0.14857032895088196,-0.143027663230896,-0.13748499751091003,-0.13194233179092407,-0.1263996660709381,-0.12085700035095215,-0.11531433463096619,-0.10977166891098022,-0.10422901064157486,-0.0986863449215889,-0.09314367920160294,-0.08760102093219757,-0.08205835521221161,-0.07651568949222565,-0.07097302377223969,-0.06543035805225372,-0.05988769233226776,-0.05434504151344299,-0.04880237579345703,-0.04325971007347107,-0.03771704435348511,-0.032174378633499146,-0.026631712913513184,-0.02108904719352722,-0.01554638147354126,-0.010003715753555298,-0.00446106493473053,0.0010816007852554321,0.006624266505241394,0.012166932225227356,0.017709597945213318,0.02325226366519928,0.028794921934604645,0.03433758765459061,0.03988025337457657,0.045422911643981934,0.050965577363967896,0.05650824308395386,0.06205090880393982,0.06759357452392578,0.07313623279333115,0.07867889851331711,0.08422156423330307,0.08976422250270844,0.0953068882226944,0.10084955394268036,0.10639221966266632,0.11193488538265228,0.11747754365205765,0.12302020937204361,0.12856286764144897,0.13410553336143494,0.1396481990814209,0.14519086480140686],"_type":"histogram"},"_step":4,"train_loss":0.640239879488945,"parameters/graph_19classifier.weight":{"_type":"histogram","values":[2,0,0,2,0,3,0,1,0,0,1,0,0,0,0,1,0,1,0,1,1,1,3,1,0,1,0,2,1,0,0,0,0,0,0,0,0,0,0,0,0,0,0,0,3,0,0,0,2,0,0,1,0,0,0,0,0,1,0,1,1,0,0,1],"bins":[-0.25271642208099365,-0.24500159919261932,-0.237286776304245,-0.22957195341587067,-0.22185713052749634,-0.214142307639122,-0.20642748475074768,-0.19871266186237335,-0.19099783897399902,-0.1832830011844635,-0.17556819319725037,-0.16785335540771484,-0.1601385474205017,-0.1524237096309662,-0.14470890164375305,-0.13699406385421753,-0.1292792558670044,-0.12156441807746887,-0.11384959518909454,-0.10613477230072021,-0.09841994941234589,-0.09070512652397156,-0.08299030363559723,-0.0752754807472229,-0.06756065785884857,-0.05984583497047424,-0.052131012082099915,-0.044416189193725586,-0.03670136630535126,-0.02898654341697693,-0.0212717205286026,-0.013556897640228271,-0.005842074751853943,0.0018727481365203857,0.009587571024894714,0.017302393913269043,0.02501721680164337,0.0327320396900177,0.04044686257839203,0.04816168546676636,0.055876508355140686,0.06359133124351501,0.07130615413188934,0.07902097702026367,0.086735799908638,0.09445062279701233,0.10216544568538666,0.10988026857376099,0.11759509891271591,0.12530991435050964,0.13302475214004517,0.1407395601272583,0.14845439791679382,0.15616920590400696,0.16388404369354248,0.17159885168075562,0.17931368947029114,0.18702851235866547,0.1947433352470398,0.20245815813541412,0.21017298102378845,0.21788780391216278,0.2256026268005371,0.23331744968891144,0.24103227257728577]},"_runtime":15.0176673,"val_f1":0.7686274509803921,"gradients/graph_19gat1.heads.0.attn_fc.weight":{"_type":"histogram","values":[2,1,0,0,0,0,0,0,0,0,0,0,0,0,0,1,0,0,0,1,1,0,0,0,0,0,0,0,0,2,18,0,0,0,0,0,0,0,0,0,0,0,0,0,1,0,0,0,0,1,0,0,1,0,1,1,0,0,0,0,0,0,0,1],"bins":[-0.21313507854938507,-0.20609037578105927,-0.19904567301273346,-0.19200097024440765,-0.18495625257492065,-0.17791154980659485,-0.17086684703826904,-0.16382214426994324,-0.15677744150161743,-0.14973273873329163,-0.14268803596496582,-0.13564333319664001,-0.1285986304283142,-0.1215539202094078,-0.1145092099905014,-0.1074645072221756,-0.10041980445384979,-0.09337510168552399,-0.08633039891719818,-0.07928569614887238,-0.07224099338054657,-0.06519627571105957,-0.058151572942733765,-0.05110687017440796,-0.04406216740608215,-0.03701746463775635,-0.029972761869430542,-0.022928059101104736,-0.015883341431617737,-0.008838638663291931,-0.0017939358949661255,0.00525076687335968,0.012295454740524292,0.019340157508850098,0.026384860277175903,0.03342956304550171,0.040474265813827515,0.047518983483314514,0.05456368625164032,0.061608389019966125,0.06865309178829193,0.07569779455661774,0.08274249732494354,0.08978720009326935,0.09683191776275635,0.10387662053108215,0.11092132329940796,0.11796602606773376,0.12501072883605957,0.13205543160438538,0.13910013437271118,0.146144837141037,0.1531895399093628,0.1602342426776886,0.1672789603471756,0.1743236631155014,0.1813683658838272,0.18841306865215302,0.19545777142047882,0.20250248908996582,0.20954719185829163,0.21659189462661743,0.22363659739494324,0.23068130016326904,0.23772600293159485]},"val_loss":0.63241907954216,"_wandb":{"runtime":15},"parameters/graph_19classifier.bias":{"values":[1,0,0,0,0,0,0,0,0,0,0,0,0,0,0,0,0,0,0,0,0,0,0,0,0,0,0,0,0,0,0,0,0,0,0,0,0,0,0,0,0,0,0,0,0,0,0,0,0,0,0,0,0,0,0,0,0,0,0,0,0,0,0,1],"bins":[-0.13576553761959076,-0.1296994686126709,-0.12363338470458984,-0.11756731569766998,-0.11150123178958893,-0.10543516278266907,-0.09936908632516861,-0.09330300986766815,-0.0872369334101677,-0.08117085695266724,-0.07510478049516678,-0.06903870403766632,-0.06297263503074646,-0.056906558573246,-0.050840482115745544,-0.04477440565824509,-0.03870832920074463,-0.03264225274324417,-0.026576176285743713,-0.020510099828243256,-0.014444023370742798,-0.008377954363822937,-0.0023118704557418823,0.0037541985511779785,0.00982026755809784,0.015886351466178894,0.021952420473098755,0.02801850438117981,0.03408457338809967,0.040150657296180725,0.046216726303100586,0.05228281021118164,0.05834886431694031,0.06441493332386017,0.07048101723194122,0.07654708623886108,0.08261317014694214,0.088679239153862,0.09474532306194305,0.10081139206886292,0.10687747597694397,0.11294354498386383,0.11900961399078369,0.12507569789886475,0.1311417669057846,0.13720783591270447,0.14327391982078552,0.14934000372886658,0.15540607273578644,0.1614721417427063,0.16753822565078735,0.1736043095588684,0.17967037856578827,0.18573644757270813,0.19180253148078918,0.19786860048770905,0.2039346694946289,0.21000075340270996,0.21606683731079102,0.22213290631771088,0.22819897532463074,0.2342650592327118,0.24033112823963165,0.2463972121477127,0.25246328115463257],"_type":"histogram"},"_timestamp":1.7316947365073357e+09,"gradients/graph_19classifier.bias":{"_type":"histogram",