{"train_accuracy":0.568,"gradients/graph_51classifier.weight":{"bins":[-0.04249619320034981,-0.04116818681359291,-0.039840180426836014,-0.03851217404007912,-0.03718416765332222,-0.03585616126656532,-0.034528158605098724,-0.03320015221834183,-0.03187214583158493,-0.030544137582182884,-0.029216131195425987,-0.02788812667131424,-0.026560120284557343,-0.025232113897800446,-0.02390410751104355,-0.02257610112428665,-0.021248094737529755,-0.019920088350772858,-0.01859208196401596,-0.017264075577259064,-0.015936069190502167,-0.014608064666390419,-0.013280058279633522,-0.011952051892876625,-0.010624047368764877,-0.00929604098200798,-0.007968034595251083,-0.006640028208494186,-0.005312021821737289,-0.0039840154349803925,-0.0026560090482234955,-0.0013280026614665985,0,0.001328006386756897,0.002656012773513794,0.003984019160270691,0.005312025547027588,0.006640031933784485,0.007968038320541382,0.009296044707298279,0.010624051094055176,0.011952055618166924,0.01328006200492382,0.014608068391680717,0.015936072915792465,0.017264079302549362,0.01859208568930626,0.019920092076063156,0.021248098462820053,0.02257610484957695,0.023904111236333847,0.025232117623090744,0.02656012400984764,0.027888130396604538,0.029216134920716286,0.030544141307473183,0.03187214583158493,0.03320015221834183,0.034528158605098724,0.03585616499185562,0.03718417137861252,0.038512177765369415,0.03984018415212631,0.04116819053888321,0.042496196925640106],"_type":"histogram","values":[1,0,0,0,0,0,0,0,0,0,0,0,1,0,0,0,0,1,1,0,0,1,0,0,0,0,0,0,2,1,0,0,0,0,1,2,0,0,0,0,0,0,1,0,0,1,1,0,0,0,0,1,0,0,0,0,0,0,0,0,0,0,0,1]},"parameters/graph_51classifier.weight":{"_type":"histogram","values":[1,0,0,0,0,1,0,0,0,0,0,0,0,0,0,0,0,1,0,0,0,0,1,0,0,0,0,0,1,2,0,0,0,0,0,0,0,0,1,0,0,0,1,0,0,0,1,0,0,1,1,0,0,0,1,0,1,1,0,0,0,0,0,1],"bins":[-0.33374589681625366,-0.32434776425361633,-0.3149496018886566,-0.3055514693260193,-0.29615333676338196,-0.28675520420074463,-0.2773570418357849,-0.2679589092731476,-0.25856077671051025,-0.24916261434555054,-0.2397644817829132,-0.23036633431911469,-0.22096818685531616,-0.21157005429267883,-0.2021719068288803,-0.19277377426624298,-0.18337562680244446,-0.17397747933864594,-0.1645793467760086,-0.15518119931221008,-0.14578306674957275,-0.13638491928577423,-0.1269867718219757,-0.11758863925933838,-0.10819049179553986,-0.09879234433174133,-0.089394211769104,-0.07999607920646667,-0.07059791684150696,-0.06119978427886963,-0.0518016517162323,-0.04240348935127258,-0.033005356788635254,-0.023607224225997925,-0.014209061861038208,-0.004810929298400879,0.00458720326423645,0.013985365629196167,0.023383498191833496,0.032781630754470825,0.04217977821826935,0.05157792568206787,0.0609760582447052,0.07037420570850372,0.07977235317230225,0.08917048573493958,0.0985686331987381,0.10796676576137543,0.11736491322517395,0.12676306068897247,0.1361611932516098,0.14555934071540833,0.15495747327804565,0.16435562074184418,0.1737537682056427,0.18315190076828003,0.19255004823207855,0.20194819569587708,0.2113463282585144,0.22074447572231293,0.23014262318611145,0.23954075574874878,0.2489389032125473,0.2583370506763458,0.26773518323898315]},"epoch":5,"gradients/graph_51gat1.heads.1.fc.weight":{"values":[2,0,0,0,0,0,0,0,0,2,0,0,0,0,0,0,0,0,1,1,0,0,0,0,0,0,0,0,0,0,1,1,0,1,0,1,1,1,2,0,0,0,1,0,2,1,1,0,0,0,0,0,0,2,0,0,0,0,0,0,2,0,0,1],"bins":[-0.004500532057136297,-0.004393344279378653,-0.004286156501621008,-0.004178968258202076,-0.004071780480444431,-0.003964592702686787,-0.0038574046920984983,-0.0037502169143408537,-0.0036430289037525654,-0.0035358411259949207,-0.003428653348237276,-0.0033214653376489878,-0.0032142773270606995,-0.003107089549303055,-0.00299990177154541,-0.002892713760957122,-0.0027855257503688335,-0.002678337972611189,-0.0025711501948535442,-0.002463962184265256,-0.0023567744065076113,-0.002249586395919323,-0.0021423986181616783,-0.00203521060757339,-0.0019280228298157454,-0.001820834819227457,-0.0017136470414698124,-0.001606459030881524,-0.0014992712531238794,-0.0013920832425355911,-0.0012848954647779465,-0.0011777074541896582,-0.0010705196764320135,-0.0009633318986743689,-0.0008561438880860806,-0.0007489561103284359,-0.0006417680997401476,-0.0005345803219825029,-0.00042739231139421463,-0.00032020453363657,-0.00021301652304828167,-0.00010582874529063702,1.3592652976512909e-06,0.00010854704305529594,0.00021573505364358425,0.0003229228314012289,0.0004301107255741954,0.0005372986197471619,0.0006444865139201283,0.0007516744080930948,0.0008588623022660613,0.0009660501964390278,0.0010732380906119943,0.0011804259847849607,0.0012876138789579272,0.0013948017731308937,0.0015019895508885384,0.0016091775614768267,0.0017163653392344713,0.0018235533498227596,0.0019307411275804043,0.0020379291381686926,0.0021451169159263372,0.0022523049265146255,0.00235949270427227],"_type":"histogram"},"gradients/graph_51gat1.heads.1.attn_fc.weight":{"_type":"histogram","values":[1,0,0,0,1,0,2,0,0,1,0,0,0,0,0,0,0,0,0,0,0,0,0,0,0,0,0,0,1,0,0,0,0,0,0,1,0,0,0,0,0,0,0,0,0,0,0,0,0,0,0,0,0,0,0,0,0,0,0,0,0,0,0,1],"bins":[1.5766439901199192e-05,2.8573562303790823e-05,4.1380684706382453e-05,5.418780347099528e-05,6.69949222356081e-05,7.980204827617854e-05,9.260916704079136e-05,0.0001054162930813618,0.00011822341184597462,0.00013103053788654506,0.00014383764937520027,0.00015664478996768594,0.00016945190145634115,0.00018225901294499636,0.00019506615353748202,0.00020787326502613723,0.00022068037651479244,0.0002334875171072781,0.0002462946285959333,0.00025910174008458853,0.0002719088806770742,0.0002847159921657294,0.00029752313275821507,0.0003103302442468703,0.0003231373557355255,0.00033594449632801116,0.00034875160781666636,0.0003615587193053216,0.00037436585989780724,0.00038717297138646245,0.00039998008287511766,0.0004127872234676033,0.0004255943058524281,0.0004384014173410833,0.00045120855793356895,0.00046401566942222416,0.0004768227809108794,0.000489629921503365,0.0005024370038881898,0.0005152441444806755,0.0005280512850731611,0.0005408583674579859,0.0005536655080504715,0.0005664726486429572,0.000579279731027782,0.0005920868716202676,0.0006048940122127533,0.000617701094597578,0.0006305082351900637,0.0006433153757825494,0.0006561224581673741,0.0006689295987598598,0.0006817367393523455,0.0006945438217371702,0.0007073509623296559,0.0007201581029221416,0.0007329652435146272,0.000745772325899452,0.0007585794664919376,0.0007713866070844233,0.0007841936894692481,0.0007970008300617337,0.0008098079706542194,0.0008226150530390441,0.0008354221936315298]},"parameters/graph_51gat1.heads.0.fc.weight":{"_type":"histogram","values":[1,0,0,0,1,0,1,0,0,1,1,1,2,0,0,0,0,0,1,2,0,0,0,1,0,0,0,0,0,0,0,2,0,1,1,1,0,0,1,1,0,0,1,0,0,0,0,0,0,0,0,1,0,0,0,1,0,0,0,0,0,0,1,1],"bins":[-0.8903560042381287,-0.8585795760154724,-0.8268032073974609,-0.7950267791748047,-0.7632503509521484,-0.731473982334137,-0.6996975541114807,-0.6679211854934692,-0.636144757270813,-0.6043683290481567,-0.5725919604301453,-0.540815532207489,-0.5090391635894775,-0.4772627353668213,-0.44548630714416504,-0.4137099087238312,-0.3819335103034973,-0.35015708208084106,-0.3183807134628296,-0.28660428524017334,-0.25482791662216187,-0.22305148839950562,-0.19127506017684937,-0.1594986915588379,-0.12772226333618164,-0.09594583511352539,-0.06416946649551392,-0.032393038272857666,-0.000616610050201416,0.03115975856781006,0.06293618679046631,0.09471255540847778,0.12648892402648926,0.1582653522491455,0.19004172086715698,0.22181814908981323,0.2535945177078247,0.28537094593048096,0.3171473741531372,0.3489237427711487,0.38070017099380493,0.4124765992164612,0.44425296783447266,0.4760293960571289,0.5078058242797852,0.5395821928977966,0.5713586211204529,0.6031349897384644,0.6349114179611206,0.6666878461837769,0.6984642148017883,0.7302406430244446,0.762017011642456,0.7937934398651123,0.8255698680877686,0.8573462963104248,0.8891226649284363,0.9208990335464478,0.952675461769104,0.9844518899917603,1.0162283182144165,1.0480047464370728,1.0797810554504395,1.1115574836730957,1.143333911895752]},