{"_timestamp":1.7316887194597366e+09,"parameters/graph_41gat1.heads.1.fc.weight":{"values":[1,1,0,1,0,1,0,0,1,1,0,0,0,0,0,0,0,0,0,0,2,0,1,0,0,0,1,0,1,0,0,0,0,0,1,2,1,0,0,0,0,0,1,1,1,0,0,3,0,1,0,0,1,0,0,0,0,0,0,0,0,0,0,1],"bins":[-1.0817090272903442,-1.0466420650482178,-1.0115752220153809,-0.9765082597732544,-0.9414413571357727,-0.906374454498291,-0.8713074922561646,-0.8362405896186829,-0.8011736869812012,-0.7661067843437195,-0.7310398817062378,-0.6959729194641113,-0.6609060168266296,-0.625839114189148,-0.5907721519470215,-0.5557052493095398,-0.5206383466720581,-0.4855714440345764,-0.4505045413970947,-0.41543757915496826,-0.3803706765174866,-0.3453037738800049,-0.3102368116378784,-0.27516990900039673,-0.24010300636291504,-0.20503610372543335,-0.16996920108795166,-0.1349022388458252,-0.0998353362083435,-0.06476843357086182,-0.02970147132873535,0.0053653717041015625,0.04043245315551758,0.07549941539764404,0.11056625843048096,0.14563322067260742,0.1807001233100891,0.2157670259475708,0.25083398818969727,0.28590089082717896,0.32096779346466064,0.35603469610214233,0.391101598739624,0.4261685609817505,0.4612354636192322,0.49630236625671387,0.5313693284988403,0.566436231136322,0.6015031337738037,0.6365700364112854,0.6716369390487671,0.7067039012908936,0.7417708039283752,0.7768377065658569,0.8119046688079834,0.8469715714454651,0.8820384740829468,0.9171053767204285,0.9521722793579102,0.9872392416000366,1.022306203842163,1.057373046875,1.0924400091171265,1.1275068521499634,1.1625738143920898],"_type":"histogram"},"train_f1":0.50446237006237,"parameters/graph_41classifier.bias":{"bins":[-0.18240635097026825,-0.1774022877216339,-0.17239822447299957,-0.16739416122436523,-0.1623901128768921,-0.15738604962825775,-0.1523819863796234,-0.14737792313098907,-0.14237385988235474,-0.1373697966337204,-0.13236573338508606,-0.12736168503761292,-0.12235761433839798,-0.11735355108976364,-0.1123494952917099,-0.10734543204307556,-0.10234136879444122,-0.09733730554580688,-0.09233324229717255,-0.0873291864991188,-0.08232512325048447,-0.07732106000185013,-0.07231700420379639,-0.06731294095516205,-0.06230887770652771,-0.05730481445789337,-0.05230075120925903,-0.047296687960624695,-0.04229263961315155,-0.03728857636451721,-0.032284513115882874,-0.027280449867248535,-0.02227640151977539,-0.017272338271141052,-0.012268275022506714,-0.0072642117738723755,-0.002260148525238037,0.0027438998222351074,0.007747963070869446,0.012752026319503784,0.017756089568138123,0.02276015281677246,0.0277642160654068,0.03276827186346054,0.03777233511209488,0.04277639836072922,0.04778045415878296,0.0527845174074173,0.057788580656051636,0.06279264390468597,0.06779670715332031,0.07280076295137405,0.07780482620000839,0.08280888944864273,0.08781294524669647,0.09281700849533081,0.09782107174396515,0.10282513499259949,0.10782919824123383,0.11283325403928757,0.1178373172879219,0.12284138053655624,0.12784543633460999,0.13284949958324432,0.13785356283187866],"_type":"histogram","values":[1,0,0,0,0,0,0,0,0,0,0,0,0,0,0,0,0,0,0,0,0,0,0,0,0,0,0,0,0,0,0,0,0,0,0,0,0,0,0,0,0,0,0,0,0,0,0,0,0,0,0,0,0,0,0,0,0,0,0,0,0,0,0,1]},"gradients/graph_41classifier.bias":{"_type":"histogram","values":[1,0,0,0,0,0,0,0,0,0,0,0,0,0,0,0,0,0,0,0,0,0,0,0,0,0,0,0,0,0,0,0,0,0,0,0,0,0,0,0,0,0,0,0,0,0,0,0,0,0,0,0,0,0,0,0,0,0,0,0,0,0,0,1],"bins":[-0.009259786456823349,-0.008970418013632298,-0.008681049570441246,-0.008391681127250195,-0.008102312684059143,-0.007812944240868092,-0.00752357579767704,-0.007234207354485989,-0.006944838911294937,-0.006655470468103886,-0.006366102024912834,-0.006076733581721783,-0.0057873656041920185,-0.005497997161000967,-0.0052086287178099155,-0.004919260274618864,-0.004629891831427813,-0.004340523388236761,-0.00405115494504571,-0.003761786501854658,-0.0034724180586636066,-0.003183049615472555,-0.0028936811722815037,-0.002604312729090452,-0.002314944751560688,-0.0020255763083696365,-0.001736207865178585,-0.0014468394219875336,-0.001157470978796482,-0.0008681025356054306,-0.0005787340924143791,-0.00028936564922332764,2.7939677238464355e-09,0.00028937123715877533,0.0005787396803498268,0.0008681081235408783,0.0011574765667319298,0.0014468450099229813,0.0017362134531140327,0.0020255818963050842,0.0023149503394961357,0.0026043183170259,0.0028936867602169514,0.003183055203408003,0.0034724236465990543,0.003761792089790106,0.004051160532981157,0.004340528976172209,0.00462989741936326,0.004919265862554312,0.005208634305745363,0.005498002748936415,0.005787371192127466,0.00607673916965723,0.006366107612848282,0.006655476056039333,0.006944844499230385,0.007234212942421436,0.007523581385612488,0.00781294982880354,0.00810231827199459,0.008391686715185642,0.008681055158376694,0.008970423601567745,0.009259792044758797]},"parameters/graph_41gat1.heads.1.attn_fc.weight":{"bins":[-0.8339496850967407,-0.8088045716285706,-0.7836595177650452,-0.758514404296875,-0.7333692908287048,-0.7082241773605347,-0.6830791234970093,-0.6579340100288391,-0.632788896560669,-0.6076438426971436,-0.5824987292289734,-0.5573536157608032,-0.5322085618972778,-0.5070633888244629,-0.4819183349609375,-0.45677322149276733,-0.43162813782691956,-0.4064830541610718,-0.3813379406929016,-0.35619285702705383,-0.33104777336120605,-0.3059026598930359,-0.2807575464248657,-0.25561243295669556,-0.23046737909317017,-0.205322265625,-0.18017715215682983,-0.15503209829330444,-0.12988698482513428,-0.10474187135696411,-0.07959675788879395,-0.054451704025268555,-0.02930659055709839,-0.004161477088928223,0.020983576774597168,0.046128690242767334,0.0712738037109375,0.09641891717910767,0.12156397104263306,0.14670908451080322,0.1718541979789734,0.19699925184249878,0.22214436531066895,0.2472894787788391,0.2724345922470093,0.29757967591285706,0.32272475957870483,0.347869873046875,0.3730149567127228,0.39816004037857056,0.4233051538467407,0.4484502375125885,0.47359535098075867,0.49874043464660645,0.5238855481147766,0.5490306615829468,0.5741757154464722,0.5993208289146423,0.6244659423828125,0.6496109962463379,0.6747561097145081,0.6999012231826782,0.7250463366508484,0.7501913905143738,0.775336503982544],"_type":"histogram","values":[1,0,1,0,0,0,0,0,0,0,0,0,0,0,0,0,0,0,0,0,0,0,0,0,0,0,0,0,0,0,0,0,0,0,2,0,1,1,0,0,0,0,0,0,0,0,0,0,0,0,0,0,0,0,0,0,0,1,0,0,0,0,0,1]},"gradients/graph_41classifier.weight":{"bins":[-0.0655534416437149,-0.0635048970580101,-0.0614563524723053,-0.059407807886600494,-0.05735926330089569,-0.05531071871519089,-0.053262170404195786,-0.05121362581849098,-0.04916508123278618,-0.047116536647081375,-0.04506799206137657,-0.04301944375038147,-0.040970899164676666,-0.03892235457897186,-0.03687380999326706,-0.034825265407562256,-0.03277672082185745,-0.03072817623615265,-0.028679631650447845,-0.026631087064743042,-0.02458254247903824,-0.022533994168043137,-0.020485449582338333,-0.01843690499663353,-0.016388360410928726,-0.014339815825223923,-0.01229127123951912,-0.010242726653814316,-0.008194178342819214,-0.00614563375711441,-0.004097089171409607,-0.0020485445857048035,0,0.0020485445857048035,0.004097089171409607,0.00614563375711441,0.008194178342819214,0.010242726653814316,0.01229127123951912,0.014339815825223923,0.016388360410928726,0.01843690499663353,0.020485449582338333,0.022533994168043137,0.02458254247903824,0.026631087064743042,0.028679631650447845,0.03072817623615265,0.03277672082185745,0.034825265407562256,0.03687380999326706,0.03892235457897186,0.040970899164676666,0.04301944375038147,0.04506799206137657,0.047116536647081375,0.04916508123278618,0.05121362581849098,0.053262170404195786,0.05531071871519089,0.05735926330089569,0.059407807886600494,0.0614563524723053,0.0635048970580101,0.0655534416437149],"_type":"histogram","values":[1,0,0,0,0,0,0,0,0,0,0,0,1,0,0,0,0,0,0,0,0,1,0,0,2,0,1,0,0,1,1,0,0,1,1,0,0,1,0,2,0,0,1,0,0,0,0,0,0,0,0,1,0,0,0,0,0,0,0,0,0,0,0,1]},