{"parameters/graph_28classifier.bias":{"_type":"histogram","values":[1,0,0,0,0,0,0,0,0,0,0,0,0,0,0,0,0,0,0,0,0,0,0,0,0,0,0,0,0,0,0,0,0,0,0,0,0,0,0,0,0,0,0,0,0,0,0,0,0,0,0,0,0,0,0,0,0,0,0,0,0,0,0,1],"bins":[-0.05797204747796059,-0.057916637510061264,-0.05786122381687164,-0.05780581384897232,-0.057750403881073,-0.05769499018788338,-0.057639580219984055,-0.05758417025208473,-0.05752875655889511,-0.05747334659099579,-0.057417936623096466,-0.057362526655197144,-0.05730711296200752,-0.0572517029941082,-0.05719629302620888,-0.05714087933301926,-0.057085469365119934,-0.05703005939722061,-0.05697464570403099,-0.05691923573613167,-0.056863825768232346,-0.056808412075042725,-0.0567530021071434,-0.05669759213924408,-0.05664218217134476,-0.056586768478155136,-0.056531358510255814,-0.05647594854235649,-0.05642053484916687,-0.05636512488126755,-0.056309714913368225,-0.056254301220178604,-0.05619889125227928,-0.05614348128437996,-0.05608806759119034,-0.056032657623291016,-0.05597724765539169,-0.05592183396220207,-0.05586642399430275,-0.05581101402640343,-0.055755600333213806,-0.055700190365314484,-0.05564478039741516,-0.05558937042951584,-0.05553395673632622,-0.055478546768426895,-0.05542313680052757,-0.05536772310733795,-0.05531231313943863,-0.05525690317153931,-0.055201489478349686,-0.05514607951045036,-0.05509066954255104,-0.05503525584936142,-0.0549798458814621,-0.054924435913562775,-0.05486902594566345,-0.05481361225247383,-0.05475820228457451,-0.054702792316675186,-0.054647378623485565,-0.05459196865558624,-0.05453655868768692,-0.0544811449944973,-0.05442573502659798]},"_timestamp":1.7316323920640135e+09,"parameters/graph_28gat1.heads.0.attn_fc.weight":{"bins":[-0.7241958379745483,-0.6973696947097778,-0.6705435514450073,-0.6437174081802368,-0.6168912053108215,-0.590065062046051,-0.5632389187812805,-0.53641277551651,-0.5095866322517395,-0.4827604591846466,-0.4559343159198761,-0.4291081726551056,-0.4022819995880127,-0.3754558563232422,-0.3486297130584717,-0.3218035399913788,-0.2949773967266083,-0.26815125346183777,-0.24132508039474487,-0.21449893712997437,-0.18767279386520386,-0.16084665060043335,-0.13402050733566284,-0.10719430446624756,-0.08036816120147705,-0.05354201793670654,-0.026715874671936035,0.00011026859283447266,0.02693641185760498,0.053762614727020264,0.08058875799179077,0.10741490125656128,0.1342410445213318,0.1610671877861023,0.1878933310508728,0.2147194743156433,0.2415456771850586,0.2683718204498291,0.2951979637145996,0.3220241069793701,0.3488502502441406,0.37567639350891113,0.4025025963783264,0.4293287396430969,0.45615488290786743,0.48298102617263794,0.5098071694374084,0.5366333723068237,0.5634595155715942,0.5902856588363647,0.6171118021011353,0.6439379453659058,0.6707640886306763,0.6975902318954468,0.7244163751602173,0.7512425184249878,0.7780687212944031,0.8048948645591736,0.8317210078239441,0.8585471510887146,0.8853732943534851,0.9121994972229004,0.9390256404876709,0.9658517837524414,0.9926779270172119],"_type":"histogram","values":[1,0,0,0,0,0,0,0,0,0,0,0,0,0,0,1,0,0,2,1,2,1,1,0,1,0,0,1,0,1,1,1,1,1,1,1,1,0,1,2,0,1,1,0,0,3,2,0,0,1,0,0,0,0,0,1,0,0,0,0,0,0,0,1]},"val_accuracy":0.5555555555555556,"epoch":5,"gradients/graph_28gat1.heads.0.attn_fc.weight":{"values":[1,0,0,0,0,0,0,0,0,0,0,0,0,0,1,1,1,0,1,0,0,1,0,1,1,0,1,0,0,0,3,2,0,2,3,4,1,1,2,0,1,0,0,0,1,0,0,0,0,0,0,0,1,0,0,0,0,0,0,0,0,0,0,2],"bins":[-0.012144505977630615,-0.011798522435128689,-0.011452538892626762,-0.011106555350124836,-0.01076057180762291,-0.010414587333798409,-0.010068603791296482,-0.009722620248794556,-0.00937663670629263,-0.009030653163790703,-0.008684669621288776,-0.00833868607878685,-0.007992701604962349,-0.00764671852812171,-0.007300734519958496,-0.00695475097745657,-0.006608767434954643,-0.006262783892452717,-0.00591680034995079,-0.005570816341787577,-0.00522483279928565,-0.004878849256783724,-0.00453286524862051,-0.004186881706118584,-0.0038408981636166573,-0.003494914621114731,-0.0031489310786128044,-0.002802947536110878,-0.002456963062286377,-0.0021109795197844505,-0.0017649959772825241,-0.0014190124347805977,-0.0010730279609560966,-0.0007270444184541702,-0.0003810608759522438,-3.507733345031738e-05,0.00031090620905160904,0.0006568906828761101,0.0010028742253780365,0.001348857767879963,0.0016948413103818893,0.0020408248528838158,0.002386808395385742,0.002732792403548956,0.0030787759460508823,0.0034247594885528088,0.0037707434967160225,0.004116727039217949,0.004462710581719875,0.004808694124221802,0.005154677666723728,0.005500661674886942,0.005846645217388868,0.006192628759890795,0.0065386127680540085,0.006884596310555935,0.007230579853057861,0.007576563395559788,0.007922546938061714,0.00826853048056364,0.008614514023065567,0.008960498496890068,0.009306482039391994,0.009652465581893921,0.009998449124395847],"_type":"histogram"},"val_f1":0.39682539682539686,"gradients/graph_28gat1.heads.0.fc.weight":{"bins":[-0.04831714928150177,-0.04682944342494011,-0.04534173756837845,-0.04385403171181679,-0.04236632585525513,-0.040878623723983765,-0.039390917867422104,-0.03790321201086044,-0.03641550615429878,-0.03492780029773712,-0.03344009444117546,-0.0319523885846138,-0.03046468459069729,-0.028976978734135628,-0.027489274740219116,-0.026001568883657455,-0.024513863027095795,-0.023026157170534134,-0.021538451313972473,-0.02005074732005596,-0.0185630414634943,-0.01707533560693264,-0.015587631613016129,-0.014099925756454468,-0.012612219899892807,-0.011124514043331146,-0.009636808186769485,-0.008149102330207825,-0.006661400198936462,-0.005173694342374802,-0.003685988485813141,-0.00219828262925148,-0.0007105804979801178,0.000777125358581543,0.0022648312151432037,0.0037525370717048645,0.005240242928266525,0.006727945059537888,0.008215650916099548,0.009703356772661209,0.01119106262922287,0.01267876848578453,0.014166474342346191,0.015654178336262703,0.017141884192824364,0.018629590049386024,0.020117294043302536,0.021604999899864197,0.023092705756425858,0.02458041161298752,0.02606811746954918,0.02755582146346569,0.02904352732002735,0.030531233176589012,0.032018937170505524,0.033506643027067184,0.034994348883628845,0.036482054740190506,0.03796976059675217,0.03945746645331383,0.04094517230987549,0.04243287444114685,0.04392058029770851,0.04540828615427017,0.04689599201083183],"_type":"histogram","values":[1,1,0,1,0,0,1,0,0,1,2,1,1,0,1,3,1,5,3,4,5,1,1,5,0,2,2,1,3,5,1,5,5,3,2,3,3,1,5,4,2,1,0,2,1,2,1,0,2,0,0,0,0,1,0,0,0,0,0,0,0,0,0,1]},"parameters/graph_28classifier.weight":{"bins":[-0.16594938933849335,-0.16063089668750763,-0.1553124040365219,-0.1499939113855362,-0.14467541873455048,-0.13935692608356476,-0.13403843343257904,-0.12871994078159332,-0.1234014481306076,-0.11808295547962189,-0.11276446282863617,-0.10744597017765045,-0.10212748497724533,-0.09680899232625961,-0.0914904996752739,-0.08617200702428818,-0.08085351437330246,-0.07553502172231674,-0.07021652907133102,-0.0648980364203453,-0.05957954376935959,-0.05426105111837387,-0.04894255846738815,-0.043624065816402435,-0.038305580615997314,-0.0329870879650116,-0.02766859531402588,-0.02235010266304016,-0.017031610012054443,-0.011713117361068726,-0.006394624710083008,-0.00107613205909729,0.004242360591888428,0.009560853242874146,0.014879345893859863,0.02019783854484558,0.0255163311958313,0.030834823846817017,0.036153316497802734,0.04147180914878845,0.04679030179977417,0.05210878700017929,0.05742727965116501,0.06274577230215073,0.06806426495313644,0.07338275760412216,0.07870125025510788,0.0840197429060936,0.08933823555707932,0.09465672820806503,0.09997522085905075,0.10529371351003647,0.11061220616102219,0.11593069136142731,0.12124918401241302,0.12656767666339874,0.13188616931438446,0.13720466196537018,0.1425231546163559,0.1478416472673416,0.15316013991832733,0.15847863256931305,0.16379712522029877,0.16911561787128448,0.1744341105222702],"_type":"histogram","values":[1,0,3,1,0,1,0,1,3,1,0,0,0,3,0,1,0,0,1,2,2,1,2,1,1,1,1,0,0,1,3,0,0,0,2,0,1,0,2,1,0,0,0,0,0,1,1,2,2,0,2,2,1,1,1,1,3,1,0,2,2,1,2,2]},"_step":4,