{"_step":4,"train_loss":0.690444678068161,"parameters/graph_30classifier.weight":{"values":[2,1,1,2,1,0,0,0,0,0,0,1,0,0,0,1,1,0,1,0,1,0,0,0,0,0,1,2,0,0,0,1,1,0,0,0,3,0,1,1,0,0,0,1,0,1,1,0,0,0,2,0,0,1,1,0,1,0,0,1,0,0,0,1],"bins":[-0.24560941755771637,-0.23800359666347504,-0.2303977757692337,-0.22279195487499237,-0.21518611907958984,-0.2075802981853485,-0.19997447729110718,-0.19236865639686584,-0.1847628355026245,-0.17715701460838318,-0.16955119371414185,-0.1619453728199005,-0.15433955192565918,-0.14673373103141785,-0.13912789523601532,-0.131522074341774,-0.12391625344753265,-0.11631043255329132,-0.10870461165904999,-0.10109879076480865,-0.09349296987056732,-0.0858871340751648,-0.07828131318092346,-0.07067549228668213,-0.0630696713924408,-0.05546385049819946,-0.04785802960395813,-0.0402522087097168,-0.03264637291431427,-0.025040552020072937,-0.017434731125831604,-0.009828910231590271,-0.002223104238510132,0.005382716655731201,0.012988537549972534,0.020594358444213867,0.0282001793384552,0.03580601513385773,0.04341183602809906,0.05101765692234039,0.058623477816581726,0.06622929871082306,0.07383511960506439,0.08144094049930573,0.08904677629470825,0.09665259718894958,0.10425841808319092,0.11186423897743225,0.11947005987167358,0.12707588076591492,0.13468170166015625,0.14228752255439758,0.14989334344863892,0.15749916434288025,0.16510500013828278,0.1727108210325241,0.18031664192676544,0.18792246282100677,0.1955282837152481,0.20313411951065063,0.21073994040489197,0.2183457612991333,0.22595158219337463,0.23355740308761597,0.2411632239818573],"_type":"histogram"},"parameters/graph_30gat1.heads.0.fc.weight":{"_type":"histogram","values":[1,1,0,0,0,1,0,1,0,0,1,1,2,1,0,3,1,1,0,0,3,0,2,1,3,3,3,4,7,3,4,5,4,4,3,3,2,1,3,1,3,2,5,1,1,1,3,0,0,1,0,0,0,2,0,1,0,0,0,0,2,0,0,1],"bins":[-1.210089087486267,-1.1740672588348389,-1.1380455493927002,-1.1020238399505615,-1.0660020112991333,-1.029980182647705,-0.9939584732055664,-0.957936704158783,-0.9219149351119995,-0.8858931660652161,-0.8498713970184326,-0.8138496279716492,-0.7778278589248657,-0.7418060898780823,-0.7057843208312988,-0.6697625517845154,-0.6337407827377319,-0.5977190136909485,-0.561697244644165,-0.5256754755973816,-0.48965370655059814,-0.4536319375038147,-0.41761016845703125,-0.3815883994102478,-0.34556663036346436,-0.3095448613166809,-0.27352309226989746,-0.237501323223114,-0.20147955417633057,-0.1654578447341919,-0.12943601608276367,-0.09341418743133545,-0.05739235877990723,-0.021370649337768555,0.014651179313659668,0.05067300796508789,0.08669471740722656,0.12271648645401001,0.15873825550079346,0.1947600245475769,0.23078179359436035,0.2668035626411438,0.30282533168792725,0.3388471007347107,0.37486886978149414,0.4108906388282776,0.44691240787506104,0.4829341769218445,0.5189559459686279,0.5549777150154114,0.5909994840621948,0.6270212531089783,0.6630430221557617,0.6990647912025452,0.7350865602493286,0.7711083292961121,0.8071300983428955,0.843151867389679,0.8791736364364624,0.9151954054832458,0.9512171745300293,0.9872389435768127,1.0232607126235962,1.0592825412750244,1.095304250717163]},"gradients/graph_30gat1.heads.0.attn_fc.weight":{"values":[1,0,0,0,0,0,0,0,0,0,0,0,0,0,0,0,1,0,0,0,0,0,0,0,0,0,0,0,0,0,0,0,0,1,2,5,5,7,2,0,0,0,0,0,0,1,0,0,0,0,0,0,4,0,0,0,0,1,1,0,0,0,0,1],"bins":[-0.06027977168560028,-0.05863098055124283,-0.056982193142175674,-0.05533340573310852,-0.05368461459875107,-0.052035823464393616,-0.05038703605532646,-0.04873824864625931,-0.047089457511901855,-0.0454406663775444,-0.04379187896847725,-0.042143091559410095,-0.04049430042505264,-0.03884550929069519,-0.037196721881628036,-0.03554793447256088,-0.03389914333820343,-0.03225035220384598,-0.030601564794778824,-0.02895277738571167,-0.027303986251354218,-0.025655195116996765,-0.02400640770792961,-0.022357620298862457,-0.020708829164505005,-0.019060038030147552,-0.0174112506210804,-0.015762463212013245,-0.014113672077655792,-0.01246488094329834,-0.010816093534231186,-0.009167306125164032,-0.007518511265516281,-0.005869720131158829,-0.004220932722091675,-0.002572145313024521,-0.0009233541786670685,0.0007254369556903839,0.002374224364757538,0.004023011773824692,0.005671802908182144,0.0073205940425395966,0.00896938145160675,0.010618168860673904,0.012266959995031357,0.01391575112938881,0.015564538538455963,0.017213327810168266,0.01886211708188057,0.020510906353592873,0.022159695625305176,0.02380848489701748,0.025457274168729782,0.027106063440442085,0.02875485271215439,0.03040364198386669,0.032052431255578995,0.03370121866464615,0.0353500097990036,0.03699880093336105,0.03864758834242821,0.04029637575149536,0.041945166885852814,0.043593958020210266,0.04524274542927742],"_type":"histogram"},"parameters/graph_30gat1.heads.0.attn_fc.weight":{"_type":"histogram","values":[1,1,0,1,0,0,0,0,0,1,0,1,0,1,0,1,0,1,0,1,1,0,0,0,0,2,0,4,2,0,1,0,3,2,0,1,0,1,0,0,0,0,0,0,1,0,0,1,1,0,0,0,1,1,0,0,0,0,0,0,0,0,0,1],"bins":[-0.8200154304504395,-0.7940000891685486,-0.7679847478866577,-0.7419694662094116,-0.7159541249275208,-0.6899387836456299,-0.6639235019683838,-0.6379081606864929,-0.611892819404602,-0.5858774781227112,-0.5598621368408203,-0.5338468551635742,-0.5078315138816833,-0.4818161725997925,-0.455800861120224,-0.4297855496406555,-0.40377020835876465,-0.3777548670768738,-0.3517395555973053,-0.3257242441177368,-0.29970890283584595,-0.2736935615539551,-0.24767827987670898,-0.22166293859481812,-0.19564759731292725,-0.16963225603103638,-0.1436169147491455,-0.11760163307189941,-0.09158629179000854,-0.06557095050811768,-0.03955566883087158,-0.013540327548980713,0.012475013732910156,0.038490355014801025,0.0645056962966919,0.09052097797393799,0.11653631925582886,0.14255166053771973,0.16856694221496582,0.1945822834968567,0.22059762477874756,0.24661296606063843,0.2726283073425293,0.2986435890197754,0.32465893030166626,0.35067427158355713,0.3766895830631256,0.4027048945426941,0.42872023582458496,0.45473557710647583,0.4807508885860443,0.5067662000656128,0.5327815413475037,0.5587968826293945,0.5848121643066406,0.6108275055885315,0.6368428468704224,0.6628581881523132,0.6888735294342041,0.7148888111114502,0.7409041523933411,0.7669194936752319,0.792934775352478,0.8189501166343689,0.8449654579162598]},"gradients/graph_30classifier.weight":{"_type":"histogram","values":[1,0,0,0,1,0,0,0,0,0,0,0,0,0,0,0,1,0,0,1,0,0,2,0,2,1,1,1,0,3,1,1,1,1,3,0,1,1,1,2,0,2,0,0,1,0,0,1,0,0,0,0,0,0,0,0,0,0,0,1,0,0,0,1],"bins":[-0.13753902912139893,-0.1332409381866455,-0.1289428472518921,-0.12464474141597748,-0.12034665048122406,-0.11604855954647064,-0.11175046116113663,-0.10745236277580261,-0.1031542718410492,-0.09885618090629578,-0.09455808252096176,-0.09025998413562775,-0.08596189320087433,-0.08166380226612091,-0.0773657038807869,-0.07306760549545288,-0.06876951456069946,-0.06447142362594604,-0.06017332524061203,-0.055875226855278015,-0.0515771359205246,-0.04727904498577118,-0.042980946600437164,-0.03868284821510315,-0.03438475728034973,-0.030086666345596313,-0.0257885679602623,-0.021490469574928284,-0.017192378640174866,-0.012894287705421448,-0.008596181869506836,-0.004298090934753418,-1.4901161193847656e-08,0.004298076033592224,0.008596166968345642,0.012894272804260254,0.017192363739013672,0.02149045467376709,0.025788553059101105,0.03008665144443512,0.03438474237918854,0.038682833313941956,0.04298093169927597,0.047279030084609985,0.0515771210193634,0.05587521195411682,0.060173310339450836,0.06447140872478485,0.06876949965953827,0.07306759059429169,0.0773656889796257,0.08166378736495972,0.08596187829971313,0.09025996923446655,0.09455806761980057,0.09885616600513458,0.103154256939888,0.10745234787464142,0.11175044625997543,0.11604854464530945,0.12034663558006287,0.12464472651481628,0.1289428174495697,0.13324092328548431,0.13753901422023773]},"_wandb":{"runtime":11},"val_accuracy":0.5555555555555556,"train_f1":0.41151020408163264,"train_accuracy":0.568,"val_loss":0.6882411986589432,"epoch":5,"_runtime":11.055169,