{"gradients/graph_2gat1.heads.1.attn_fc.weight":{"_type":"histogram","values":[1,0,0,0,0,1,0,0,0,1,0,0,0,2,0,1,0,0,2,0,0,0,1,2,2,0,0,0,0,0,0,0,0,0,0,0,0,0,0,0,0,0,1,0,0,0,0,0,0,0,0,0,0,0,0,0,0,0,0,1,0,0,0,1],"bins":[-0.012658609077334404,-0.011929898522794247,-0.01120118796825409,-0.010472478345036507,-0.009743766859173775,-0.009015057235956192,-0.008286346681416035,-0.007557636126875877,-0.00682892557233572,-0.006100215017795563,-0.005371504463255405,-0.004642793908715248,-0.003914084285497665,-0.003185373730957508,-0.0024566631764173508,-0.0017279526218771935,-0.0009992420673370361,-0.0002705315127968788,0.0004581790417432785,0.0011868895962834358,0.0019156001508235931,0.002644309774041176,0.0033730212599039078,0.0041017308831214905,0.004830440506339073,0.005559151992201805,0.006287861615419388,0.00701657310128212,0.0077452827244997025,0.008473994210362434,0.009202703833580017,0.009931415319442749,0.010660123080015182,0.011388832703232765,0.012117544189095497,0.01284625381231308,0.013574965298175812,0.014303674921393394,0.015032386407256126,0.01576109603047371,0.01648980751633644,0.017218517139554024,0.017947226762771606,0.01867593824863434,0.01940464787185192,0.020133357495069504,0.020862068980932236,0.021590780466794968,0.02231949009001255,0.023048199713230133,0.023776911199092865,0.024505622684955597,0.02523433230817318,0.025963041931390762,0.026691753417253494,0.027420463040471077,0.02814917266368866,0.02887788414955139,0.029606595635414124,0.030335305258631706,0.03106401488184929,0.03179272636771202,0.03252143785357475,0.033250145614147186,0.03397885710000992]},"gradients/graph_2classifier.weight":{"_type":"histogram","values":[2,0,0,0,0,0,0,1,0,0,0,0,0,0,0,0,0,1,0,0,1,0,2,2,1,2,0,1,1,0,1,1,1,1,0,1,1,0,2,1,2,2,0,1,0,0,1,0,0,0,0,0,0,0,0,0,1,0,0,0,0,0,0,2],"bins":[-0.09231863915920258,-0.0894336849451065,-0.08654872328042984,-0.08366376906633377,-0.0807788074016571,-0.07789385318756104,-0.07500889897346497,-0.0721239373087883,-0.06923897564411163,-0.06635402143001556,-0.0634690672159195,-0.06058410555124283,-0.05769915133714676,-0.05481419339776039,-0.05192923545837402,-0.049044277518987656,-0.04615931957960129,-0.04327436164021492,-0.04038940370082855,-0.037504445761442184,-0.03461948782205582,-0.03173453360795975,-0.02884957194328308,-0.02596461772918701,-0.023079663515090942,-0.020194701850414276,-0.017309747636318207,-0.01442478597164154,-0.011539831757545471,-0.008654870092868805,-0.005769915878772736,-0.0028849542140960693,7.450580596923828e-09,0.0028849616646766663,0.0057699233293533325,0.008654877543449402,0.011539839208126068,0.014424793422222137,0.017309755086898804,0.020194709300994873,0.02307967096567154,0.02596462517976761,0.028849579393863678,0.031734541058540344,0.034619495272636414,0.03750445321202278,0.04038941115140915,0.04327436909079552,0.046159327030181885,0.04904428496956825,0.05192924290895462,0.05481420084834099,0.057699158787727356,0.060584113001823425,0.0634690672159195,0.06635402888059616,0.06923899054527283,0.0721239447593689,0.07500889897346497,0.07789386063814163,0.0807788148522377,0.08366377651691437,0.08654873073101044,0.0894336923956871,0.09231864660978317]},"_wandb":{"runtime":7},"train_accuracy":0.432,"parameters/graph_2gat1.heads.1.attn_fc.weight":{"_type":"histogram","values":[1,0,0,0,0,0,0,0,0,0,0,0,1,0,0,0,0,0,0,1,0,0,0,0,0,1,0,0,0,0,1,0,0,0,1,0,1,0,0,0,0,0,1,0,0,2,0,1,0,1,0,1,0,0,1,0,0,0,1,0,0,0,0,1],"bins":[-1.2270355224609375,-1.198767900466919,-1.1705002784729004,-1.1422326564788818,-1.1139649152755737,-1.0856972932815552,-1.0574296712875366,-1.029162049293518,-1.0008944272994995,-0.9726267457008362,-0.9443591237068176,-0.9160914421081543,-0.8878238201141357,-0.8595561981201172,-0.8312885761260986,-0.8030209541320801,-0.7747532725334167,-0.7464855909347534,-0.7182179689407349,-0.6899503469467163,-0.6616827249526978,-0.6334150433540344,-0.6051474213600159,-0.5768797993659973,-0.548612117767334,-0.5203444957733154,-0.4920768737792969,-0.4638092517852783,-0.435541570186615,-0.40727394819259644,-0.3790063261985779,-0.35073864459991455,-0.322471022605896,-0.29420340061187744,-0.2659357190132141,-0.23766809701919556,-0.209400475025177,-0.18113279342651367,-0.15286517143249512,-0.12459754943847656,-0.09632992744445801,-0.06806224584579468,-0.03979462385177612,-0.011527001857757568,0.01674067974090576,0.045008301734924316,0.07327592372894287,0.10154357552528381,0.12981122732162476,0.1580788791179657,0.18634650111198425,0.2146141529083252,0.24288177490234375,0.2711494266986847,0.29941707849502563,0.3276847004890442,0.35595235228538513,0.3842200040817261,0.41248762607574463,0.44075527787208557,0.4690229296684265,0.49729055166244507,0.5255581736564636,0.553825855255127,0.5820934772491455]},"parameters/graph_2gat1.heads.1.fc.weight":{"bins":[-1.338671088218689,-1.3005577325820923,-1.2624444961547852,-1.2243311405181885,-1.1862177848815918,-1.1481044292449951,-1.109991192817688,-1.0718778371810913,-1.0337646007537842,-0.9956512451171875,-0.9575378894805908,-0.9194245934486389,-0.881311297416687,-0.8431979417800903,-0.8050846457481384,-0.7669712901115417,-0.7288579940795898,-0.6907446980476379,-0.6526313424110413,-0.6145180463790894,-0.5764046907424927,-0.5382913947105408,-0.5001780986785889,-0.4620647430419922,-0.4239514470100403,-0.3858381509780884,-0.3477247953414917,-0.309611439704895,-0.2714982032775879,-0.2333848476409912,-0.19527149200439453,-0.1571582555770874,-0.11904478073120117,-0.08093142509460449,-0.04281818866729736,-0.004704833030700684,0.033408522605895996,0.07152175903320312,0.1096351146697998,0.14774847030639648,0.1858617663383484,0.2239750623703003,0.262088418006897,0.3002017140388489,0.3383150100708008,0.37642836570739746,0.41454166173934937,0.45265501737594604,0.49076831340789795,0.5288816094398499,0.5669949650764465,0.6051082611083984,0.6432216167449951,0.681334912776947,0.7194482088088989,0.7575615644454956,0.7956748604774475,0.8337881565093994,0.8719015121459961,0.910014808177948,0.9481281042098999,0.9862414598464966,1.0243548154830933,1.0624680519104004,1.100581407546997],"_type":"histogram","values":[1,0,0,0,0,0,1,0,0,0,0,0,0,0,0,1,2,2,0,0,0,0,1,0,0,0,0,1,2,0,2,0,2,0,2,2,2,5,2,2,2,2,1,1,1,0,1,4,2,0,1,0,0,1,0,0,0,1,0,0,0,0,0,1]},"epoch":5,"train_loss":0.6940135061740875,"train_f1":0.26064804469273745,"_timestamp":1.731631745796433e+09,"parameters/graph_2classifier.weight":{"bins":[-0.23467165231704712,-0.22736705839633942,-0.22006244957447052,-0.21275785565376282,-0.20545324683189392,-0.19814865291118622,-0.19084405899047852,-0.18353945016860962,-0.17623484134674072,-0.16893024742603302,-0.16162565350532532,-0.15432104468345642,-0.14701645076274872,-0.13971185684204102,-0.13240724802017212,-0.12510263919830322,-0.11779804527759552,-0.11049344390630722,-0.10318884253501892,-0.09588424861431122,-0.08857963979244232,-0.08127504587173462,-0.07397043704986572,-0.06666584312915802,-0.05936124920845032,-0.05205664038658142,-0.04475204646587372,-0.03744743764400482,-0.03014284372329712,-0.022838234901428223,-0.01553364098072052,-0.008229032158851624,-0.0009244382381439209,0.006380155682563782,0.013684764504432678,0.02098935842514038,0.028293967247009277,0.03559856116771698,0.042903169989585876,0.05020776391029358,0.057512372732162476,0.06481696665287018,0.07212156057357788,0.07942616939544678,0.08673076331615448,0.09403537213802338,0.10133996605873108,0.10864456743001938,0.11594916880130768,0.12325377017259598,0.13055837154388428,0.13786298036575317,0.14516757428646088,0.15247216820716858,0.15977677702903748,0.16708137094974518,0.17438596487045288,0.18169057369232178,0.18899518251419067,0.19629977643489838,0.20360437035560608,0.21090897917747498,0.21821357309818268,0.22551818192005157,0.23282277584075928],"_type":"histogram","values":[1,1,1,0,0,0,0,2,0,0,2,0,0,1,1,0,0,0,0,0,1,0,0,0,3,0,0,1,0,0,1,0,0,0,0,2,0,0,1,1,0,0,0,1,0,1,0,0,1,0,1,0,1,0,1,0,0,1,0,0,0,2,1,3]},"gradients/graph_2gat1.heads.0.attn_fc.weight":{"_type":"histogram",