{"_runtime":8.1777425,"_step":4,"gradients/graph_32gat1.heads.0.fc.weight":{"bins":[-0.012328803539276123,-0.01200356986373663,-0.011678336188197136,-0.011353102512657642,-0.011027868837118149,-0.010702635161578655,-0.010377401486039162,-0.010052166879177094,-0.009726934134960175,-0.009401699528098106,-0.009076466783881187,-0.00875123217701912,-0.008425998501479626,-0.008100764825940132,-0.007775531150400639,-0.007450297474861145,-0.0071250637993216515,-0.006799830123782158,-0.006474596448242664,-0.006149362772703171,-0.005824129097163677,-0.005498894955962896,-0.005173661280423403,-0.004848427604883909,-0.004523193929344416,-0.004197959788143635,-0.0038727261126041412,-0.0035474924370646477,-0.003222258761525154,-0.0028970250859856606,-0.002571791410446167,-0.0022465577349066734,-0.0019213249906897545,-0.001596091315150261,-0.0012708576396107674,-0.0009456239640712738,-0.0006203902885317802,-0.0002951566129922867,3.007706254720688e-05,0.00035531073808670044,0.0006805448792874813,0.0010057785548269749,0.0013310122303664684,0.001656245905905962,0.001981480047106743,0.0023067137226462364,0.00263194739818573,0.0029571810737252235,0.003282414749264717,0.0036076484248042107,0.003932882100343704,0.004258115775883198,0.004583349451422691,0.004908583126962185,0.005233817268162966,0.005559050943702459,0.005884284619241953,0.0062095182947814465,0.00653475197032094,0.006859986111521721,0.0071852197870612144,0.007510453462600708,0.007835687138140202,0.008160920813679695,0.008486154489219189],"_type":"histogram","values":[1,2,0,2,0,2,1,3,2,0,1,3,0,0,2,1,0,1,2,2,1,2,2,2,1,0,0,0,1,1,0,0,1,3,2,1,0,0,3,3,3,1,0,1,1,1,1,0,1,3,1,2,2,1,0,0,0,1,0,0,1,2,1,1]},"parameters/graph_32gat1.heads.0.attn_fc.weight":{"_type":"histogram","values":[1,0,0,0,0,0,0,0,1,0,0,0,0,1,0,0,0,1,0,0,1,1,0,0,2,1,0,2,0,2,1,0,0,0,1,0,0,0,0,1,0,1,0,0,1,0,0,0,1,0,0,0,0,1,1,0,0,0,0,0,0,2,0,1],"bins":[-0.9273741245269775,-0.9023236036300659,-0.8772730827331543,-0.8522225618362427,-0.827172040939331,-0.8021215200424194,-0.7770710587501526,-0.752020537853241,-0.7269700169563293,-0.7019194960594177,-0.6768689751625061,-0.6518185138702393,-0.6267679929733276,-0.601717472076416,-0.5766669511795044,-0.5516164302825928,-0.5265659093856812,-0.5015153884887695,-0.4764648675918579,-0.4514143764972687,-0.42636382579803467,-0.4013133645057678,-0.3762628436088562,-0.3512123227119446,-0.32616180181503296,-0.30111128091812134,-0.2760607600212097,-0.2510102391242981,-0.22595977783203125,-0.20090925693511963,-0.175858736038208,-0.1508082151412964,-0.12575763463974,-0.10070711374282837,-0.07565659284591675,-0.05060607194900513,-0.025555551052093506,-0.0005050897598266602,0.02454543113708496,0.04959595203399658,0.0746464729309082,0.09969699382781982,0.12474751472473145,0.14979803562164307,0.1748484969139099,0.19989904761314392,0.22494953870773315,0.2500000596046448,0.2750505805015564,0.300101101398468,0.32515162229537964,0.35020211338996887,0.3752526342868805,0.4003031551837921,0.42535364627838135,0.45040416717529297,0.4754546880722046,0.5005052089691162,0.5255557298660278,0.5506062507629395,0.5756567716598511,0.6007072329521179,0.6257577538490295,0.6508082747459412,0.6758587956428528]},"val_accuracy":0.4444444444444444,"val_f1":0.27350427350427353,"epoch":5,"val_loss":0.7322456538677216,"parameters/graph_32classifier.bias":{"_type":"histogram","values":[1,0,0,0,0,0,0,0,0,0,0,0,0,0,0,0,0,0,0,0,0,0,0,0,0,0,0,0,0,0,0,0,0,0,0,0,0,0,0,0,0,0,0,0,0,0,0,0,0,0,0,0,0,0,0,0,0,0,0,0,0,0,0,1],"bins":[-0.08118515461683273,-0.07720407843589783,-0.07322300970554352,-0.06924193352460861,-0.0652608573436737,-0.0612797848880291,-0.05729871243238449,-0.053317636251449585,-0.04933656379580498,-0.04535549134016037,-0.041374415159225464,-0.037393342703580856,-0.03341227024793625,-0.029431194067001343,-0.025450121611356735,-0.02146904543042183,-0.01748797297477722,-0.013506896793842316,-0.009525828063488007,-0.005544751882553101,-0.0015636757016181946,0.0024173930287361145,0.0063984692096710205,0.010379545390605927,0.014360614120960236,0.01834169030189514,0.022322766482830048,0.026303842663764954,0.030284911394119263,0.03426598757505417,0.038247063755989075,0.042228132486343384,0.04620921611785889,0.05019029229879379,0.0541713610291481,0.05815243721008301,0.062133513391017914,0.06611458212137222,0.07009565830230713,0.07407673448324203,0.07805781066417694,0.08203887939453125,0.08601995557546616,0.09000103175640106,0.09398210048675537,0.09796317666769028,0.10194425284862518,0.10592532157897949,0.1099063977599144,0.1138874739408493,0.11786854267120361,0.12184961885213852,0.12583069503307343,0.12981176376342773,0.13379284739494324,0.13777391612529755,0.14175498485565186,0.14573606848716736,0.14971713721752167,0.15369820594787598,0.15767928957939148,0.1616603583097458,0.1656414270401001,0.1696225106716156,0.1736035794019699]},"gradients/graph_32classifier.bias":{"values":[1,0,0,0,0,0,0,0,0,0,0,0,0,0,0,0,0,0,0,0,0,0,0,0,0,0,0,0,0,0,0,0,0,0,0,0,0,0,0,0,0,0,0,0,0,0,0,0,0,0,0,0,0,0,0,0,0,0,0,0,0,0,0,1],"bins":[-0.11321862041950226,-0.10968054085969925,-0.10614245384931564,-0.10260437428951263,-0.09906629472970963,-0.09552821516990662,-0.09199012815952301,-0.08845204859972,-0.08491396903991699,-0.08137588202953339,-0.07783780246973038,-0.07429972290992737,-0.07076163589954376,-0.06722355633974075,-0.06368547677993774,-0.06014739349484444,-0.05660931020975113,-0.05307122692465782,-0.049533143639564514,-0.045995064079761505,-0.042456984519958496,-0.03891889750957489,-0.03538081794977188,-0.03184273838996887,-0.028304651379585266,-0.024766571819782257,-0.021228492259979248,-0.01769041270017624,-0.014152325689792633,-0.010614246129989624,-0.007076166570186615,-0.003538079559803009,0,0.003538079559803009,0.007076166570186615,0.010614246129989624,0.014152325689792633,0.01769041270017624,0.021228492259979248,0.024766571819782257,0.028304651379585266,0.03184273838996887,0.03538081794977188,0.03891889750957489,0.042456984519958496,0.045995064079761505,0.049533143639564514,0.05307122692465782,0.05660931020975113,0.06014739349484444,0.06368547677993774,0.06722355633974075,0.07076163589954376,0.07429972290992737,0.07783780246973038,0.08137588202953339,0.08491396903991699,0.08845204859972,0.09199012815952301,0.09552821516990662,0.09906629472970963,0.10260437428951263,0.10614245384931564,0.10968054085969925,0.11321862041950226],"_type":"histogram"},"gradients/graph_32classifier.weight":{"_type":"histogram","values":[1,0,0,0,0,0,0,0,0,0,0,0,0,3,0,0,1,0,0,1,1,1,1,0,0,0,0,0,1,1,0,1,1,0,1,1,0,0,0,0,0,1,1,1,1,0,0,1,0,0,3,0,0,0,0,0,0,0,0,0,0,0,0,1],"bins":[-0.038400426506996155,-0.03720041364431381,-0.03600040078163147,-0.03480038791894913,-0.033600375056266785,-0.032400358468294144,-0.0312003456056118,-0.03000033274292946,-0.028800319880247116,-0.027600307017564774,-0.02640029415488243,-0.02520027942955494,-0.024000266566872597,-0.022800253704190254,-0.021600238978862762,-0.02040022611618042,-0.019200213253498077,-0.018000200390815735,-0.016800187528133392,-0.0156001728028059,-0.014400159940123558,-0.013200147077441216,-0.012000132352113724,-0.010800119489431381,-0.009600106626749039,-0.008400093764066696,-0.007200080901384354,-0.006000068038702011,-0.00480005145072937,-0.0036000385880470276,-0.002400025725364685,-0.0012000128626823425,0,0.0012000128626823425,0.002400025725364685,0.0036000385880470276,0.00480005145072937,0.006000068038702011,0.007200080901384354,0.008400093764066696,0.009600106626749039,0.010800119489431381,0.012000132352113724,0.013200147077441216,0.014400159940123558,0.0156001728028059,0.016800187528133392,0.018000200390815735,0.019200213253498077,0.02040022611618042,0.021600238978862762,0.022800253704190254,0.024000266566872597,0.02520027942955494,0.02640029415488243,0.027600307017564774,0.028800319880247116,0.03000033274292946,0.0312003456056118,0.032400358468294144,0.033600375056266785,0.03480038791894913,0.03600040078163147,0.03720041364431381,0.038400426506996155]},"train_accuracy":0.432,