{"parameters/graph_21gat1.heads.1.attn_fc.weight":{"bins":[-1.0570383071899414,-1.0295461416244507,-1.00205397605896,-0.9745617508888245,-0.947069525718689,-0.9195773601531982,-0.8920851945877075,-0.864592969417572,-0.8371007442474365,-0.8096085786819458,-0.7821164131164551,-0.7546241879463196,-0.7271320223808289,-0.6996397972106934,-0.6721476316452026,-0.6446554660797119,-0.6171632409095764,-0.5896710157394409,-0.5621788501739502,-0.5346866846084595,-0.507194459438324,-0.47970229387283325,-0.45221006870269775,-0.42471790313720703,-0.3972257375717163,-0.3697335124015808,-0.3422413468360901,-0.3147491216659546,-0.28725695610046387,-0.25976473093032837,-0.23227256536483765,-0.20478034019470215,-0.17728811502456665,-0.14979594945907593,-0.12230372428894043,-0.09481155872344971,-0.06731933355331421,-0.039827167987823486,-0.012334942817687988,0.015157222747802734,0.04264944791793823,0.07014161348342896,0.09763377904891968,0.12512600421905518,0.1526181697845459,0.1801103949546814,0.20760256052017212,0.23509475588798523,0.26258695125579834,0.29007914662361145,0.31757134199142456,0.34506353735923767,0.3725557327270508,0.4000478982925415,0.4275400936603546,0.4550322890281677,0.48252448439598083,0.510016679763794,0.5375088453292847,0.5650010704994202,0.5924932360649109,0.6199854612350464,0.6474776268005371,0.6749698519706726,0.7024620175361633],"_type":"histogram","values":[1,0,0,0,0,0,0,0,0,0,0,0,0,0,0,0,0,0,0,0,0,0,0,0,0,0,0,0,0,1,0,0,1,0,0,0,0,0,0,0,0,0,0,0,0,0,0,0,0,0,0,1,0,0,0,0,0,0,0,0,1,2,0,1]},"gradients/graph_21classifier.weight":{"_type":"histogram","values":[1,0,0,0,0,0,0,0,0,0,0,0,1,0,0,0,1,1,0,0,0,0,0,0,0,0,0,1,0,1,0,2,2,0,1,0,1,0,0,0,0,0,0,0,0,0,1,1,0,0,0,1,0,0,0,0,0,0,0,0,0,0,0,1],"bins":[-1.271611213684082,-1.2318733930587769,-1.1921355724334717,-1.152397632598877,-1.1126598119735718,-1.0729219913482666,-1.0331840515136719,-0.9934462308883667,-0.9537084102630615,-0.9139705896377563,-0.8742327094078064,-0.8344948291778564,-0.7947570085525513,-0.7550191879272461,-0.7152813076972961,-0.6755434274673462,-0.635805606842041,-0.5960677862167358,-0.5563299059867859,-0.5165920257568359,-0.47685420513153076,-0.4371163845062256,-0.39737850427627563,-0.3576406240463257,-0.3179028034210205,-0.27816498279571533,-0.23842716217041016,-0.19868922233581543,-0.15895140171051025,-0.11921358108520508,-0.07947564125061035,-0.039737820625305176,0,0.039737820625305176,0.07947564125061035,0.11921358108520508,0.15895140171051025,0.19868922233581543,0.23842716217041016,0.27816498279571533,0.3179028034210205,0.3576406240463257,0.39737850427627563,0.4371163845062256,0.47685420513153076,0.5165920257568359,0.5563299059867859,0.5960677862167358,0.635805606842041,0.6755434274673462,0.7152813076972961,0.7550191879272461,0.7947570085525513,0.8344948291778564,0.8742327094078064,0.9139705896377563,0.9537084102630615,0.9934462308883667,1.0331840515136719,1.0729219913482666,1.1126598119735718,1.152397632598877,1.1921355724334717,1.2318733930587769,1.271611213684082]},"parameters/graph_21classifier.bias":{"_type":"histogram","values":[1,0,0,0,0,0,0,0,0,0,0,0,0,0,0,0,0,0,0,0,0,0,0,0,0,0,0,0,0,0,0,0,0,0,0,0,0,0,0,0,0,0,0,0,0,0,0,0,0,0,0,0,0,0,0,0,0,0,0,0,0,0,0,1],"bins":[-0.0437178872525692,-0.040389519184827805,-0.03706115111708641,-0.03373277932405472,-0.030404413118958473,-0.02707604505121708,-0.023747675120830536,-0.020419307053089142,-0.017090938985347748,-0.013762570917606354,-0.01043420284986496,-0.007105834782123566,-0.003777462989091873,-0.0004490949213504791,0.002879273146390915,0.006207641214132309,0.009536009281873703,0.012864377349615097,0.01619274541735649,0.019521113485097885,0.02284948155283928,0.026177849620580673,0.029506217688322067,0.03283458575606346,0.03616296127438545,0.039491329342126846,0.04281969740986824,0.046148065477609634,0.04947643354535103,0.05280480161309242,0.056133169680833817,0.05946153774857521,0.0627899020910263,0.0661182701587677,0.0694466382265091,0.07277500629425049,0.07610337436199188,0.07943174242973328,0.08276011049747467,0.08608847856521606,0.08941684663295746,0.09274522215127945,0.09607359021902084,0.09940195828676224,0.10273032635450363,0.10605869442224503,0.10938706248998642,0.11271543055772781,0.11604379862546921,0.1193721666932106,0.122700534760952,0.1260288953781128,0.12935727834701538,0.13268564641475677,0.13601401448249817,0.13934238255023956,0.14267075061798096,0.14599911868572235,0.14932748675346375,0.15265585482120514,0.15598422288894653,0.15931259095668793,0.16264095902442932,0.16596932709217072,0.1692976951599121]},"gradients/graph_21gat1.heads.0.attn_fc.weight":{"values":[1,0,1,0,0,0,0,1,0,0,0,0,0,0,1,2,1,0,0,0,0,0,0,0,0,0,0,0,0,0,0,0,0,0,0,0,0,0,0,0,0,0,0,0,0,0,0,0,0,0,0,0,0,0,0,0,0,0,0,0,0,0,0,1],"bins":[-0.11981694400310516,-0.11134614795446396,-0.10287534445524216,-0.09440454840660095,-0.08593374490737915,-0.07746294885873795,-0.06899215281009674,-0.06052135303616524,-0.052050553262233734,-0.04357975721359253,-0.03510895371437073,-0.026638157665729523,-0.018167361617088318,-0.009696558117866516,-0.0012257620692253113,0.0072450339794158936,0.015715837478637695,0.024186640977859497,0.032657429575920105,0.04112823307514191,0.04959903657436371,0.058069825172424316,0.06654062867164612,0.07501143217086792,0.08348222076892853,0.09195302426815033,0.10042382776737213,0.10889463126659393,0.11736541986465454,0.12583622336387634,0.13430701196193695,0.14277781546115875,0.15124863386154175,0.15971943736076355,0.16819024085998535,0.17666102945804596,0.18513183295726776,0.19360262155532837,0.20207342505455017,0.21054422855377197,0.21901503205299377,0.22748582065105438,0.23595662415027618,0.24442742764949799,0.2528982162475586,0.2613690197467804,0.2698398232460022,0.2783105969429016,0.2867814302444458,0.2952522039413452,0.303723007440567,0.3121938109397888,0.3206646144390106,0.3291354179382324,0.33760619163513184,0.346077024936676,0.35454779863357544,0.36301860213279724,0.37148940563201904,0.37996020913124084,0.38843101263046265,0.39690178632736206,0.40537258982658386,0.41384339332580566,0.42231419682502747],"_type":"histogram"},"_timestamp":1.731688235394356e+09,"parameters/graph_21gat1.heads.0.fc.weight":{"_type":"histogram","values":[1,0,0,1,0,0,1,0,2,1,0,0,0,0,0,0,1,2,0,0,0,0,0,2,1,1,0,2,0,0,1,0,0,1,1,0,0,1,0,1,0,0,0,0,0,0,0,0,0,0,0,0,0,0,0,0,1,0,0,0,0,2,0,1],"bins":[-0.5983132719993591,-0.5744302272796631,-0.550547182559967,-0.526664137840271,-0.5027811527252197,-0.4788981080055237,-0.45501506328582764,-0.4311320185661316,-0.40724897384643555,-0.3833659589290619,-0.35948291420936584,-0.3355998694896698,-0.31171685457229614,-0.2878338098526001,-0.26395076513290405,-0.2400677502155304,-0.21618470549583435,-0.1923016607761383,-0.16841864585876465,-0.1445356011390686,-0.12065255641937256,-0.09676951169967651,-0.07288646697998047,-0.0490034818649292,-0.025120437145233154,-0.0012373924255371094,0.022645652294158936,0.04652869701385498,0.07041174173355103,0.0942947268486023,0.11817777156829834,0.14206081628799438,0.16594386100769043,0.18982690572738647,0.21370995044708252,0.23759299516677856,0.26147598028182983,0.2853590250015259,0.3092420697212219,0.33312511444091797,0.357008159160614,0.38089120388031006,0.40477418899536133,0.4286572337150574,0.4525402784347534,0.47642332315444946,0.5003063678741455,0.5241893529891968,0.5480724573135376,0.5719554424285889,0.5958384871482849,0.619721531867981,0.643604576587677,0.667487621307373,0.6913706064224243,0.7152537107467651,0.7391366958618164,0.7630197405815125,0.7869027853012085,0.8107858300209045,0.8346688747406006,0.8585518598556519,0.8824349045753479,0.906317949295044,0.93020099401474]},