{"_step":4,"parameters/graph_13gat1.heads.0.fc.weight":{"_type":"histogram","values":[1,0,0,1,0,0,1,0,1,0,2,0,2,0,0,0,0,0,2,1,0,0,0,1,0,0,0,0,0,0,0,2,0,1,2,0,0,0,2,0,0,1,0,0,0,0,0,0,0,0,0,1,0,0,0,1,0,0,0,0,0,1,0,1],"bins":[-0.8728892803192139,-0.8413243889808655,-0.8097594380378723,-0.7781945466995239,-0.7466295957565308,-0.7150647044181824,-0.683499813079834,-0.6519348621368408,-0.6203699707984924,-0.588805079460144,-0.5572401285171509,-0.5256752371788025,-0.4941103160381317,-0.46254539489746094,-0.43098050355911255,-0.3994155824184418,-0.367850661277771,-0.3362857699394226,-0.30472081899642944,-0.27315592765808105,-0.2415909767150879,-0.2100260853767395,-0.1784611940383911,-0.14689624309539795,-0.11533135175704956,-0.08376646041870117,-0.05220150947570801,-0.02063661813735962,0.01092827320098877,0.042493224143981934,0.07405811548233032,0.10562306642532349,0.13718795776367188,0.16875284910202026,0.20031780004501343,0.23188269138336182,0.263447642326355,0.29501253366470337,0.32657742500305176,0.3581423759460449,0.3897072672843933,0.4212721586227417,0.45283710956573486,0.48440200090408325,0.5159668922424316,0.5475318431854248,0.5790967345237732,0.6106616854667664,0.6422265768051147,0.6737915277481079,0.7053564190864563,0.7369213104248047,0.7684862613677979,0.8000511527061462,0.8316160440444946,0.8631809949874878,0.8947458863258362,0.9263107776641846,0.9578757286071777,0.9894406199455261,1.0210055112838745,1.0525704622268677,1.0841354131698608,1.1157002449035645,1.1472651958465576]},"train_f1":0.41151020408163264,"gradients/graph_13gat1.heads.0.attn_fc.weight":{"_type":"histogram","values":[1,0,0,0,0,0,0,0,0,0,0,0,0,0,0,0,1,0,1,0,0,0,0,0,1,0,0,0,0,0,0,0,0,0,0,0,0,0,0,1,0,0,0,1,0,0,0,0,0,1,0,0,0,0,0,0,0,0,0,0,0,0,0,1],"bins":[-0.004720638506114483,-0.00458483025431633,-0.004449022002518177,-0.004313213750720024,-0.004177405498921871,-0.004041597247123718,-0.0039057887624949217,-0.0037699805106967688,-0.003634172026067972,-0.0034983637742698193,-0.0033625555224716663,-0.0032267472706735134,-0.0030909390188753605,-0.0029551307670772076,-0.0028193225152790546,-0.002683514030650258,-0.002547705778852105,-0.0024118975270539522,-0.0022760892752557993,-0.0021402807906270027,-0.00200447253882885,-0.0018686642870306969,-0.001732856035232544,-0.001597047783434391,-0.001461239531636238,-0.0013254310470074415,-0.0011896227952092886,-0.0010538145434111357,-0.0009180062916129827,-0.0007821978069841862,-0.0006463895551860332,-0.0005105813033878803,-0.0003747730515897274,-0.00023896479979157448,-0.00010315654799342155,3.265170380473137e-05,0.00016846018843352795,0.00030426844023168087,0.0004400766920298338,0.0005758849438279867,0.0007116934284567833,0.0008475016802549362,0.0009833099320530891,0.001119118183851242,0.001254926435649395,0.001390734687447548,0.0015265431720763445,0.0016623514238744974,0.0017981596756726503,0.0019339679274708033,0.0020697764120996,0.0022055846638977528,0.0023413929156959057,0.0024772011674940586,0.0026130094192922115,0.0027488176710903645,0.0028846259228885174,0.003020434407517314,0.003156242659315467,0.00329205091111362,0.0034278591629117727,0.0035636676475405693,0.0036994758993387222,0.003835284151136875,0.003971092402935028]},"gradients/graph_13gat1.heads.0.fc.weight":{"bins":[-0.008512775413691998,-0.00823598075658083,-0.007959187030792236,-0.007682392839342356,-0.007405598647892475,-0.007128803990781307,-0.006852009799331427,-0.006575215607881546,-0.006298421416431665,-0.006021627224981785,-0.005744833033531904,-0.005468038842082024,-0.005191244184970856,-0.004914450459182262,-0.0046376558020710945,-0.004360861610621214,-0.004084067419171333,-0.0038072732277214527,-0.003530479036271572,-0.0032536848448216915,-0.002976890653371811,-0.002700095996260643,-0.0024233018048107624,-0.002146507613360882,-0.0018697134219110012,-0.0015929192304611206,-0.00131612503901124,-0.0010393308475613594,-0.0007625361904501915,-0.0004857424646615982,-0.0002089478075504303,6.7845918238163e-05,0.0003446415066719055,0.0006214361637830734,0.0008982298895716667,0.0011750245466828346,0.001451818272471428,0.0017286129295825958,0.0020054071210324764,0.002282201312482357,0.0025589955039322376,0.0028357896953821182,0.003112583886831999,0.0033893780782818794,0.0036661727353930473,0.003942966926842928,0.0042197611182928085,0.004496555309742689,0.00477334950119257,0.00505014369264245,0.005326937884092331,0.005603732541203499,0.005880526266992092,0.00615732092410326,0.006434115115553141,0.006710909307003021,0.006987703498452902,0.0072644976899027824,0.007541291881352663,0.007818086072802544,0.008094880729913712,0.008371674455702305,0.008648469112813473,0.008925262838602066,0.009202057495713234],"_type":"histogram","values":[1,1,0,0,0,1,0,0,0,0,0,0,0,0,0,0,0,0,1,0,1,1,0,2,0,1,0,1,0,2,0,0,0,0,1,0,1,0,2,2,1,0,1,0,0,1,0,0,0,1,0,0,0,0,0,0,0,0,0,0,0,0,1,1]},"parameters/graph_13classifier.weight":{"_type":"histogram","values":[1,0,0,0,0,0,0,0,1,0,1,0,0,0,0,0,0,0,0,0,0,1,0,0,0,0,0,0,0,0,0,0,0,0,0,0,0,0,0,0,0,0,1,0,0,0,1,0,0,0,0,0,0,0,0,0,0,0,0,1,0,0,0,1],"bins":[-0.3629385530948639,-0.3519017994403839,-0.34086501598358154,-0.32982826232910156,-0.3187914788722992,-0.3077547252178192,-0.29671794176101685,-0.28568118810653687,-0.2746444344520569,-0.2636076509952545,-0.25257086753845215,-0.24153411388397217,-0.2304973602294922,-0.219460591673851,-0.20842382311820984,-0.19738705456256866,-0.1863502860069275,-0.17531351745128632,-0.16427674889564514,-0.15323998034000397,-0.1422032117843628,-0.1311664581298828,-0.12012968957424164,-0.10909292101860046,-0.09805616736412048,-0.08701938390731812,-0.07598263025283813,-0.06494584679603577,-0.053909093141555786,-0.04287230968475342,-0.03183555603027344,-0.02079877257347107,-0.009762018918991089,0.0012747347354888916,0.01231151819229126,0.02334827184677124,0.03438505530357361,0.04542180895805359,0.05645859241485596,0.06749534606933594,0.0785321295261383,0.08956888318061829,0.10060565173625946,0.11164242029190063,0.12267917394638062,0.1337159425020218,0.14475271105766296,0.15578947961330414,0.1668262481689453,0.1778630167245865,0.18889978528022766,0.19993655383586884,0.21097332239151,0.22201007604599,0.23304684460163116,0.24408361315727234,0.2551203966140747,0.2661571502685547,0.27719390392303467,0.28823068737983704,0.299267441034317,0.3103042244911194,0.32134097814559937,0.33237776160240173,0.3434145152568817]},"val_f1":0.39682539682539686,"train_loss":0.7042696252465248,"parameters/graph_13gat1.heads.0.attn_fc.weight":{"_type":"histogram","values":[1,0,0,0,0,0,0,0,0,0,0,0,1,0,0,0,0,0,0,2,0,0,0,0,0,0,0,0,0,0,0,0,0,1,0,0,0,0,0,0,1,0,0,0,1,0,0,0,0,0,0,0,0,0,0,0,0,0,0,0,0,0,0,1],"bins":[-0.49562692642211914,-0.47753849625587463,-0.45945003628730774,-0.44136160612106323,-0.42327314615249634,-0.40518471598625183,-0.3870962858200073,-0.36900782585144043,-0.3509193956851959,-0.3328309655189514,-0.3147425055503845,-0.29665407538414,-0.2785656452178955,-0.2604771852493286,-0.2423887550830841,-0.2243002951145172,-0.2062118649482727,-0.1881234347820282,-0.1700349748134613,-0.1519465446472168,-0.1338580846786499,-0.1157696545124054,-0.09768122434616089,-0.079592764377594,-0.06150433421134949,-0.04341590404510498,-0.025327444076538086,-0.007239013910293579,0.010849416255950928,0.028937876224517822,0.04702633619308472,0.06511473655700684,0.0832032561302185,0.1012917160987854,0.11938011646270752,0.13746857643127441,0.1555570363998413,0.17364546656608582,0.19173389673233032,0.20982235670089722,0.22791078686714172,0.24599921703338623,0.2640876770019531,0.28217610716819763,0.30026453733444214,0.31835299730300903,0.33644142746925354,0.35452988743782043,0.37261831760406494,0.39070674777030945,0.40879520773887634,0.42688363790512085,0.44497209787368774,0.46306052803993225,0.48114895820617676,0.49923741817474365,0.5173258781433105,0.5354142785072327,0.5535027384757996,0.5715911388397217,0.5896795988082886,0.6077680587768555,0.6258565187454224,0.6439449191093445,0.6620333790779114]},"epoch":5,"parameters/graph_13classifier.bias":{"_type":"histogram",