{"_runtime":10.5008908,"_timestamp":1.731687890887993e+09,"val_loss":0.7174646556377411,"train_f1":0.26064804469273745,"val_accuracy":0.4444444444444444,"train_accuracy":0.432,"gradients/graph_9classifier.bias":{"bins":[-0.5458683371543884,-0.5288099646568298,-0.5117515921592712,-0.49469318985939026,-0.4776347875595093,-0.4605764150619507,-0.4435180425643921,-0.4264596402645111,-0.4094012379646301,-0.39234286546707153,-0.37528449296951294,-0.35822609066963196,-0.34116771817207336,-0.3241093158721924,-0.3070509433746338,-0.2899925410747528,-0.2729341685771942,-0.2558757960796356,-0.23881739377975464,-0.22175902128219604,-0.20470061898231506,-0.18764224648475647,-0.1705838441848755,-0.1535254716873169,-0.1364670991897583,-0.11940869688987732,-0.10235032439231873,-0.08529192209243774,-0.06823354959487915,-0.05117514729499817,-0.03411674499511719,-0.017058372497558594,0,0.017058372497558594,0.03411674499511719,0.05117514729499817,0.06823354959487915,0.08529192209243774,0.10235032439231873,0.11940869688987732,0.1364670991897583,0.1535254716873169,0.1705838441848755,0.18764224648475647,0.20470061898231506,0.22175902128219604,0.23881739377975464,0.2558757960796356,0.2729341685771942,0.2899925410747528,0.3070509433746338,0.3241093158721924,0.34116771817207336,0.35822609066963196,0.37528449296951294,0.39234286546707153,0.4094012379646301,0.4264596402645111,0.4435180425643921,0.4605764150619507,0.4776347875595093,0.49469318985939026,0.5117515921592712,0.5288099646568298,0.5458683371543884],"_type":"histogram","values":[1,0,0,0,0,0,0,0,0,0,0,0,0,0,0,0,0,0,0,0,0,0,0,0,0,0,0,0,0,0,0,0,0,0,0,0,0,0,0,0,0,0,0,0,0,0,0,0,0,0,0,0,0,0,0,0,0,0,0,0,0,0,0,1]},"gradients/graph_9gat1.heads.0.attn_fc.weight":{"_type":"histogram","values":[1,0,0,0,0,0,0,1,0,0,0,0,1,0,0,0,0,1,0,0,0,0,1,0,1,0,1,0,0,0,0,0,1,1,2,2,2,5,0,1,0,0,0,1,1,0,0,0,0,0,0,0,0,0,0,0,0,0,0,0,0,0,0,1],"bins":[-0.07566996663808823,-0.07366100698709488,-0.07165204733610153,-0.06964308768510818,-0.06763413548469543,-0.06562517583370209,-0.06361621618270874,-0.06160725653171539,-0.059598296880722046,-0.0575893372297287,-0.05558037757873535,-0.0535714216530323,-0.051562462002038956,-0.04955350235104561,-0.04754454642534256,-0.04553558677434921,-0.043526627123355865,-0.04151766747236252,-0.03950870782136917,-0.03749975189566612,-0.035490792244672775,-0.03348183259367943,-0.03147287666797638,-0.029463917016983032,-0.027454957365989685,-0.025445997714996338,-0.02343703806400299,-0.021428082138299942,-0.019419122487306595,-0.017410162836313248,-0.015401206910610199,-0.013392247259616852,-0.011383283883333206,-0.009374324232339859,-0.007365364581346512,-0.005356408655643463,-0.003347449004650116,-0.0013384893536567688,0.0006704665720462799,0.002679426223039627,0.004688385874032974,0.006697345525026321,0.008706305176019669,0.010715261101722717,0.012724220752716064,0.014733180403709412,0.01674213632941246,0.018751095980405807,0.020760055631399155,0.022769015282392502,0.0247779730707407,0.026786930859088898,0.028795890510082245,0.030804850161075592,0.03281380981206894,0.03482276573777199,0.036831725388765335,0.03884068503975868,0.04084964096546173,0.04285860061645508,0.044867560267448425,0.04687651991844177,0.04888547956943512,0.05089443549513817,0.052903395146131516]},"_step":4,"gradients/graph_9classifier.weight":{"values":[1,0,0,1,0,0,0,0,1,0,0,0,0,0,0,1,0,0,0,1,2,0,0,0,0,1,0,2,0,1,1,0,0,1,1,0,2,0,1,0,0,0,0,2,1,0,0,0,1,0,0,0,0,0,0,1,0,0,0,0,1,0,0,1],"bins":[-0.4071793854236603,-0.3944550156593323,-0.38173067569732666,-0.36900630593299866,-0.35628196597099304,-0.34355759620666504,-0.3308332562446594,-0.3181088864803314,-0.3053845167160034,-0.2926601767539978,-0.2799358367919922,-0.2672114670276642,-0.2544870972633362,-0.24176274240016937,-0.22903838753700256,-0.21631403267383575,-0.20358967781066895,-0.19086532294750214,-0.17814096808433533,-0.16541661322116852,-0.1526922583580017,-0.1399678885936737,-0.1272435486316681,-0.11451917886734009,-0.10179480910301208,-0.08907046914100647,-0.07634609937667847,-0.06362175941467285,-0.05089738965034485,-0.03817304968833923,-0.02544867992401123,-0.012724339962005615,0,0.012724369764328003,0.025448709726333618,0.03817307949066162,0.050897419452667236,0.06362178921699524,0.07634612917900085,0.08907049894332886,0.10179483890533447,0.11451920866966248,0.12724357843399048,0.1399679183959961,0.1526922881603241,0.1654166430234909,0.17814099788665771,0.19086535274982452,0.20358970761299133,0.21631406247615814,0.22903841733932495,0.24176277220249176,0.25448712706565857,0.2672114968299866,0.2799358367919922,0.2926602065563202,0.3053845763206482,0.3181089162826538,0.3308332562446594,0.3435576260089874,0.35628199577331543,0.36900633573532104,0.38173070549964905,0.39445504546165466,0.40717941522598267],"_type":"histogram"},"parameters/graph_9classifier.bias":{"_type":"histogram","values":[1,0,0,0,0,0,0,0,0,0,0,0,0,0,0,0,0,0,0,0,0,0,0,0,0,0,0,0,0,0,0,0,0,0,0,0,0,0,0,0,0,0,0,0,0,0,0,0,0,0,0,0,0,0,0,0,0,0,0,0,0,0,0,1],"bins":[-0.28427594900131226,-0.28279659152030945,-0.28131726384162903,-0.2798379063606262,-0.2783585786819458,-0.276879221200943,-0.2753998935222626,-0.27392053604125977,-0.27244120836257935,-0.27096185088157654,-0.2694825232028961,-0.2680031657218933,-0.2665238380432129,-0.2650444805622101,-0.26356515288352966,-0.26208579540252686,-0.26060646772384644,-0.25912711024284363,-0.2576477825641632,-0.2561684250831604,-0.25468909740448,-0.2532097399234772,-0.25173041224479675,-0.25025105476379395,-0.24877171218395233,-0.24729236960411072,-0.2458130270242691,-0.2443336844444275,-0.24285434186458588,-0.24137499928474426,-0.23989565670490265,-0.23841631412506104,-0.23693697154521942,-0.2354576289653778,-0.2339782863855362,-0.23249894380569458,-0.23101960122585297,-0.22954025864601135,-0.22806091606616974,-0.22658157348632812,-0.2251022309064865,-0.2236228883266449,-0.22214354574680328,-0.22066420316696167,-0.21918486058712006,-0.21770551800727844,-0.21622616052627563,-0.21474683284759521,-0.2132674753665924,-0.211788147687912,-0.21030879020690918,-0.20882944762706757,-0.20735010504722595,-0.20587076246738434,-0.20439141988754272,-0.2029120773077011,-0.2014327347278595,-0.19995339214801788,-0.19847404956817627,-0.19699470698833466,-0.19551536440849304,-0.19403602182865143,-0.19255667924880981,-0.1910773366689682,-0.1895979940891266]},"_wandb":{"runtime":10},"parameters/graph_9classifier.weight":{"bins":[-0.25432050228118896,-0.24629296362400055,-0.23826541006565094,-0.23023787140846252,-0.22221031785011292,-0.2141827791929245,-0.20615524053573608,-0.19812768697738647,-0.19010014832019806,-0.18207260966300964,-0.17404505610466003,-0.16601751744747162,-0.1579899787902832,-0.1499624252319336,-0.14193488657474518,-0.13390734791755676,-0.12587979435920715,-0.11785225570201874,-0.10982470214366913,-0.10179716348648071,-0.0937696099281311,-0.08574207127094269,-0.07771453261375427,-0.06968697905540466,-0.06165944039821625,-0.05363190174102783,-0.04560434818267822,-0.03757680952548981,-0.02954927086830139,-0.021521717309951782,-0.013494178652763367,-0.005466625094413757,0.0025608837604522705,0.010588422417640686,0.018615975975990295,0.02664351463317871,0.03467106819152832,0.042698606848716736,0.05072614550590515,0.05875369906425476,0.06678123772144318,0.07480877637863159,0.0828363299369812,0.09086386859416962,0.09889140725135803,0.10691896080970764,0.11494649946689606,0.12297405302524567,0.13100159168243408,0.1390291452407837,0.1470566838979721,0.15508422255516052,0.16311177611351013,0.17113931477069855,0.17916685342788696,0.18719440698623657,0.195221945643425,0.2032494843006134,0.211277037858963,0.21930457651615143,0.22733211517333984,0.23535966873168945,0.24338720738887787,0.2514147460460663,0.2594422996044159],"_type":"histogram","values":[1,0,1,1,0,0,0,0,1,0,0,1,0,0,0,1,0,1,0,1,0,0,0,0,0,1,1,0,1,0,0,0,0,0,1,0,0,0,0,0,0,2,1,0,0,0,0,0,0,2,0,1,0,0,1,0,0,0,1,1,1,0,0,2]},"val_f1":0.27350427350427353,