{"_runtime":8.4795349,"parameters/graph_3gat1.heads.0.attn_fc.weight":{"bins":[-0.6336964964866638,-0.6087703108787537,-0.5838440656661987,-0.5589178800582886,-0.5339916944503784,-0.5090654492378235,-0.48413926362991333,-0.4592130482196808,-0.43428683280944824,-0.4093606173992157,-0.38443440198898315,-0.359508216381073,-0.33458200097084045,-0.3096557855606079,-0.28472959995269775,-0.2598033845424652,-0.23487716913223267,-0.20995095372200012,-0.18502473831176758,-0.16009855270385742,-0.13517233729362488,-0.11024612188339233,-0.08531993627548218,-0.060393691062927246,-0.03546750545501709,-0.010541319847106934,0.014384925365447998,0.039311110973358154,0.06423729658126831,0.08916354179382324,0.1140897274017334,0.13901597261428833,0.1639421582221985,0.18886834383010864,0.21379458904266357,0.23872077465057373,0.26364701986312866,0.2885732054710388,0.313499391078949,0.3384256362915039,0.36335182189941406,0.3882780075073242,0.41320425271987915,0.4381304383277893,0.46305665373802185,0.4879828691482544,0.5129090547561646,0.5378352403640747,0.5627614855766296,0.5876877307891846,0.6126139163970947,0.6375401020050049,0.662466287612915,0.68739253282547,0.7123187184333801,0.7372449636459351,0.7621711492538452,0.7870973348617554,0.8120235800743103,0.8369497656822205,0.8618760108947754,0.8868021965026855,0.9117283821105957,0.9366546273231506,0.9615808129310608],"_type":"histogram","values":[1,0,0,0,0,0,0,0,2,0,1,0,0,0,1,0,0,0,0,0,1,0,0,0,0,0,0,1,1,0,0,1,0,0,0,0,0,0,0,1,0,0,0,0,0,0,0,1,1,0,0,0,0,1,1,0,1,0,0,0,0,0,0,1]},"parameters/graph_3gat1.heads.0.fc.weight":{"values":[1,0,0,0,0,0,0,0,2,0,2,0,1,1,0,1,1,2,1,0,0,1,4,1,2,0,0,0,0,2,1,4,2,2,0,1,6,1,2,1,0,0,0,1,1,0,2,0,0,0,0,0,1,0,0,0,0,0,0,0,0,0,0,1],"bins":[-1.132298469543457,-1.0888655185699463,-1.0454325675964355,-1.0019996166229248,-0.9585667848587036,-0.9151338338851929,-0.8717008829116821,-0.8282679319381714,-0.7848350405693054,-0.7414021492004395,-0.6979691982269287,-0.654536247253418,-0.6111032962799072,-0.5676704049110413,-0.5242374539375305,-0.48080456256866455,-0.4373716115951538,-0.39393866062164307,-0.3505057692527771,-0.30707281827926636,-0.2636399269104004,-0.22020697593688965,-0.1767740249633789,-0.13334113359451294,-0.08990812301635742,-0.04647529125213623,-0.0030423402786254883,0.040390610694885254,0.083823561668396,0.12725651264190674,0.17068934440612793,0.21412229537963867,0.25755536556243896,0.3009883165359497,0.34442126750946045,0.38785409927368164,0.4312870502471924,0.4747200012207031,0.5181529521942139,0.5615859031677246,0.6050187349319458,0.6484517455101013,0.6918846368789673,0.735317587852478,0.7787505388259888,0.8221834301948547,0.8656163811683655,0.9090492725372314,0.9524822235107422,0.9959151744842529,1.0393481254577637,1.0827810764312744,1.1262139081954956,1.1696468591690063,1.213079810142517,1.2565127611160278,1.299945592880249,1.3433785438537598,1.3868114948272705,1.4302444458007812,1.473677396774292,1.5171103477478027,1.560543179512024,1.6039761304855347,1.6474090814590454],"_type":"histogram"},"_timestamp":1.731687227646809e+09,"gradients/graph_3classifier.bias":{"_type":"histogram","values":[1,0,0,0,0,0,0,0,0,0,0,0,0,0,0,0,0,0,0,0,0,0,0,0,0,0,0,0,0,0,0,0,0,0,0,0,0,0,0,0,0,0,0,0,0,0,0,0,0,0,0,0,0,0,0,0,0,0,0,0,0,0,0,1],"bins":[-0.1288308948278427,-0.12480492889881134,-0.12077896296977997,-0.1167529970407486,-0.11272703111171722,-0.10870106518268585,-0.10467509925365448,-0.10064913332462311,-0.09662316739559174,-0.09259720146656036,-0.08857123553752899,-0.08454526960849762,-0.08051930367946625,-0.07649333775043488,-0.0724673718214035,-0.06844140589237213,-0.06441543996334076,-0.06038947403430939,-0.056363508105278015,-0.05233754217624664,-0.04831157624721527,-0.0442856103181839,-0.04025964438915253,-0.036233678460121155,-0.03220771253108978,-0.02818174660205841,-0.02415578067302704,-0.020129814743995667,-0.016103848814964294,-0.012077882885932922,-0.00805191695690155,-0.004025951027870178,0,0.004025965929031372,0.008051931858062744,0.012077897787094116,0.01610386371612549,0.02012982964515686,0.024155795574188232,0.028181761503219604,0.03220772743225098,0.03623369336128235,0.04025965929031372,0.04428562521934509,0.048311591148376465,0.05233755707740784,0.05636352300643921,0.06038948893547058,0.06441545486450195,0.06844142079353333,0.0724673867225647,0.07649335265159607,0.08051931858062744,0.08454528450965881,0.08857125043869019,0.09259721636772156,0.09662318229675293,0.1006491482257843,0.10467511415481567,0.10870108008384705,0.11272704601287842,0.11675301194190979,0.12077897787094116,0.12480494379997253,0.1288309097290039]},"gradients/graph_3gat1.heads.0.fc.weight":{"values":[1,0,1,1,0,1,0,0,1,0,0,0,1,0,0,1,1,0,1,0,1,3,1,1,1,0,0,1,2,1,0,2,0,1,3,0,5,4,0,1,0,1,2,0,1,1,0,0,1,1,0,2,0,1,0,0,0,0,1,0,0,0,0,1],"bins":[-0.02126476913690567,-0.020603079348802567,-0.019941389560699463,-0.01927969977259636,-0.018618008121848106,-0.017956318333745003,-0.0172946285456419,-0.016632938757538795,-0.015971247106790543,-0.015309557318687439,-0.014647867530584335,-0.013986177742481232,-0.013324487954378128,-0.01266279723495245,-0.012001107446849346,-0.011339416727423668,-0.010677726939320564,-0.01001603715121746,-0.009354346431791782,-0.008692656643688679,-0.008030965924263,-0.007369276136159897,-0.006707586348056793,-0.006045895628631115,-0.005384206771850586,-0.004722515121102333,-0.004060825332999229,-0.003399135544896126,-0.002737445756793022,-0.0020757559686899185,-0.0014140643179416656,-0.000752374529838562,-9.068474173545837e-05,0.0005710050463676453,0.001232694834470749,0.0018943864852190018,0.0025560762733221054,0.003217766061425209,0.0038794558495283127,0.004541145637631416,0.005202837288379669,0.005864526145160198,0.0065262168645858765,0.00718790665268898,0.007849596440792084,0.008511287160217762,0.009172976948320866,0.009834667667746544,0.010496357455849648,0.011158047243952751,0.01181973796337843,0.012481427751481533,0.013143118470907211,0.013804808259010315,0.014466498047113419,0.015128187835216522,0.015789877623319626,0.01645156927406788,0.017113259062170982,0.017774948850274086,0.01843663863837719,0.019098330289125443,0.019760020077228546,0.02042170986533165,0.021083399653434753],"_type":"histogram"},"train_loss":0.6724112778902054,"parameters/graph_3gat1.heads.1.fc.weight":{"_type":"histogram","values":[2,1,1,0,0,0,0,0,0,0,0,1,0,0,0,1,1,1,0,0,0,2,1,4,2,1,2,3,2,4,0,0,2,0,2,1,0,1,3,1,2,0,1,0,0,0,0,2,1,0,0,0,1,0,0,0,0,0,0,0,0,0,1,1],"bins":[-0.9187250733375549,-0.8841020464897156,-0.8494790196418762,-0.8148560523986816,-0.7802330255508423,-0.7456099987030029,-0.7109869718551636,-0.6763639450073242,-0.6417409181594849,-0.6071178913116455,-0.5724949240684509,-0.5378718972206116,-0.5032488703727722,-0.46862587332725525,-0.4340028464794159,-0.3993798494338989,-0.36475682258605957,-0.3301337957382202,-0.29551076889038086,-0.2608878016471863,-0.22626477479934692,-0.19164174795150757,-0.1570187211036682,-0.12239569425582886,-0.0877726674079895,-0.05314970016479492,-0.018526673316955566,0.01609635353088379,0.050719380378723145,0.08534234762191772,0.11996537446975708,0.15458840131759644,0.18921148777008057,0.22383451461791992,0.2584575414657593,0.29308056831359863,0.3277035355567932,0.36232656240463257,0.3969495892524719,0.4315726161003113,0.46619558334350586,0.5008186101913452,0.5354416370391846,0.5700646638870239,0.6046876907348633,0.6393107175827026,0.6739336848258972,0.7085567116737366,0.7431797385215759,0.7778027653694153,0.8124257326126099,0.8470487594604492,0.8816717863082886,0.9162948131561279,0.9509178400039673,0.9855408668518066,1.020163893699646,1.0547869205474854,1.0894098281860352,1.124032974243164,1.1586558818817139,1.1932789087295532,1.2279019355773926,1.262524962425232,1.2971479892730713]},"parameters/graph_3classifier.bias":{"_type":"histogram","values":[1,0,0,0,0,0,0,0,0,0,0,0,0,0,0,0,0,0,0,0,0,0,0,0,0,0,0,0,0,0,0,0,0,0,0,0,0,0,0,0,0,0,0,0,0,0,0,0,0,0,0,0,0,0,0,0,0,0,0,0,0,0,0,1],