{"val_loss":0.7191118896007538,"gradients/graph_17classifier.weight":{"_type":"histogram","values":[1,0,0,0,0,0,0,0,0,0,0,1,0,0,0,0,0,0,0,0,0,0,0,0,0,0,0,0,0,2,0,0,0,0,2,0,0,0,0,0,0,0,0,0,0,0,0,0,0,0,0,0,1,0,0,0,0,0,0,0,0,0,0,1],"bins":[-0.20490729808807373,-0.19850394129753113,-0.19210058450698853,-0.18569724261760712,-0.17929388582706451,-0.1728905290365219,-0.1664871871471405,-0.1600838303565979,-0.1536804735660553,-0.1472771167755127,-0.1408737599849701,-0.13447041809558868,-0.12806706130504608,-0.12166370451450348,-0.11526035517454147,-0.10885700583457947,-0.10245364904403687,-0.09605029225349426,-0.08964694291353226,-0.08324359357357025,-0.07684023678302765,-0.07043687999248505,-0.06403353810310364,-0.057630181312561035,-0.05122682452201843,-0.04482346773147583,-0.03842011094093323,-0.03201676905155182,-0.025613412261009216,-0.019210055470466614,-0.012806713581085205,-0.0064033567905426025,0,0.0064033567905426025,0.012806713581085205,0.019210055470466614,0.025613412261009216,0.03201676905155182,0.03842011094093323,0.04482346773147583,0.05122682452201843,0.057630181312561035,0.06403353810310364,0.07043687999248505,0.07684023678302765,0.08324359357357025,0.08964694291353226,0.09605029225349426,0.10245364904403687,0.10885700583457947,0.11526035517454147,0.12166370451450348,0.12806706130504608,0.13447041809558868,0.1408737599849701,0.1472771167755127,0.1536804735660553,0.1600838303565979,0.1664871871471405,0.1728905290365219,0.17929388582706451,0.18569724261760712,0.19210058450698853,0.19850394129753113,0.20490729808807373]},"gradients/graph_17classifier.bias":{"bins":[-0.18190976977348328,-0.17622509598731995,-0.17054040729999542,-0.1648557335138321,-0.15917104482650757,-0.15348637104034424,-0.1478016972541809,-0.14211700856685638,-0.13643231987953186,-0.13074764609336853,-0.1250629723072052,-0.11937828361988068,-0.11369360983371735,-0.10800892859697342,-0.10232424736022949,-0.09663956612348557,-0.09095488488674164,-0.08527020364999771,-0.07958552241325378,-0.07390084117650986,-0.06821615993976593,-0.0625314861536026,-0.056846797466278076,-0.051162123680114746,-0.045477449893951416,-0.03979276120662689,-0.03410808742046356,-0.028423398733139038,-0.022738724946975708,-0.017054036259651184,-0.011369362473487854,-0.00568467378616333,0,0.00568467378616333,0.011369362473487854,0.017054036259651184,0.022738724946975708,0.028423398733139038,0.03410808742046356,0.03979276120662689,0.045477449893951416,0.051162123680114746,0.056846797466278076,0.0625314861536026,0.06821615993976593,0.07390084117650986,0.07958552241325378,0.08527020364999771,0.09095488488674164,0.09663956612348557,0.10232424736022949,0.10800892859697342,0.11369360983371735,0.11937828361988068,0.1250629723072052,0.13074764609336853,0.13643231987953186,0.14211700856685638,0.1478016972541809,0.15348637104034424,0.15917104482650757,0.1648557335138321,0.17054040729999542,0.17622509598731995,0.18190976977348328],"_type":"histogram","values":[1,0,0,0,0,0,0,0,0,0,0,0,0,0,0,0,0,0,0,0,0,0,0,0,0,0,0,0,0,0,0,0,0,0,0,0,0,0,0,0,0,0,0,0,0,0,0,0,0,0,0,0,0,0,0,0,0,0,0,0,0,0,0,1]},"train_loss":0.727665938436985,"parameters/graph_17gat1.heads.0.fc.weight":{"_type":"histogram","values":[1,0,0,0,0,0,0,0,0,0,1,0,0,0,0,0,0,0,0,0,0,0,2,1,1,1,1,3,0,1,0,2,0,1,0,1,0,1,2,2,0,0,0,0,0,1,0,1,0,0,0,0,0,0,0,0,0,0,0,0,0,0,0,1],"bins":[-1.631893277168274,-1.5808863639831543,-1.5298794507980347,-1.478872537612915,-1.4278655052185059,-1.3768585920333862,-1.3258516788482666,-1.274844765663147,-1.2238378524780273,-1.1728308200836182,-1.1218239068984985,-1.070816993713379,-1.0198100805282593,-0.9688031077384949,-0.9177961945533752,-0.8667892217636108,-0.8157823085784912,-0.7647753953933716,-0.7137684226036072,-0.6627615094184875,-0.6117545366287231,-0.5607476234436035,-0.5097407102584839,-0.45873379707336426,-0.40772688388824463,-0.35671985149383545,-0.3057129383087158,-0.2547060251235962,-0.20369911193847656,-0.15269219875335693,-0.10168516635894775,-0.050678253173828125,0.0003285408020019531,0.05133545398712158,0.10234236717224121,0.1533493995666504,0.20435631275177002,0.25536322593688965,0.3063701391220093,0.3573770523071289,0.4083840847015381,0.4593909978866577,0.5103979110717773,0.561404824256897,0.6124117374420166,0.663418710231781,0.7144256234169006,0.765432596206665,0.8164395093917847,0.8674464225769043,0.9184533953666687,0.9694603085517883,1.0204672813415527,1.0714741945266724,1.122481107711792,1.1734880208969116,1.2244949340820312,1.2755019664764404,1.32650887966156,1.3775157928466797,1.4285227060317993,1.479529619216919,1.5305366516113281,1.5815435647964478,1.6325504779815674]},"_wandb":{"runtime":11},"parameters/graph_17gat1.heads.0.attn_fc.weight":{"bins":[-0.5332906246185303,-0.5171719193458557,-0.5010531544685364,-0.4849344491958618,-0.46881574392318726,-0.4526970088481903,-0.43657827377319336,-0.4204595685005188,-0.40434086322784424,-0.3882221281528473,-0.37210339307785034,-0.3559846878051758,-0.33986595273017883,-0.3237472176551819,-0.3076285123825073,-0.29150980710983276,-0.2753910720348358,-0.25927233695983887,-0.2431536316871643,-0.22703489661216736,-0.2109161913394928,-0.19479745626449585,-0.1786787509918213,-0.16256001591682434,-0.1464412808418274,-0.13032257556915283,-0.11420384049415588,-0.09808513522148132,-0.08196640014648438,-0.06584769487380981,-0.049728959798812866,-0.033610254526138306,-0.017491519451141357,-0.0013727843761444092,0.014745920896530151,0.0308646559715271,0.04698336124420166,0.06310209631919861,0.07922080159187317,0.09533953666687012,0.11145824193954468,0.12757697701454163,0.14369571208953857,0.15981441736221313,0.17593315243721008,0.19205185770988464,0.2081705927848816,0.22428929805755615,0.2404080331325531,0.25652676820755005,0.2726454734802246,0.28876417875289917,0.3048829138278961,0.32100164890289307,0.3371203541755676,0.3532390892505646,0.3693578243255615,0.3854765295982361,0.40159523487091064,0.4177139699459076,0.43383270502090454,0.4499514102935791,0.46607014536857605,0.4821888506412506,0.49830758571624756],"_type":"histogram","values":[1,0,0,0,0,0,0,0,0,0,0,0,0,0,0,0,0,0,1,0,0,0,0,0,1,0,0,0,0,0,0,0,0,0,0,0,1,0,0,0,0,0,1,0,0,0,1,0,1,0,0,0,0,0,0,0,0,0,0,0,0,0,0,1]},"gradients/graph_17gat1.heads.0.fc.weight":{"_type":"histogram","values":[2,0,0,0,0,1,0,1,0,0,1,0,0,1,0,1,0,0,0,1,1,1,0,0,0,0,0,0,1,0,0,2,2,0,1,1,0,0,1,0,0,0,2,0,0,0,1,1,0,0,0,0,0,0,0,0,0,0,0,0,0,1,0,1],"bins":[-0.018457626923918724,-0.017891962081193924,-0.017326297238469124,-0.016760632395744324,-0.016194969415664673,-0.015629304572939873,-0.015063639730215073,-0.014497974887490273,-0.013932310044765472,-0.013366645202040672,-0.012800980359315872,-0.012235316447913647,-0.011669651605188847,-0.011103986762464046,-0.010538322851061821,-0.009972658008337021,-0.00940699316561222,-0.00884132832288742,-0.00827566348016262,-0.007709999568760395,-0.007144334726035595,-0.006578669883310795,-0.006013005971908569,-0.005447341129183769,-0.004881676286458969,-0.004316011443734169,-0.003750346601009369,-0.0031846826896071434,-0.002619018778204918,-0.002053353935480118,-0.0014876890927553177,-0.0009220242500305176,-0.00035635754466056824,0.00020930729806423187,0.000774972140789032,0.001340636983513832,0.0019063018262386322,0.0024719657376408577,0.003037629649043083,0.0036032944917678833,0.004168959334492683,0.0047346241772174835,0.005300289019942284,0.005865952931344509,0.006431617774069309,0.006997282616794109,0.007562946528196335,0.008128611370921135,0.008694276213645935,0.009259941056370735,0.009825605899095535,0.01039126981049776,0.010956934653222561,0.011522599495947361,0.012088263407349586,0.012653928250074387,0.013219593092799187,0.013785257935523987,0.014350922778248787,0.014916586689651012,0.015482251532375813,0.016047915443778038,0.016613580286502838,0.017179245129227638,0.01774490997195244]},"epoch":5,"train_accuracy":0.432,"train_f1":0.26064804469273745,"_step":4,"_runtime":11.2340585,