{"gradients/graph_11gat1.heads.1.attn_fc.weight":{"values":[1,0,0,0,0,0,0,1,0,0,0,1,1,0,0,0,0,0,0,0,0,1,0,0,0,0,0,0,0,0,0,0,0,0,0,0,0,0,0,0,0,0,0,0,0,0,0,0,0,0,0,0,0,1,0,0,0,0,0,0,0,0,0,2],"bins":[1.2543705452117138e-07,1.0260624549118802e-05,2.0395813407958485e-05,3.053100226679817e-05,4.066618930664845e-05,5.080137634649873e-05,6.0936567024327815e-05,7.107175042619929e-05,8.120694110402837e-05,9.134213178185746e-05,0.00010147731518372893,0.00011161250586155802,0.00012174769653938711,0.0001318828872172162,0.00014201806334313005,0.00015215325402095914,0.00016228844469878823,0.0001724236353766173,0.0001825588260544464,0.00019269400218036026,0.00020282919285818934,0.00021296438353601843,0.00022309957421384752,0.0002332347648916766,0.0002433699555695057,0.00025350513169541955,0.00026364033692516387,0.0002737755130510777,0.0002839106891769916,0.0002940458944067359,0.00030418107053264976,0.00031431627576239407,0.00032445145188830793,0.0003345866280142218,0.0003447218332439661,0.00035485700936987996,0.0003649922145996243,0.00037512739072553813,0.000385262566851452,0.0003953977720811963,0.00040553294820711017,0.000415668124333024,0.00042580332956276834,0.00043593853479251266,0.0004460737109184265,0.00045620888704434037,0.00046634406317025423,0.00047647926839999855,0.00048661447362974286,0.0004967496497556567,0.0005068848258815706,0.0005170200020074844,0.0005271552363410592,0.0005372904124669731,0.0005474255885928869,0.0005575607647188008,0.0005676959408447146,0.0005778311751782894,0.0005879663513042033,0.0005981015274301171,0.000608236703556031,0.0006183718796819448,0.0006285071140155196,0.0006386422901414335,0.0006487774662673473],"_type":"histogram"},"epoch":5,"gradients/graph_11classifier.weight":{"values":[1,0,0,0,0,0,0,0,0,0,0,0,0,0,0,0,0,0,0,0,0,1,0,1,0,1,0,0,0,3,1,0,0,1,3,0,0,0,1,0,1,0,1,0,0,0,0,0,0,0,0,0,0,0,0,0,0,0,0,0,0,0,0,1],"bins":[-0.021520454436540604,-0.02084794081747532,-0.020175425335764885,-0.0195029117166996,-0.018830398097634315,-0.01815788447856903,-0.017485368996858597,-0.016812855377793312,-0.016140341758728027,-0.015467827208340168,-0.014795312657952309,-0.014122799038887024,-0.013450284488499165,-0.01277777086943388,-0.01210525631904602,-0.011432742699980736,-0.010760228149592876,-0.010087713599205017,-0.009415199980139732,-0.008742685429751873,-0.008070171810686588,-0.007397657260298729,-0.006725143641233444,-0.006052629090845585,-0.0053801145404577255,-0.004707600921392441,-0.004035087302327156,-0.003362571820616722,-0.0026900582015514374,-0.0020175445824861526,-0.001345030963420868,-0.000672515481710434,-1.862645149230957e-09,0.0006725117564201355,0.0013450272381305695,0.002017540857195854,0.002690054476261139,0.0033625680953264236,0.004035083577036858,0.004707597196102142,0.005380110815167427,0.006052625365555286,0.006725139915943146,0.0073976535350084305,0.00807016808539629,0.008742681704461575,0.009415196254849434,0.010087709873914719,0.010760224424302578,0.011432738974690437,0.012105252593755722,0.012777767144143581,0.013450280763208866,0.014122795313596725,0.01479530893266201,0.01546782348304987,0.01614033803343773,0.016812851652503014,0.0174853652715683,0.018157880753278732,0.018830394372344017,0.019502907991409302,0.020175421610474586,0.02084793709218502,0.021520450711250305],"_type":"histogram"},"_runtime":7.9587462,"_timestamp":1.7317009359055598e+09,"parameters/graph_11gat1.heads.1.fc.weight":{"_type":"histogram","values":[1,0,0,0,0,0,0,0,0,0,0,0,0,0,0,0,0,0,0,0,1,0,0,1,0,0,0,2,0,1,0,1,1,1,0,1,1,0,0,0,1,0,1,0,2,0,1,0,0,0,0,1,0,2,2,0,0,0,0,0,0,1,0,2],"bins":[-1.5691611766815186,-1.5286237001419067,-1.488086223602295,-1.447548747062683,-1.4070112705230713,-1.3664737939834595,-1.3259363174438477,-1.2853988409042358,-1.244861364364624,-1.2043238878250122,-1.1637864112854004,-1.1232489347457886,-1.0827114582061768,-1.0421738624572754,-1.0016365051269531,-0.9610989689826965,-0.9205614924430847,-0.8800240159034729,-0.8394865393638611,-0.7989490628242493,-0.7584115862846375,-0.7178741097450256,-0.6773366332054138,-0.636799156665802,-0.5962616205215454,-0.5557241439819336,-0.5151866674423218,-0.47464919090270996,-0.43411171436309814,-0.39357423782348633,-0.3530367612838745,-0.3124992847442627,-0.2719618082046509,-0.23142433166503906,-0.19088685512542725,-0.15034937858581543,-0.10981190204620361,-0.0692744255065918,-0.02873694896697998,0.011800527572631836,0.05233800411224365,0.09287554025650024,0.13341301679611206,0.17395049333572388,0.2144879698753357,0.2550254464149475,0.2955629229545593,0.33610039949417114,0.37663787603378296,0.4171753525733948,0.4577128291130066,0.4982503056526184,0.5387877821922302,0.5793253183364868,0.6198627948760986,0.6604002714157104,0.7009377479553223,0.7414752244949341,0.7820127010345459,0.8225501775741577,0.8630876541137695,0.9036251306533813,0.9441626071929932,0.984700083732605,1.0252375602722168]},"parameters/graph_11classifier.bias":{"_type":"histogram","values":[1,0,0,0,0,0,0,0,0,0,0,0,0,0,0,0,0,0,0,0,0,0,0,0,0,0,0,0,0,0,0,0,0,0,0,0,0,0,0,0,0,0,0,0,0,0,0,0,0,0,0,0,0,0,0,0,0,0,0,0,0,0,0,1],"bins":[0.2266346514225006,0.22783102095127106,0.2290273755788803,0.23022374510765076,0.2314201146364212,0.23261648416519165,0.2338128387928009,0.23500920832157135,0.2362055778503418,0.23740193247795105,0.2385983020067215,0.23979467153549194,0.2409910410642624,0.24218739569187164,0.2433837652206421,0.24458013474941254,0.24577650427818298,0.24697285890579224,0.24816922843456268,0.24936559796333313,0.2505619525909424,0.251758337020874,0.2529546916484833,0.25415104627609253,0.25534743070602417,0.2565437853336334,0.2577401399612427,0.2589365243911743,0.26013287901878357,0.2613292336463928,0.26252561807632446,0.2637219727039337,0.26491832733154297,0.2661147117614746,0.26731106638908386,0.2685074508190155,0.26970380544662476,0.270900160074234,0.27209654450416565,0.2732928991317749,0.27448925375938416,0.2756856381893158,0.27688199281692505,0.2780783474445343,0.27927473187446594,0.2804710865020752,0.28166747093200684,0.2828638255596161,0.28406018018722534,0.285256564617157,0.28645291924476624,0.2876492738723755,0.28884565830230713,0.2900420129299164,0.29123836755752563,0.2924347519874573,0.29363110661506653,0.2948274612426758,0.2960238456726074,0.2972202003002167,0.2984165847301483,0.29961293935775757,0.3008092939853668,0.30200567841529846,0.3032020330429077]},"_wandb":{"runtime":7},"gradients/graph_11gat1.heads.1.fc.weight":{"bins":[-0.001994437538087368,-0.0019492707215249538,-0.0019041040213778615,-0.0018589372048154473,-0.001813770504668355,-0.0017686036881059408,-0.0017234368715435266,-0.0016782700549811125,-0.0016331033548340201,-0.0015879366546869278,-0.0015427698381245136,-0.0014976030215620995,-0.0014524362049996853,-0.001407269504852593,-0.0013621026882901788,-0.0013169359881430864,-0.0012717691715806723,-0.001226602355018258,-0.0011814356548711658,-0.0011362688383087516,-0.0010911021381616592,-0.001045935321599245,-0.001000768505036831,-0.0009556018048897386,-0.0009104349883273244,-0.0008652681717649102,-0.0008201014716178179,-0.0007749346550554037,-0.0007297678384929895,-0.0006846011383458972,-0.000639434321783483,-0.0005942676216363907,-0.0005491008050739765,-0.0005039339885115623,-0.00045876728836447,-0.00041360047180205584,-0.0003684337716549635,-0.0003232669550925493,-0.00027810013853013515,-0.0002329334383830428,-0.00018776662182062864,-0.00014259980525821447,-9.743310511112213e-05,-5.226628854870796e-05,-7.099530193954706e-06,3.806722816079855e-05,8.323404472321272e-05,0.00012840080307796597,0.00017356756143271923,0.0002187343197874725,0.00026390107814222574,0.0003090678947046399,0.00035423465305939317,0.0003994014114141464,0.00044456819887273014,0.0004897349863313138,0.0005349017446860671,0.0005800685030408204,0.0006252352613955736,0.0006704020779579878,0.000715568836312741,0.0007607355946674943,0.0008059024112299085,0.0008510691695846617,0.000896235927939415],"_type":"histogram",