{"_timestamp":1.73168820196632e+09,"_runtime":18.9533039,"gradients/graph_19gat1.heads.0.attn_fc.weight":{"bins":[-0.013962623663246632,-0.012824591249227524,-0.011686558835208416,-0.010548526421189308,-0.009410494938492775,-0.008272461593151093,-0.007134430110454559,-0.0059963976964354515,-0.004858365282416344,-0.003720332868397236,-0.002582300454378128,-0.0014442680403590202,-0.00030623655766248703,0.0008317958563566208,0.0019698282703757286,0.003107861615717411,0.004245893098413944,0.0053839245811104774,0.00652195792645216,0.007659989409148693,0.008798022754490376,0.009936054237186909,0.011074087582528591,0.012212119065225124,0.013350150547921658,0.01448818389326334,0.0156262144446373,0.01676424965262413,0.017902281135320663,0.019040312618017197,0.02017834782600403,0.02131637930870056,0.022454407066106796,0.02359243854880333,0.024730470031499863,0.025868505239486694,0.027006536722183228,0.02814456820487976,0.029282601550221443,0.030420633032917976,0.03155866637825966,0.03269669786095619,0.033834729343652725,0.03497276455163956,0.03611079603433609,0.03724882751703262,0.038386858999729156,0.03952489048242569,0.04066292196512222,0.041800953447818756,0.04293898865580559,0.04407702013850212,0.04521505534648895,0.046353086829185486,0.04749111831188202,0.04862914979457855,0.049767181277275085,0.05090521275997162,0.05204324796795845,0.053181279450654984,0.05431931093335152,0.05545734241604805,0.05659537762403488,0.057733409106731415,0.05887144058942795],"_type":"histogram","values":[1,0,0,0,0,0,0,1,0,2,0,9,3,1,1,0,0,0,1,0,0,1,1,0,0,0,0,0,0,0,0,0,0,0,0,0,0,0,0,0,0,0,1,1,0,0,0,0,0,0,0,0,0,0,0,0,0,0,0,0,0,0,0,1]},"_wandb":{"runtime":18},"train_accuracy":0.568,"val_accuracy":0.5555555555555556,"parameters/graph_19gat1.heads.1.fc.weight":{"bins":[-1.1593364477157593,-1.1289422512054443,-1.0985480546951294,-1.0681538581848145,-1.0377596616744995,-1.0073654651641846,-0.9769713282585144,-0.9465771317481995,-0.9161829948425293,-0.8857887983322144,-0.8553946018218994,-0.8250004053115845,-0.7946062088012695,-0.7642120122909546,-0.7338178157806396,-0.7034236788749695,-0.6730294823646545,-0.6426352858543396,-0.6122410893440247,-0.5818469524383545,-0.5514527559280396,-0.5210585594177246,-0.49066436290740967,-0.4602701663970947,-0.4298759698867798,-0.3994818329811096,-0.3690876364707947,-0.33869343996047974,-0.3082992434501648,-0.27790504693984985,-0.2475109100341797,-0.21711671352386475,-0.1867225170135498,-0.15632832050323486,-0.12593412399291992,-0.09553998708724976,-0.06514579057693481,-0.03475159406661987,-0.004357397556304932,0.02603679895401001,0.056430935859680176,0.08682513236999512,0.11721932888031006,0.147613525390625,0.17800772190093994,0.20840191841125488,0.23879605531692505,0.26919025182724,0.29958444833755493,0.3299786448478699,0.3603728115558624,0.39076700806617737,0.4211611747741699,0.45155537128448486,0.4819495677947998,0.5123437643051147,0.5427379608154297,0.5731320977210999,0.6035262942314148,0.6339204907417297,0.6643146872520447,0.6947088241577148,0.7251030206680298,0.7554972171783447,0.7858914136886597],"_type":"histogram","values":[1,0,0,0,0,0,1,0,1,0,0,0,0,0,1,2,1,1,2,2,2,0,1,2,3,2,0,2,1,2,1,2,0,2,3,1,1,1,3,3,2,0,1,0,3,0,1,1,4,3,1,2,0,1,1,0,3,0,2,1,0,1,0,1]},"train_loss":0.736893767490983,"val_loss":0.7156739681959152,"parameters/graph_19gat1.heads.0.fc.weight":{"_type":"histogram","values":[1,0,0,0,1,0,1,1,0,2,3,3,2,3,3,2,0,2,3,2,0,3,4,2,4,3,4,8,2,0,3,0,1,0,1,1,0,2,0,1,0,1,1,0,0,0,1,0,0,0,0,0,0,0,0,0,0,0,0,0,0,0,0,1],"bins":[-1.0666528940200806,-1.0209425687789917,-0.9752322435379028,-0.929521918296814,-0.8838115930557251,-0.8381012678146362,-0.7923908829689026,-0.7466805577278137,-0.7009702324867249,-0.655259907245636,-0.6095495820045471,-0.5638392567634583,-0.5181288719177246,-0.47241854667663574,-0.4267082214355469,-0.380997896194458,-0.33528757095336914,-0.2895772457122803,-0.2438669204711914,-0.19815659523010254,-0.15244626998901367,-0.10673588514328003,-0.06102561950683594,-0.01531529426574707,0.030395150184631348,0.07610547542572021,0.12181580066680908,0.16752612590789795,0.21323645114898682,0.2589467763900757,0.30465710163116455,0.3503674268722534,0.3960777521133423,0.44178807735443115,0.48749840259552,0.5332087278366089,0.5789190530776978,0.6246293783187866,0.6703397035598755,0.7160500288009644,0.7617603540420532,0.8074707984924316,0.8531811237335205,0.8988913893699646,0.9446017742156982,0.9903120994567871,1.036022424697876,1.0817327499389648,1.1274430751800537,1.1731534004211426,1.2188637256622314,1.2645740509033203,1.3102843761444092,1.355994701385498,1.401705026626587,1.4474153518676758,1.4931256771087646,1.5388360023498535,1.5845463275909424,1.6302567720413208,1.6759670972824097,1.7216774225234985,1.7673877477645874,1.8130980730056763,1.8588083982467651]},"parameters/graph_19classifier.bias":{"bins":[0.0919802263379097,0.09363193809986115,0.09528365731239319,0.09693536907434464,0.09858708828687668,0.10023880004882812,0.10189051926136017,0.10354223102331161,0.10519395023584366,0.1068456619977951,0.10849738121032715,0.1101490929722786,0.11180081218481064,0.11345252394676208,0.11510424315929413,0.11675595492124557,0.11840767413377762,0.12005938589572906,0.12171110510826111,0.12336281687021255,0.125014528632164,0.12666624784469604,0.1283179670572281,0.12996968626976013,0.13162139058113098,0.13327310979366302,0.13492482900619507,0.13657653331756592,0.13822825253009796,0.13987997174263,0.14153169095516205,0.1431834101676941,0.14483511447906494,0.14648683369159698,0.14813855290412903,0.14979025721549988,0.15144197642803192,0.15309369564056396,0.154745414853096,0.15639713406562805,0.1580488383769989,0.15970055758953094,0.161352276802063,0.16300398111343384,0.16465570032596588,0.16630741953849792,0.16795913875102997,0.16961084306240082,0.17126256227493286,0.1729142814874649,0.17456600069999695,0.1762177050113678,0.17786942422389984,0.17952114343643188,0.18117286264896393,0.18282456696033478,0.18447628617286682,0.18612800538539886,0.1877797245979309,0.18943142890930176,0.1910831481218338,0.19273486733436584,0.1943865865468979,0.19603829085826874,0.19769001007080078],"_type":"histogram","values":[1,0,0,0,0,0,0,0,0,0,0,0,0,0,0,0,0,0,0,0,0,0,0,0,0,0,0,0,0,0,0,0,0,0,0,0,0,0,0,0,0,0,0,0,0,0,0,0,0,0,0,0,0,0,0,0,0,0,0,0,0,0,0,1]},"parameters/graph_19gat1.heads.1.attn_fc.weight":{"bins":[-1.2754288911819458,-1.2434744834899902,-1.2115200757980347,-1.179565668106079,-1.1476112604141235,-1.115656852722168,-1.083702564239502,-1.0517481565475464,-1.0197937488555908,-0.9878393411636353,-0.9558849334716797,-0.9239305257797241,-0.8919761180877686,-0.860021710395813,-0.8280673027038574,-0.7961129546165466,-0.7641585469245911,-0.7322041392326355,-0.7002497315406799,-0.6682953834533691,-0.6363409757614136,-0.604386568069458,-0.5724321603775024,-0.5404777526855469,-0.5085233449935913,-0.4765689969062805,-0.44461458921432495,-0.4126601815223694,-0.3807057738304138,-0.34875136613845825,-0.31679701805114746,-0.2848426103591919,-0.2528882622718811,-0.22093385457992554,-0.18897944688796997,-0.15702509880065918,-0.1250706911087036,-0.09311628341674805,-0.06116187572479248,-0.029207468032836914,0.002746880054473877,0.03470128774642944,0.06665569543838501,0.09861010313034058,0.13056451082229614,0.1625189185142517,0.1944732666015625,0.22642767429351807,0.25838208198547363,0.2903364896774292,0.3222908675670624,0.35424527525901794,0.3861996531486511,0.4181540608406067,0.45010846853256226,0.48206284642219543,0.5140172243118286,0.5459716320037842,0.5779260396957397,0.6098804473876953,0.6418348550796509,0.6737892627716064,0.7057436108589172,0.7376980185508728,0.7696524262428284],"_type":"histogram","values":[1,0,0,0,0,0,0,0,0,0,0,0,0,0,0,0,0,1,0,0,0,0,1,1,0,1,0,0,0,0,0,1,1,2,0,0,2,2,0,1,2,0,0,0,0,0,1,0,1,0,1,1,0,0,0,1,0,1,0,1,0,0,0,1]},