{"_step":4,"gradients/graph_18gat1.heads.0.attn_fc.weight":{"_type":"histogram","values":[1,0,0,0,0,0,0,0,0,0,0,0,0,0,0,1,0,0,0,1,1,0,0,0,0,0,0,0,0,0,0,1,1,0,0,0,0,0,0,0,0,0,0,0,1,0,0,0,0,0,0,0,0,0,0,0,0,0,0,0,0,0,0,1],"bins":[-0.002893893513828516,-0.00280349631793797,-0.0027130991220474243,-0.002622701693326235,-0.002532304497435689,-0.002441907301545143,-0.0023515101056545973,-0.0022611129097640514,-0.002170715481042862,-0.002080318285152316,-0.0019899210892617702,-0.0018995238933712244,-0.0018091266974806786,-0.0017187293851748109,-0.001628332189284265,-0.0015379348769783974,-0.0014475376810878515,-0.0013571404851973057,-0.001266743172891438,-0.0011763459770008922,-0.0010859486646950245,-0.0009955514688044786,-0.0009051542729139328,-0.000814757077023387,-0.0007243598811328411,-0.0006339624524116516,-0.0005435652565211058,-0.0004531680606305599,-0.0003627708647400141,-0.00027237366884946823,-0.00018197624012827873,-9.157904423773289e-05,-1.1816155165433884e-06,8.921558037400246e-05,0.0001796127762645483,0.0002700102049857378,0.00036040740087628365,0.0004508045967668295,0.0005412017926573753,0.0006315989885479212,0.0007219964172691107,0.0008123936131596565,0.0009027908090502024,0.0009931880049407482,0.001083585200831294,0.0011739825131371617,0.0012643797090277076,0.0013547770213335752,0.001445174217224121,0.001535571413114667,0.0016259687254205346,0.0017163659213110805,0.0018067632336169481,0.001897160429507494,0.00198755762539804,0.0020779548212885857,0.002168352250009775,0.002258749445900321,0.002349146641790867,0.0024395438376814127,0.0025299410335719585,0.002620338462293148,0.002710735658183694,0.0028011328540742397,0.0028915300499647856]},"_wandb":{"runtime":5},"gradients/graph_18gat1.heads.0.fc.weight":{"_type":"histogram","values":[1,0,1,0,0,0,0,0,0,0,0,0,0,1,0,0,0,3,0,0,0,1,0,1,0,0,0,1,0,0,1,1,1,0,0,0,1,0,0,0,0,0,1,1,1,0,1,0,0,0,1,1,1,0,0,0,1,0,0,0,0,1,0,2],"bins":[-0.01031859964132309,-0.010030090808868408,-0.009741582907736301,-0.00945307407528162,-0.009164566174149513,-0.008876057341694832,-0.00858754850924015,-0.008299039676785469,-0.008010531775653362,-0.007722023408859968,-0.007433515042066574,-0.007145006209611893,-0.006856497842818499,-0.0065679894760251045,-0.006279480643570423,-0.005990972276777029,-0.005702463909983635,-0.005413955543190241,-0.005125447176396847,-0.004836938343942165,-0.004548429977148771,-0.004259921610355377,-0.003971412777900696,-0.0036829044111073017,-0.0033943960443139076,-0.0031058876775205135,-0.0028173793107271194,-0.002528870478272438,-0.0022403616458177567,-0.0019518537446856499,-0.0016633449122309685,-0.0013748370110988617,-0.001086329109966755,-0.0007978202775120735,-0.0005093123763799667,-0.00022080354392528534,6.770435720682144e-05,0.00035621318966150284,0.0006447220221161842,0.0009332303889095783,0.0012217387557029724,0.0015102471224963665,0.0017987554892897606,0.002087264321744442,0.002375772688537836,0.00266428105533123,0.0029527898877859116,0.0032412982545793056,0.0035298066213726997,0.003818314988166094,0.004106823354959488,0.004395332187414169,0.004683840554207563,0.0049723489210009575,0.005260857753455639,0.005549366120249033,0.005837874487042427,0.006126382853835821,0.006414891220629215,0.006703400053083897,0.006991908419877291,0.007280416786670685,0.007568925619125366,0.007857433520257473,0.008145942352712154]},"gradients/graph_18classifier.bias":{"_type":"histogram","values":[1,0,0,0,0,0,0,0,0,0,0,0,0,0,0,0,0,0,0,0,0,0,0,0,0,0,0,0,0,0,0,0,0,0,0,0,0,0,0,0,0,0,0,0,0,0,0,0,0,0,0,0,0,0,0,0,0,0,0,0,0,0,0,1],"bins":[-0.11733558773994446,-0.11366885155439377,-0.11000211536884308,-0.10633537173271179,-0.1026686355471611,-0.09900189936161041,-0.09533516317605972,-0.09166842699050903,-0.08800168335437775,-0.08433495461940765,-0.08066821098327637,-0.07700147479772568,-0.07333473861217499,-0.0696679949760437,-0.06600126624107361,-0.06233452260494232,-0.05866778641939163,-0.05500105023384094,-0.05133431404829025,-0.047667570412158966,-0.044000834226608276,-0.04033409804105759,-0.0366673618555069,-0.03300062566995621,-0.029333889484405518,-0.02566714584827423,-0.02200040966272354,-0.01833367347717285,-0.014666937291622162,-0.011000201106071472,-0.0073334574699401855,-0.003666721284389496,1.4901161193847656e-08,0.0036667510867118835,0.007333487272262573,0.01100023090839386,0.01466696709394455,0.01833370327949524,0.02200043946504593,0.02566717565059662,0.029333919286727905,0.033000655472278595,0.036667391657829285,0.040334127843379974,0.044000864028930664,0.047667600214481354,0.05133434385061264,0.05500108003616333,0.05866781622171402,0.06233455240726471,0.066001296043396,0.06966802477836609,0.07333476841449738,0.07700150460004807,0.08066824078559875,0.08433498442173004,0.08800171315670013,0.09166845679283142,0.09533519297838211,0.0990019291639328,0.10266866534948349,0.10633540153503418,0.11000214517116547,0.11366888135671616,0.11733561754226685]},"parameters/graph_18gat1.heads.0.attn_fc.weight":{"_type":"histogram","values":[1,0,0,0,0,0,0,0,0,0,0,0,0,1,0,0,0,0,0,2,0,0,0,0,0,0,0,0,0,0,0,0,1,0,0,0,0,0,0,0,1,0,0,0,1,0,0,0,0,0,0,0,0,0,0,0,0,0,0,0,0,0,0,1],"bins":[-0.49394169449806213,-0.475898414850235,-0.45785513520240784,-0.4398118555545807,-0.42176857590675354,-0.4037252962589264,-0.38568198680877686,-0.3676387071609497,-0.34959542751312256,-0.3315521478652954,-0.31350886821746826,-0.2954655885696411,-0.27742230892181396,-0.2593790292739868,-0.24133574962615967,-0.22329246997833252,-0.20524919033050537,-0.18720591068267822,-0.16916263103485107,-0.15111935138702393,-0.13307607173919678,-0.11503279209136963,-0.09698951244354248,-0.07894623279571533,-0.060902923345565796,-0.04285964369773865,-0.0248163640499115,-0.006773084402084351,0.011270195245742798,0.029313474893569946,0.047356754541397095,0.06540003418922424,0.083443284034729,0.10148656368255615,0.1195298433303833,0.13757312297821045,0.1556164026260376,0.17365968227386475,0.1917029619216919,0.20974624156951904,0.2277895212173462,0.24583283066749573,0.2638761103153229,0.28191938996315,0.2999626696109772,0.3180059492588043,0.33604922890663147,0.3540925085544586,0.37213578820228577,0.3901790678501129,0.40822234749794006,0.4262656271457672,0.44430890679359436,0.4623522162437439,0.48039549589157104,0.4984387755393982,0.5164820551872253,0.5345253348350525,0.5525686144828796,0.5706118941307068,0.5886551737785339,0.6066984534263611,0.6247417330741882,0.6427850127220154,0.6608282923698425]},"_runtime":5.6926193000000005,"train_f1":0.41151020408163264,"train_accuracy":0.568,"parameters/graph_18classifier.weight":{"bins":[-0.3625897765159607,-0.35161092877388,-0.3406320810317993,-0.32965320348739624,-0.31867435574531555,-0.30769550800323486,-0.2967166304588318,-0.2857377827167511,-0.2747589349746704,-0.2637800872325897,-0.25280123949050903,-0.24182236194610596,-0.23084351420402527,-0.21986466646194458,-0.2088858038187027,-0.19790694117546082,-0.18692809343338013,-0.17594924569129944,-0.16497038304805756,-0.15399152040481567,-0.14301267266273499,-0.1320338249206543,-0.12105496227741241,-0.11007609963417053,-0.09909725189208984,-0.08811840415000916,-0.07713955640792847,-0.06616067886352539,-0.0551818311214447,-0.044202983379364014,-0.03322410583496094,-0.02224525809288025,-0.011266440153121948,-0.00028759241104125977,0.010691255331039429,0.021670132875442505,0.03264898061752319,0.04362782835960388,0.05460670590400696,0.06558555364608765,0.07656440138816833,0.08754324913024902,0.0985221117734909,0.10950097441673279,0.12047982215881348,0.13145866990089417,0.14243753254413605,0.15341639518737793,0.16439524292945862,0.1753740906715393,0.1863529533147812,0.19733181595802307,0.20831066370010376,0.21928951144218445,0.23026837408542633,0.2412472367286682,0.2522260844707489,0.2632049322128296,0.27418380975723267,0.28516265749931335,0.29614150524139404,0.30712035298347473,0.3180992007255554,0.3290780782699585,0.3400569260120392],"_type":"histogram",