{"parameters/graph_24gat1.heads.0.fc.weight":{"values":[1,0,0,0,0,1,0,0,0,0,0,0,0,0,0,1,1,0,1,1,0,1,4,2,2,0,4,3,4,4,3,1,0,0,4,3,2,4,2,3,1,2,2,3,2,3,1,2,2,1,2,3,3,2,1,2,3,1,4,1,1,0,0,2],"bins":[-1.1635026931762695,-1.1352211236953735,-1.1069395542144775,-1.0786579847335815,-1.0503764152526855,-1.022094964981079,-0.9938133358955383,-0.9655317664146423,-0.9372502565383911,-0.9089686870574951,-0.8806871175765991,-0.8524055480957031,-0.8241239786148071,-0.7958424091339111,-0.7675608396530151,-0.7392793297767639,-0.7109977602958679,-0.6827161908149719,-0.6544346213340759,-0.6261531114578247,-0.5978715419769287,-0.5695899724960327,-0.5413084030151367,-0.5130268335342407,-0.4847452640533447,-0.4564637541770935,-0.4281821846961975,-0.3999006152153015,-0.3716190457344055,-0.3433374762535095,-0.3150559663772583,-0.2867743968963623,-0.25849276781082153,-0.23021119832992554,-0.20192962884902954,-0.17364811897277832,-0.14536654949188232,-0.11708498001098633,-0.08880341053009033,-0.060521841049194336,-0.032240331172943115,-0.003958761692047119,0.024322807788848877,0.05260437726974487,0.08088594675064087,0.10916751623153687,0.13744902610778809,0.16573059558868408,0.19401216506958008,0.22229373455047607,0.2505752742290497,0.2788568437099457,0.3071383833885193,0.3354199528694153,0.3637015223503113,0.3919830620288849,0.4202646315097809,0.4485461711883545,0.4768277406692505,0.5051093101501465,0.5333908796310425,0.5616724491119385,0.5899539589881897,0.6182355284690857,0.6465170979499817],"_type":"histogram"},"train_f1":0.5124832545716047,"train_accuracy":0.528,"parameters/graph_24gat1.heads.0.attn_fc.weight":{"values":[1,0,0,0,0,0,0,0,0,0,0,0,0,0,0,1,0,0,1,1,0,0,0,0,0,1,0,0,1,0,0,1,0,0,4,0,0,0,0,0,1,1,0,1,1,2,1,2,0,3,0,1,3,0,2,0,1,0,0,1,0,0,0,1],"bins":[-0.9434821605682373,-0.9225640892982483,-0.9016460180282593,-0.880728006362915,-0.859809935092926,-0.838891863822937,-0.817973792552948,-0.797055721282959,-0.77613765001297,-0.755219578742981,-0.7343015670776367,-0.7133834958076477,-0.6924654245376587,-0.6715473532676697,-0.6506292819976807,-0.6297112703323364,-0.6087931394577026,-0.5878751277923584,-0.5669570565223694,-0.5460389852523804,-0.5251209139823914,-0.5042028427124023,-0.4832848012447357,-0.4623667299747467,-0.4414486885070801,-0.42053061723709106,-0.39961254596710205,-0.37869447469711304,-0.357776403427124,-0.3368583917617798,-0.31594032049179077,-0.29502224922180176,-0.27410414814949036,-0.25318607687950134,-0.23226800560951233,-0.21134993433952332,-0.19043192267417908,-0.16951385140419006,-0.14859578013420105,-0.12767770886421204,-0.10675963759422302,-0.0858415961265564,-0.06492352485656738,-0.04400545358657837,-0.023087412118911743,-0.0021693408489227295,0.018748730421066284,0.03966677188873291,0.060584843158721924,0.08150291442871094,0.10242095589637756,0.12333902716636658,0.1442570984363556,0.1651751548051834,0.18609321117401123,0.20701128244400024,0.22792933881282806,0.24884739518165588,0.2697654664516449,0.2906835079193115,0.31160157918930054,0.33251965045928955,0.35343772172927856,0.3743557631969452,0.3952738344669342],"_type":"histogram"},"gradients/graph_24classifier.bias":{"bins":[-0.044068820774555206,-0.042691670358181,-0.041314516216516495,-0.03993736580014229,-0.03856021538376808,-0.03718306124210358,-0.03580591082572937,-0.034428760409355164,-0.03305160626769066,-0.03167445585131645,-0.030297303572297096,-0.02892015129327774,-0.027543000876903534,-0.026165848597884178,-0.024788696318864822,-0.023411545902490616,-0.02203439362347126,-0.020657241344451904,-0.019280090928077698,-0.017902938649058342,-0.016525786370038986,-0.01514863595366478,-0.013771483674645424,-0.012394331395626068,-0.011017180979251862,-0.009640026837587357,-0.00826287642121315,-0.0068857260048389435,-0.0055085718631744385,-0.004131421446800232,-0.0027542710304260254,-0.0013771168887615204,3.3527612686157227e-08,0.0013771839439868927,0.0027543380856513977,0.004131488502025604,0.005508638918399811,0.006885793060064316,0.008262943476438522,0.009640093892812729,0.011017248034477234,0.01239439845085144,0.013771550729870796,0.015148703008890152,0.01652585342526436,0.017903005704283714,0.01928015798330307,0.020657308399677277,0.022034460678696632,0.023411612957715988,0.024788763374090195,0.02616591565310955,0.027543067932128906,0.028920218348503113,0.03029737062752247,0.031674522906541824,0.03305167332291603,0.034428827464580536,0.03580597788095474,0.03718312829732895,0.038560282438993454,0.03993743285536766,0.04131458327174187,0.04269173741340637,0.04406888782978058],"_type":"histogram","values":[1,0,0,0,0,0,0,0,0,0,0,0,0,0,0,0,0,0,0,0,0,0,0,0,0,0,0,0,0,0,0,0,0,0,0,0,0,0,0,0,0,0,0,0,0,0,0,0,0,0,0,0,0,0,0,0,0,0,0,0,0,0,0,1]},"_wandb":{"runtime":12},"parameters/graph_24classifier.bias":{"bins":[-0.4660130739212036,-0.45116961002349854,-0.43632611632347107,-0.421482652425766,-0.4066391885280609,-0.39179569482803345,-0.37695223093032837,-0.3621087670326233,-0.3472653031349182,-0.33242180943489075,-0.31757834553718567,-0.3027348518371582,-0.2878913879394531,-0.27304792404174805,-0.25820446014404297,-0.2433609813451767,-0.22851750254631042,-0.21367403864860535,-0.19883054494857788,-0.1839870810508728,-0.16914361715316772,-0.15430012345314026,-0.13945665955543518,-0.1246131956577301,-0.10976970195770264,-0.09492623805999756,-0.08008277416229248,-0.0652393102645874,-0.050395816564559937,-0.03555235266685486,-0.02070888876914978,-0.0058653950691223145,0.008978039026260376,0.023821502923965454,0.03866499662399292,0.053508460521698,0.06835192441940308,0.08319541811943054,0.09803888201713562,0.1128823459148407,0.12772580981254578,0.14256930351257324,0.15741276741027832,0.1722562313079834,0.18709972500801086,0.20194318890571594,0.21678665280342102,0.2316301465034485,0.24647361040115356,0.26131707429885864,0.2761605381965637,0.2910040318965912,0.30584749579429626,0.32069098949432373,0.3355344533920288,0.3503779172897339,0.36522138118743896,0.38006487488746643,0.3949083387851715,0.409751832485199,0.42459529638290405,0.43943876028060913,0.4542822241783142,0.4691257178783417,0.48396918177604675],"_type":"histogram","values":[1,0,0,0,0,0,0,0,0,0,0,0,0,0,0,0,0,0,0,0,0,0,0,0,0,0,0,0,0,0,0,0,0,0,0,0,0,0,0,0,0,0,0,0,0,0,0,0,0,0,0,0,0,0,0,0,0,0,0,0,0,0,0,1]},"epoch":5,"train_loss":0.7139979526400566,"_timestamp":1.7316882893915136e+09,"val_accuracy":0.5555555555555556,"val_loss":0.6833349764347076,"_runtime":12.6312931,"gradients/graph_24classifier.weight":{"_type":"histogram","values":[1,0,0,0,0,0,0,0,1,2,1,1,0,0,0,0,0,3,1,0,0,1,0,1,1,1,1,0,0,0,1,0,0,1,0,0,0,1,1,1,1,0,1,0,0,1,3,0,0,0,0,0,1,1,2,1,0,0,0,0,0,0,0,1],