{"epoch":5,"train_f1":0.294716508010216,"_wandb":{"runtime":10},"_step":4,"gradients/graph_5gat1.heads.1.fc.weight":{"_type":"histogram","values":[1,0,0,1,0,1,0,1,0,0,1,2,2,0,1,1,2,0,2,0,1,2,0,2,1,0,1,1,1,3,3,5,3,1,0,5,3,4,5,2,3,3,3,3,1,3,3,4,1,2,2,1,0,0,0,0,1,1,2,0,1,1,1,2],"bins":[-0.07057026773691177,-0.06879087537527084,-0.06701148301362991,-0.06523209065198898,-0.06345269829034805,-0.061673302203416824,-0.059893909841775894,-0.058114517480134964,-0.056335121393203735,-0.054555729031562805,-0.052776336669921875,-0.050996944308280945,-0.049217551946640015,-0.047438159584999084,-0.045658767223358154,-0.043879371136426926,-0.042099978774785995,-0.040320586413145065,-0.038541194051504135,-0.036761797964572906,-0.034982405602931976,-0.033203013241291046,-0.031423620879650116,-0.029644228518009186,-0.027864836156368256,-0.026085440069437027,-0.024306047707796097,-0.022526655346155167,-0.020747262984514236,-0.018967870622873306,-0.017188474535942078,-0.015409082174301147,-0.013629693537950516,-0.011850301176309586,-0.010070908814668655,-0.008291512727737427,-0.006512120366096497,-0.004732728004455566,-0.0029533356428146362,-0.001173943281173706,0.0006054528057575226,0.0023848451673984528,0.004164237529039383,0.005943629890680313,0.007723022252321243,0.009502414613962173,0.011281810700893402,0.013061203062534332,0.014840595424175262,0.016619987785816193,0.018399382010102272,0.020178774371743202,0.02195816859602928,0.023737560957670212,0.025516953319311142,0.02729634754359722,0.02907573990523815,0.03085513412952423,0.03263452649116516,0.03441391885280609,0.03619331121444702,0.03797270357608795,0.03975209966301918,0.04153149202466011,0.04331088438630104]},"train_loss":0.6953990906476974,"gradients/graph_5classifier.bias":{"bins":[-0.21135678887367249,-0.2047518938779831,-0.1981469839811325,-0.19154208898544312,-0.18493719398975372,-0.17833229899406433,-0.17172738909721375,-0.16512249410152435,-0.15851759910583496,-0.15191268920898438,-0.14530779421329498,-0.1387028992176056,-0.132097989320755,-0.1254930943250656,-0.11888819187879562,-0.11228329688310623,-0.10567839443683624,-0.09907349199056625,-0.09246859699487686,-0.08586369454860687,-0.07925879955291748,-0.0726538896560669,-0.0660489946603775,-0.05944409966468811,-0.052839189767837524,-0.04623429477214813,-0.03962939977645874,-0.03302450478076935,-0.026419594883918762,-0.01981469988822937,-0.013209804892539978,-0.006604894995689392,1.4901161193847656e-08,0.006604909896850586,0.013209819793701172,0.019814714789390564,0.026419609785079956,0.03302451968193054,0.039629414677619934,0.046234309673309326,0.05283920466899872,0.059444114565849304,0.0660490095615387,0.07265390455722809,0.07925881445407867,0.08586370944976807,0.09246861189603806,0.09907350689172745,0.10567840933799744,0.11228331178426743,0.11888820677995682,0.1254931092262268,0.1320980042219162,0.1387028992176056,0.14530780911445618,0.15191270411014557,0.15851759910583496,0.16512250900268555,0.17172740399837494,0.17833229899406433,0.18493720889091492,0.1915421038866043,0.1981469988822937,0.2047519087791443,0.21135680377483368],"_type":"histogram","values":[1,0,0,0,0,0,0,0,0,0,0,0,0,0,0,0,0,0,0,0,0,0,0,0,0,0,0,0,0,0,0,0,0,0,0,0,0,0,0,0,0,0,0,0,0,0,0,0,0,0,0,0,0,0,0,0,0,0,0,0,0,0,0,1]},"parameters/graph_5gat1.heads.1.fc.weight":{"values":[1,0,0,0,0,2,1,0,0,1,2,0,2,1,1,0,0,2,2,1,1,0,2,4,3,4,3,2,1,4,3,2,2,2,3,4,3,5,1,3,2,0,3,0,4,2,2,3,4,2,1,1,2,0,0,0,1,0,0,0,0,0,0,1],"bins":[-1.064591646194458,-1.0319807529449463,-0.9993699193000793,-0.9667590260505676,-0.9341481328010559,-0.901537299156189,-0.8689264059066772,-0.8363155126571655,-0.8037046194076538,-0.7710937857627869,-0.7384828925132751,-0.7058720588684082,-0.6732611656188965,-0.6406502723693848,-0.608039379119873,-0.5754284858703613,-0.5428176522254944,-0.5102067589759827,-0.4775959253311157,-0.444985032081604,-0.4123741388320923,-0.37976330518722534,-0.3471524119377136,-0.3145415186882019,-0.28193068504333496,-0.24931979179382324,-0.21670889854431152,-0.1840980052947998,-0.15148717164993286,-0.11887627840042114,-0.08626538515090942,-0.05365455150604248,-0.02104365825653076,0.011567234992980957,0.0441780686378479,0.07678896188735962,0.10939985513687134,0.14201068878173828,0.17462158203125,0.20723247528076172,0.23984336853027344,0.2724542021751404,0.3050650954246521,0.3376759886741638,0.37028682231903076,0.4028977155685425,0.4355086088180542,0.46811944246292114,0.5007303357124329,0.5333411693572998,0.5659520626068115,0.5985629558563232,0.631173849105835,0.6637847423553467,0.6963955760002136,0.7290064692497253,0.7616173028945923,0.794228196144104,0.8268390893936157,0.8594499826431274,0.8920608162879944,0.9246717095375061,0.9572826027870178,0.9898934364318848,1.0225043296813965],"_type":"histogram"},"parameters/graph_5gat1.heads.1.attn_fc.weight":{"_type":"histogram","values":[1,1,0,1,0,1,0,0,0,0,0,0,0,0,0,0,0,0,0,1,1,0,1,0,0,0,1,0,3,1,0,0,2,0,1,0,0,1,0,3,0,0,2,0,1,1,2,1,0,1,0,1,0,0,0,1,0,0,0,1,1,0,0,1],"bins":[-0.8508155345916748,-0.827533483505249,-0.8042514324188232,-0.7809694409370422,-0.7576873898506165,-0.7344053387641907,-0.7111233472824097,-0.6878412961959839,-0.6645592451095581,-0.6412771940231323,-0.6179951429367065,-0.5947131514549255,-0.5714311003684998,-0.548149049282074,-0.524867057800293,-0.5015850067138672,-0.4783029556274414,-0.4550209045410156,-0.43173888325691223,-0.40845686197280884,-0.38517481088638306,-0.3618927597999573,-0.33861076831817627,-0.3153287172317505,-0.2920466661453247,-0.2687646150588989,-0.24548256397247314,-0.22220057249069214,-0.19891852140426636,-0.17563647031784058,-0.15235447883605957,-0.1290724277496338,-0.10579037666320801,-0.08250832557678223,-0.059226274490356445,-0.03594428300857544,-0.012662231922149658,0.010619819164276123,0.03390181064605713,0.05718386173248291,0.08046591281890869,0.10374796390533447,0.12703001499176025,0.15031200647354126,0.17359405755996704,0.19687610864639282,0.22015812993049622,0.2434401512145996,0.2667222023010254,0.29000425338745117,0.31328627467155457,0.33656829595565796,0.35985034704208374,0.3831323981285095,0.4064144194126129,0.4296964406967163,0.4529784917831421,0.47626054286956787,0.49954256415367126,0.5228245854377747,0.5461066365242004,0.5693886876106262,0.5926706790924072,0.615952730178833,0.6392347812652588]},"gradients/graph_5gat1.heads.0.attn_fc.weight":{"values":[1,0,0,0,0,0,0,0,0,0,0,0,0,0,1,0,0,0,0,0,1,0,0,0,0,0,0,0,0,0,0,0,0,0,0,0,0,1,0,1,1,0,1,1,5,5,7,2,1,1,0,0,0,0,1,0,0,0,0,0,0,0,0,2],"bins":[-0.043765660375356674,-0.04281751066446304,-0.041869357228279114,-0.04092120751738548,-0.03997305780649185,-0.03902490809559822,-0.03807675465941429,-0.03712860494852066,-0.03618045523762703,-0.0352323055267334,-0.03428415209054947,-0.03333600237965584,-0.03238785266876221,-0.03143969923257828,-0.030491549521684647,-0.029543399810791016,-0.028595250099897385,-0.027647098526358604,-0.026698946952819824,-0.025750797241926193,-0.024802645668387413,-0.023854495957493782,-0.022906344383955002,-0.02195819467306137,-0.02101004309952259,-0.02006189338862896,-0.01911374181509018,-0.01816559210419655,-0.017217440530657768,-0.016269290819764137,-0.015321139246225357,-0.014372989535331726,-0.013424837961792946,-0.012476686388254166,-0.011528536677360535,-0.010580385103821754,-0.009632235392928123,-0.008684083819389343,-0.007735934108495712,-0.006787782534956932,-0.005839632824063301,-0.004891481250524521,-0.00394333153963089,-0.0029951799660921097,-0.0020470302551984787,-0.0010988786816596985,-0.0001507289707660675,0.0007974226027727127,0.0017455732449889183,0.002693723887205124,0.0036418745294213295,0.004590025171637535,0.005538175813853741,0.006486326456069946,0.007434477098286152,0.008382627740502357,0.009330779314041138,0.010278929024934769,0.011227080598473549,0.01217523030936718,0.01312338188290596,0.014071532525122166,0.015019683167338371,0.015967832878232002,0.016915984451770782],"_type":"histogram"},"gradients/graph_5gat1.heads.0.fc.weight":{"_type":"histogram",