{"gradients/graph_7gat1.heads.0.fc.weight":{"values":[1,0,0,0,0,0,0,1,2,0,1,0,0,1,0,0,0,0,1,0,2,0,0,1,0,0,0,0,0,0,3,2,0,1,2,2,0,1,3,1,2,1,4,3,2,1,1,0,0,0,1,1,1,0,0,0,0,2,0,0,1,0,0,3],"bins":[-0.020958516746759415,-0.02050713449716568,-0.020055752247571945,-0.01960437186062336,-0.019152989611029625,-0.01870160736143589,-0.018250225111842155,-0.01779884286224842,-0.017347462475299835,-0.0168960802257061,-0.016444697976112366,-0.01599331572651863,-0.01554193440824747,-0.01509055308997631,-0.014639170840382576,-0.014187788590788841,-0.013736406341195107,-0.013285025022923946,-0.012833642773330212,-0.012382261455059052,-0.011930879205465317,-0.011479497887194157,-0.011028115637600422,-0.010576733388006687,-0.010125352069735527,-0.009673969820141792,-0.009222588501870632,-0.008771206252276897,-0.008319824002683163,-0.007868442684412003,-0.007417060434818268,-0.006965679116547108,-0.006514296866953373,-0.006062914617359638,-0.005611533299088478,-0.005160151049494743,-0.004708769731223583,-0.0042573874816298485,-0.0038060052320361137,-0.0033546239137649536,-0.002903241664171219,-0.0024518603459000587,-0.002000478096306324,-0.0015490958467125893,-0.0010977145284414291,-0.0006463322788476944,-0.00019495096057653427,0.00025643128901720047,0.0007078130729496479,0.0011591948568820953,0.0016105766408145428,0.0020619588904082775,0.002513340674340725,0.0029647224582731724,0.00341610424220562,0.0038674860261380672,0.004318867810070515,0.004770250059664249,0.005221631843596697,0.005673013627529144,0.006124395411461592,0.006575777195394039,0.007027159444987774,0.007478541228920221,0.007929923012852669],"_type":"histogram"},"val_f1":0.39682539682539686,"val_loss":0.6765181422233582,"gradients/graph_7classifier.weight":{"_type":"histogram","values":[1,1,0,1,0,0,1,0,0,0,0,0,0,1,1,0,0,0,0,0,1,0,0,0,0,0,1,0,0,0,0,0,0,0,0,0,0,1,0,0,0,0,0,1,0,0,0,0,0,1,1,0,0,0,0,0,0,1,0,0,1,0,1,1],"bins":[-0.019064774736762047,-0.01846900023519993,-0.01787322573363781,-0.01727745309472084,-0.016681678593158722,-0.016085904091596603,-0.015490129590034485,-0.014894355088472366,-0.014298581518232822,-0.013702807947993279,-0.01310703344643116,-0.012511258944869041,-0.011915484443306923,-0.011319710873067379,-0.01072393637150526,-0.010128162801265717,-0.009532388299703598,-0.00893661379814148,-0.008340840227901936,-0.007745065726339817,-0.007149292156100273,-0.006553517654538155,-0.005957743152976036,-0.005361969582736492,-0.004766195081174374,-0.004170420579612255,-0.003574647009372711,-0.0029788725078105927,-0.002383098006248474,-0.0017873235046863556,-0.0011915508657693863,-0.0005957763642072678,0,0.0005957745015621185,0.001191549003124237,0.0017873216420412064,0.002383096143603325,0.0029788706451654434,0.003574645146727562,0.004170418716967106,0.004766193218529224,0.005361967720091343,0.005957741290330887,0.006553515791893005,0.007149290293455124,0.007745063863694668,0.008340838365256786,0.00893661193549633,0.009532386437058449,0.010128160938620567,0.010723934508860111,0.01131970901042223,0.011915482580661774,0.012511257082223892,0.01310703158378601,0.01370280608534813,0.014298579655587673,0.014894353225827217,0.015490127727389336,0.016085902228951454,0.016681676730513573,0.01727745123207569,0.01787322387099266,0.01846899837255478,0.019064772874116898]},"_step":2,"train_f1":0.41151020408163264,"parameters/graph_7gat1.heads.0.fc.weight":{"_type":"histogram","values":[1,1,0,1,0,0,1,0,0,0,1,2,1,3,0,0,1,2,1,1,0,3,3,0,0,0,1,3,2,1,1,1,1,3,2,0,1,1,0,0,1,0,1,1,1,1,0,0,1,2,0,0,0,0,0,0,0,0,0,0,0,0,0,1],"bins":[-0.8821229338645935,-0.8448761105537415,-0.8076292872428894,-0.7703824639320374,-0.7331355810165405,-0.6958887577056885,-0.6586419343948364,-0.6213951110839844,-0.5841482877731323,-0.5469014644622803,-0.5096546411514282,-0.4724077880382538,-0.43516096472740173,-0.3979141414165497,-0.36066728830337524,-0.3234204649925232,-0.28617364168167114,-0.2489268183708191,-0.21167999505996704,-0.174433171749115,-0.13718634843826294,-0.09993946552276611,-0.06269264221191406,-0.02544581890106201,0.011801004409790039,0.04904782772064209,0.08629465103149414,0.12354153394699097,0.16078835725784302,0.19803518056869507,0.23528200387954712,0.27252882719039917,0.309775710105896,0.34702253341674805,0.3842693567276001,0.42151618003845215,0.4587630033493042,0.49600982666015625,0.5332567095756531,0.5705035328865051,0.6077503561973572,0.6449971795082092,0.6822440028190613,0.7194908261299133,0.7567377090454102,0.7939845323562622,0.8312313556671143,0.8684781789779663,0.9057250022888184,0.9429718255996704,0.9802186489105225,1.0174654722213745,1.0547122955322266,1.0919591188430786,1.1292059421539307,1.1664528846740723,1.2036995887756348,1.2409465312957764,1.2781933546066284,1.3154401779174805,1.3526870012283325,1.3899338245391846,1.4271806478500366,1.4644274711608887,1.5016742944717407]},"parameters/graph_7classifier.weight":{"_type":"histogram","values":[1,0,0,0,0,0,1,1,0,0,0,0,0,1,0,0,0,0,0,1,0,0,0,0,0,0,0,1,0,0,0,0,1,1,0,1,0,0,1,0,0,0,0,0,0,0,0,0,0,0,0,2,0,0,1,0,0,0,0,0,0,1,0,2],"bins":[-0.32186374068260193,-0.31273239850997925,-0.30360108613967896,-0.2944697439670563,-0.2853384017944336,-0.2762070894241333,-0.2670757472515106,-0.25794440507888794,-0.24881309270858765,-0.23968176543712616,-0.23055043816566467,-0.221419095993042,-0.2122877687215805,-0.20315644145011902,-0.19402509927749634,-0.18489377200603485,-0.17576244473457336,-0.16663111746311188,-0.1574997901916504,-0.1483684480190277,-0.13923712074756622,-0.13010579347610474,-0.12097445130348206,-0.11184312403202057,-0.10271179676055908,-0.0935804694890976,-0.08444914221763611,-0.07531780004501343,-0.06618645787239075,-0.057055145502090454,-0.04792380332946777,-0.03879249095916748,-0.029661178588867188,-0.020529836416244507,-0.011398524045944214,-0.002267181873321533,0.00686413049697876,0.01599547266960144,0.02512681484222412,0.03425814211368561,0.043389469385147095,0.05252079665660858,0.06165212392807007,0.07078346610069275,0.07991479337215424,0.08904612064361572,0.0981774628162384,0.10730879008769989,0.11644011735916138,0.12557144463062286,0.13470277190208435,0.14383411407470703,0.15296544134616852,0.16209676861763,0.17122811079025269,0.18035943806171417,0.18949076533317566,0.19862209260463715,0.20775341987609863,0.2168847620487213,0.2260160893201828,0.2351474165916443,0.24427875876426697,0.25341007113456726,0.26254141330718994]},"parameters/graph_7gat1.heads.0.attn_fc.weight":{"values":[1,0,0,0,2,0,0,0,0,0,0,0,0,0,0,0,0,0,0,0,0,1,1,0,0,0,0,0,0,0,0,0,0,0,1,0,1,1,3,0,0,0,0,0,1,0,0,0,0,0,1,0,0,0,1,0,1,0,0,0,0,0,0,1],"bins":[-0.6811425089836121,-0.6620038747787476,-0.6428653001785278,-0.6237266659736633,-0.6045880317687988,-0.5854493975639343,-0.5663107633590698,-0.5471721887588501,-0.5280335545539856,-0.5088949203491211,-0.489756315946579,-0.47061771154403687,-0.45147907733917236,-0.43234044313430786,-0.41320183873176575,-0.39406323432922363,-0.37492460012435913,-0.35578596591949463,-0.3366473615169525,-0.3175087571144104,-0.2983701229095459,-0.2792314887046814,-0.2600928843021393,-0.24095427989959717,-0.22181564569473267,-0.20267701148986816,-0.18353840708732605,-0.16439980268478394,-0.14526116847991943,-0.12612253427505493,-0.1069839596748352,-0.0878453254699707,-0.0687066912651062,-0.0495680570602417,-0.030429422855377197,-0.01129084825515747,0.007847785949707031,0.026986420154571533,0.04612502455711365,0.06526362895965576,0.08440226316452026,0.10354089736938477,0.12267950177192688,0.141818106174469,0.1609567403793335,0.180095374584198,0.1992339789867401,0.21837258338928223,0.23751121759414673,0.25664985179901123,0.27578845620155334,0.29492706060409546,0.31406569480895996,0.33320432901382446,0.3523429334163666,0.3714815378189087,0.3906201720237732,0.4097588062286377,0.4288974106311798,0.4480360150337219,0.4671746492385864,0.4863132834434509,0.5054519176483154,0.5245904922485352,0.5437291264533997],"_type":"histogram"},"epoch":3,"parameters/graph_7classifier.bias":{"_type":"histogram",