{"train_loss":0.6833475530147552,"_runtime":7.3311869,"parameters/graph_16gat1.heads.0.attn_fc.weight":{"_type":"histogram","values":[1,0,0,0,0,0,0,0,0,0,0,0,0,1,0,0,0,0,0,2,0,0,0,0,0,0,0,0,0,0,0,0,0,1,0,0,0,0,0,0,0,1,0,0,0,1,0,0,0,0,0,0,0,0,0,0,0,0,0,0,0,0,0,1],"bins":[-0.5053866505622864,-0.4870098829269409,-0.46863308548927307,-0.4502562880516052,-0.43187952041625977,-0.4135027527809143,-0.39512595534324646,-0.3767491579055786,-0.35837239027023315,-0.3399956226348877,-0.32161882519721985,-0.303242027759552,-0.28486526012420654,-0.2664884924888611,-0.24811169505119324,-0.2297348976135254,-0.21135812997817993,-0.19298136234283447,-0.17460456490516663,-0.15622776746749878,-0.13785099983215332,-0.11947423219680786,-0.10109743475914001,-0.08272063732147217,-0.06434386968612671,-0.04596710205078125,-0.027590304613113403,-0.009213507175445557,0.009163260459899902,0.02754002809524536,0.045916855335235596,0.06429362297058105,0.08267045021057129,0.10104721784591675,0.11942398548126221,0.13780081272125244,0.1561775803565979,0.17455434799194336,0.1929311454296112,0.21130794286727905,0.2296847105026245,0.24806147813796997,0.2664382755756378,0.28481507301330566,0.3031918406486511,0.3215686082839966,0.33994540572166443,0.3583222031593323,0.37669897079467773,0.3950757384300232,0.41345253586769104,0.4318293333053589,0.45020610094070435,0.4685828685760498,0.48695966601371765,0.5053364634513855,0.523713231086731,0.5420899987220764,0.5604667663574219,0.5788435935974121,0.5972203612327576,0.615597128868103,0.6339739561080933,0.6523507237434387,0.6707274913787842]},"val_loss":0.6847183704376221,"train_accuracy":0.568,"gradients/graph_16classifier.bias":{"_type":"histogram","values":[1,0,0,0,0,0,0,0,0,0,0,0,0,0,0,0,0,0,0,0,0,0,0,0,0,0,0,0,0,0,0,0,0,0,0,0,0,0,0,0,0,0,0,0,0,0,0,0,0,0,0,0,0,0,0,0,0,0,0,0,0,0,0,1],"bins":[-0.004846468567848206,-0.004695016425102949,-0.004543564282357693,-0.004392112139612436,-0.00424065999686718,-0.0040892078541219234,-0.003937755711376667,-0.0037863035686314106,-0.003634851425886154,-0.0034833992831408978,-0.0033319471403956413,-0.003180494997650385,-0.0030290428549051285,-0.002877590712159872,-0.0027261385694146156,-0.002574686426669359,-0.002423234283924103,-0.0022717821411788464,-0.00212032999843359,-0.0019688778556883335,-0.001817425712943077,-0.0016659735701978207,-0.0015145214274525642,-0.0013630692847073078,-0.0012116171419620514,-0.001060164999216795,-0.0009087128564715385,-0.0007572607137262821,-0.0006058085709810257,-0.00045435642823576927,-0.00030290428549051285,-0.00015145214274525642,0,0.00015145214274525642,0.00030290428549051285,0.00045435642823576927,0.0006058085709810257,0.0007572607137262821,0.0009087128564715385,0.001060164999216795,0.0012116171419620514,0.0013630692847073078,0.0015145214274525642,0.0016659735701978207,0.001817425712943077,0.0019688778556883335,0.00212032999843359,0.0022717821411788464,0.002423234283924103,0.002574686426669359,0.0027261385694146156,0.002877590712159872,0.0030290428549051285,0.003180494997650385,0.0033319471403956413,0.0034833992831408978,0.003634851425886154,0.0037863035686314106,0.003937755711376667,0.0040892078541219234,0.00424065999686718,0.004392112139612436,0.004543564282357693,0.004695016425102949,0.004846468567848206]},"val_accuracy":0.5555555555555556,"gradients/graph_16gat1.heads.1.fc.weight":{"_type":"histogram","values":[1,0,2,0,0,0,0,1,0,0,0,2,2,0,0,2,0,1,0,0,0,2,1,0,1,0,0,0,0,0,0,0,0,0,0,1,0,0,0,0,0,1,1,0,1,0,0,0,1,0,0,2,0,0,1,0,0,0,0,0,0,0,0,1],"bins":[-0.002042349660769105,-0.0019921709317713976,-0.0019419920863583684,-0.001891813357360661,-0.0018416345119476318,-0.0017914557829499245,-0.001741277053952217,-0.0016910983249545097,-0.0016409194795414805,-0.0015907406341284513,-0.001540561905130744,-0.0014903831761330366,-0.0014402044471353292,-0.0013900256017223,-0.0013398468727245927,-0.0012896680273115635,-0.0012394892983138561,-0.0011893105693161488,-0.0011391317239031196,-0.0010889529949054122,-0.001038774149492383,-0.0009885954204946756,-0.0009384166914969683,-0.0008882378460839391,-0.0008380591170862317,-0.0007878803880885243,-0.0007377015426754951,-0.0006875228136777878,-0.0006373440846800804,-0.0005871652392670512,-0.0005369865102693439,-0.00048680766485631466,-0.00043662881944328547,-0.0003864500904455781,-0.0003362712450325489,-0.00028609251603484154,-0.00023591367062181234,-0.00018573494162410498,-0.0001355562126263976,-8.537736721336842e-05,-3.519863821566105e-05,1.4980090782046318e-05,6.515893619507551e-05,0.00011533766519278288,0.00016551639419049025,0.00021569523960351944,0.0002658739686012268,0.0003160527558065951,0.00036623154301196337,0.00041641033021733165,0.00046658911742269993,0.0005167678464204073,0.0005669466336257756,0.0006171254208311439,0.0006673041498288512,0.0007174829370342195,0.0007676617242395878,0.0008178405114449561,0.0008680192986503243,0.0009181980276480317,0.0009683768148534,0.0010185556020587683,0.0010687343310564756,0.0011189131764695048,0.0011690919054672122]},"epoch":5,"parameters/graph_16gat1.heads.1.attn_fc.weight":{"_type":"histogram","values":[1,0,0,0,0,0,0,0,0,0,0,0,0,1,0,1,0,0,0,1,0,0,0,0,1,0,0,0,0,0,0,1,0,0,0,0,0,0,0,0,0,0,0,0,0,0,0,0,0,0,0,0,0,0,0,1,0,0,0,0,0,0,0,1],"bins":[-1.1495094299316406,-1.1096750497817993,-1.0698407888412476,-1.0300064086914062,-0.9901720285415649,-0.9503377079963684,-0.9105033874511719,-0.8706690073013306,-0.830834686756134,-0.7910003662109375,-0.7511659860610962,-0.7113316655158997,-0.6714973449707031,-0.6316629648208618,-0.5918286442756653,-0.551994264125824,-0.5121599435806274,-0.4723256230354309,-0.4324912428855896,-0.39265692234039307,-0.35282254219055176,-0.3129882216453552,-0.2731539011001587,-0.23331952095031738,-0.19348520040512085,-0.15365087985992432,-0.11381649971008301,-0.0739821195602417,-0.03414785861968994,0.005686521530151367,0.045520901679992676,0.08535516262054443,0.12518954277038574,0.16502392292022705,0.2048581838607788,0.24469256401062012,0.2845269441604614,0.3243612051010132,0.3641955852508545,0.4040299654006958,0.44386428594589233,0.48369860649108887,0.5235329866409302,0.5633673071861267,0.6032016277313232,0.6430360078811646,0.6828703284263611,0.7227047085762024,0.7625390291213989,0.8023733496665955,0.8422077298164368,0.8820420503616333,0.9218764305114746,0.9617107510566711,1.0015450716018677,1.041379451751709,1.0812137126922607,1.121048092842102,1.1608824729919434,1.2007167339324951,1.2405511140823364,1.2803854942321777,1.320219874382019,1.3600541353225708,1.399888515472412]},"_wandb":{"runtime":7},"val_f1":0.39682539682539686,"gradients/graph_16gat1.heads.1.attn_fc.weight":{"_type":"histogram","values":[1,0,0,0,0,0,0,0,1,1,0,0,0,1,0,0,0,0,0,0,0,0,1,0,0,0,0,0,0,0,0,0,0,0,0,0,0,0,0,0,0,0,0,0,0,0,0,0,0,1,0,1,0,0,0,0,0,0,0,0,0,0,0,1],