{"parameters/graph_31gat1.heads.0.attn_fc.weight":{"values":[1,0,0,0,0,0,0,0,0,0,0,0,0,0,0,0,0,0,0,0,0,0,0,0,2,0,0,0,0,1,0,1,0,1,0,0,1,0,0,1,0,0,0,0,1,1,0,0,2,1,1,0,0,0,0,0,1,0,0,0,0,0,0,1],"bins":[-0.7829882502555847,-0.7614272832870483,-0.7398662567138672,-0.718305230140686,-0.6967442631721497,-0.6751832962036133,-0.6536222696304321,-0.632061243057251,-0.6105002760887146,-0.5889393091201782,-0.5673782825469971,-0.5458172559738159,-0.5242562890052795,-0.5026953220367432,-0.481134295463562,-0.45957329869270325,-0.4380123019218445,-0.4164513051509857,-0.39489030838012695,-0.3733293116092682,-0.3517683148384094,-0.33020731806755066,-0.3086463212966919,-0.28708532452583313,-0.26552432775497437,-0.2439633011817932,-0.22240233421325684,-0.20084136724472046,-0.1792803406715393,-0.15771931409835815,-0.13615834712982178,-0.1145973801612854,-0.09303641319274902,-0.07147538661956787,-0.049914419651031494,-0.028353452682495117,-0.006792426109313965,0.014768600463867188,0.036329567432403564,0.05789053440093994,0.0794515609741211,0.10101255774497986,0.12257355451583862,0.1441345512866974,0.16569554805755615,0.18725654482841492,0.20881754159927368,0.23037853837013245,0.2519395351409912,0.27350053191185,0.29506152868270874,0.3166225254535675,0.33818352222442627,0.35974451899528503,0.3813055157661438,0.40286651253700256,0.42442750930786133,0.4459885060787201,0.46754950284957886,0.4891104996204376,0.5106714963912964,0.5322325229644775,0.5537934899330139,0.5753544569015503,0.5969154834747314],"_type":"histogram"},"train_loss":0.6405926197767258,"_step":4,"gradients/graph_31classifier.weight":{"values":[1,0,0,0,0,0,0,0,0,0,1,0,0,0,1,1,0,0,0,0,0,1,0,2,0,0,1,0,0,0,0,0,0,0,0,0,0,1,0,0,2,0,1,0,0,0,0,0,1,1,0,0,0,1,0,0,0,0,0,0,0,0,0,1],"bins":[-0.025529364123940468,-0.024731570854783058,-0.023933779448270798,-0.023135986179113388,-0.02233819290995598,-0.02154039964079857,-0.02074260823428631,-0.0199448149651289,-0.019147023558616638,-0.01834923028945923,-0.01755143702030182,-0.01675364375114441,-0.01595585234463215,-0.015158059075474739,-0.014360266737639904,-0.013562473468482494,-0.01276468113064766,-0.011966888792812824,-0.011169095523655415,-0.01037130318582058,-0.00957350991666317,-0.00877571851015091,-0.0079779252409935,-0.00718013197183609,-0.00638234056532383,-0.00558454729616642,-0.00478675402700901,-0.003988960757851601,-0.00319116935133934,-0.0023933760821819305,-0.0015955828130245209,-0.0007977914065122604,0,0.0007977932691574097,0.00159558467566967,0.0023933779448270798,0.0031911712139844894,0.00398896262049675,0.0047867558896541595,0.005584549158811569,0.006382342427968979,0.007180133834481239,0.007977927103638649,0.008775720372796059,0.009573511779308319,0.010371305048465729,0.011169097386300564,0.011966890655457973,0.012764682993292809,0.013562475331127644,0.014360268600285053,0.015158060938119888,0.015955854207277298,0.016753647476434708,0.017551438882946968,0.018349232152104378,0.019147023558616638,0.019944816827774048,0.020742610096931458,0.021540403366088867,0.022338194772601128,0.023135988041758537,0.023933781310915947,0.024731572717428207,0.025529365986585617],"_type":"histogram"},"parameters/graph_31gat1.heads.0.fc.weight":{"_type":"histogram","values":[1,0,0,1,0,1,0,0,0,0,0,0,0,0,0,2,0,0,0,1,0,1,2,1,0,1,4,0,1,0,0,3,0,0,1,2,3,1,3,2,1,6,1,0,1,1,1,0,0,1,0,2,1,1,0,0,0,0,0,0,0,0,0,1],"bins":[-1.2536580562591553,-1.2141577005386353,-1.1746572256088257,-1.1351568698883057,-1.0956565141677856,-1.056156039237976,-1.016655683517456,-0.9771552681922913,-0.9376548528671265,-0.8981544971466064,-0.8586540818214417,-0.8191536664962769,-0.7796533107757568,-0.740152895450592,-0.7006524801254272,-0.6611521244049072,-0.6216517090797424,-0.5821512937545776,-0.5426509380340576,-0.5031505227088928,-0.463650107383728,-0.424149751663208,-0.3846493363380432,-0.3451489210128784,-0.3056485652923584,-0.2661481499671936,-0.2266477346420288,-0.1871473789215088,-0.14764690399169922,-0.1081465482711792,-0.06864619255065918,-0.02914571762084961,0.01035463809967041,0.04985499382019043,0.08935546875,0.12885582447052002,0.16835618019104004,0.2078566551208496,0.24735701084136963,0.2868574261665344,0.3263578414916992,0.36585819721221924,0.40535861253738403,0.44485902786254883,0.48435938358306885,0.5238597989082336,0.5633602142333984,0.6028605699539185,0.6423609852790833,0.681861400604248,0.7213617563247681,0.7608621716499329,0.8003625869750977,0.8398629426956177,0.8793633580207825,0.9188637733459473,0.9583641290664673,0.9978645443916321,1.0373649597167969,1.076865315437317,1.1163657903671265,1.1558661460876465,1.1953665018081665,1.234866976737976,1.274367332458496]},"epoch":5,"train_f1":0.4796695402298851,"gradients/graph_31classifier.bias":{"bins":[-0.029755055904388428,-0.02882521040737629,-0.02789536491036415,-0.026965517550706863,-0.026035672053694725,-0.025105826556682587,-0.0241759791970253,-0.02324613370001316,-0.022316288203001022,-0.021386442705988884,-0.020456597208976746,-0.019526749849319458,-0.01859690435230732,-0.01766705885529518,-0.016737211495637894,-0.015807365998625755,-0.014877520501613617,-0.013947675004601479,-0.01301782950758934,-0.012087982147932053,-0.011158136650919914,-0.010228291153907776,-0.009298443794250488,-0.00836859829723835,-0.0074387528002262115,-0.006508907303214073,-0.005579061806201935,-0.004649214446544647,-0.003719368949532509,-0.0027895234525203705,-0.0018596760928630829,-0.0009298305958509445,1.4901161193847656e-08,0.0009298603981733322,0.0018597058951854706,0.002789553254842758,0.0037193987518548965,0.004649244248867035,0.0055790916085243225,0.006508937105536461,0.007438782602548599,0.008368628099560738,0.009298473596572876,0.010228320956230164,0.011158166453242302,0.01208801195025444,0.013017859309911728,0.013947704806923866,0.014877550303936005,0.015807395800948143,0.01673724129796028,0.01766708865761757,0.018596934154629707,0.019526779651641846,0.020456627011299133,0.02138647250831127,0.02231631800532341,0.02324616350233555,0.024176008999347687,0.025105856359004974,0.026035701856017113,0.02696554735302925,0.02789539471268654,0.028825240209698677,0.029755085706710815],"_type":"histogram","values":[1,0,0,0,0,0,0,0,0,0,0,0,0,0,0,0,0,0,0,0,0,0,0,0,0,0,0,0,0,0,0,0,0,0,0,0,0,0,0,0,0,0,0,0,0,0,0,0,0,0,0,0,0,0,0,0,0,0,0,0,0,0,0,1]},"val_accuracy":0.6296296296296297,"val_f1":0.5436507936507936,"train_accuracy":0.6,"val_loss":0.6351680159568787,"parameters/graph_31classifier.bias":{"_type":"histogram","values":[1,0,0,0,0,0,0,0,0,0,0,0,0,0,0,0,0,0,0,0,0,0,0,0,0,0,0,0,0,0,0,0,0,0,0,0,0,0,0,0,0,0,0,0,0,0,0,0,0,0,0,0,0,0,0,0,0,0,0,0,0,0,0,1],"bins":[-0.022825010120868683,-0.02191177010536194,-0.020998530089855194,-0.02008529007434845,-0.019172051921486855,-0.01825881190598011,-0.017345571890473366,-0.01643233187496662,-0.015519092790782452,-0.014605852775275707,-0.013692613691091537,-0.012779373675584793,-0.011866133660078049,-0.010952894575893879,-0.010039654560387135,-0.009126415476202965,-0.00821317546069622,-0.007299935445189476,-0.006386695429682732,-0.0054734572768211365,-0.004560217261314392,-0.0036469772458076477,-0.0027337372303009033,-0.001820497214794159,-0.0009072571992874146,5.980953574180603e-06,0.000919220969080925,0.0018324609845876694,0.0027457010000944138,0.003658941015601158,0.004572179168462753,0.005485419183969498,0.006398659199476242,0.0073118992149829865,0.00822513923048973,0.009138377383351326,0.01005161739885807,0.010964857414364815,0.01187809742987156,0.012791337445378304,0.013704575598239899,0.014617815613746643,0.015531055629253387,0.016444295644760132,0.017357535660266876,0.01827077567577362,0.019184013828635216,0.02009725384414196,0.021010493859648705,0.02192373387515545,0.022836972028017044,0.02375021204352379,0.024663452059030533,0.025576692074537277,0.02648993209004402,0.027403172105550766,0.02831641212105751,0.029229650273919106,0.03014289028942585,0.031056130304932594,0.03196936845779419,0.032882608473300934,0.03379584848880768,0.03470908850431442,0.03562232851982117]},"_runtime":5.3932825,