{"train_loss":0.7654124796390533,"val_loss":0.7584594488143921,"val_f1":0.27350427350427353,"parameters/graph_6gat1.heads.0.attn_fc.weight":{"bins":[-1.2427971363067627,-1.203158974647522,-1.1635209321975708,-1.12388277053833,-1.084244728088379,-1.0446065664291382,-1.0049684047698975,-0.9653303027153015,-0.9256922006607056,-0.8860540986061096,-0.8464159965515137,-0.806777834892273,-0.767139732837677,-0.727501630783081,-0.6878634691238403,-0.6482253670692444,-0.6085872650146484,-0.5689491629600525,-0.5293110609054565,-0.4896728992462158,-0.4500347971916199,-0.4103966951370239,-0.3707585334777832,-0.33112043142318726,-0.2914823293685913,-0.25184422731399536,-0.21220612525939941,-0.1725679636001587,-0.13292980194091797,-0.0932917594909668,-0.053653597831726074,-0.014015555381774902,0.02562248706817627,0.06526064872741699,0.10489869117736816,0.1445368528366089,0.18417489528656006,0.22381305694580078,0.2634512186050415,0.30308932065963745,0.3427274227142334,0.38236552476882935,0.4220036268234253,0.461641788482666,0.501279890537262,0.5409179925918579,0.5805561542510986,0.6201942563056946,0.6598323583602905,0.6994704604148865,0.7391085624694824,0.7787467241287231,0.8183848261833191,0.858022928237915,0.8976610898971558,0.9372991919517517,0.9769372940063477,1.0165753364562988,1.0562134981155396,1.0958516597747803,1.1354897022247314,1.1751278638839722,1.214766025543213,1.254404067993164,1.2940422296524048],"_type":"histogram","values":[1,0,0,0,0,0,0,0,0,0,0,0,0,0,0,0,1,0,0,0,0,0,0,1,0,0,0,0,2,0,2,0,0,3,1,0,1,2,1,0,0,0,2,0,1,1,0,0,0,0,0,1,1,0,0,1,0,0,1,0,0,0,0,1]},"epoch":5,"gradients/graph_6gat1.heads.0.attn_fc.weight":{"bins":[-0.1592433899641037,-0.15495426952838898,-0.15066513419151306,-0.14637601375579834,-0.14208687841892242,-0.1377977579832077,-0.1335086226463318,-0.12921950221061707,-0.12493038177490234,-0.12064124643802643,-0.1163521260023117,-0.11206299811601639,-0.10777387022972107,-0.10348474979400635,-0.09919561445713043,-0.09490649402141571,-0.09061736613512039,-0.08632823824882507,-0.08203911036252975,-0.07774998992681503,-0.07346086204051971,-0.0691717341542244,-0.06488260626792908,-0.06059347838163376,-0.05630435049533844,-0.05201523005962372,-0.0477261021733284,-0.04343697428703308,-0.03914784640073776,-0.034858718514442444,-0.030569598078727722,-0.026280462741851807,-0.021991342306137085,-0.017702221870422363,-0.013413086533546448,-0.009123966097831726,-0.0048348382115364075,-0.0005457103252410889,0.0037434175610542297,0.008032545447349548,0.01232166588306427,0.01661079376935959,0.020899921655654907,0.025189049541950226,0.029478177428245544,0.03376730531454086,0.038056425750255585,0.0423455536365509,0.04663468152284622,0.05092380940914154,0.05521293357014656,0.05950206145644188,0.0637911856174469,0.06808031350374222,0.07236944139003754,0.07665856182575226,0.08094769716262817,0.0852368175983429,0.08952594548463821,0.09381507337093353,0.09810420125722885,0.10239332914352417,0.10668244957923889,0.11097157746553421,0.11526070535182953],"_type":"histogram","values":[1,0,0,0,0,1,0,0,0,0,0,1,0,0,0,0,0,0,0,0,0,0,0,0,0,0,1,0,0,0,1,0,0,0,1,7,1,2,3,1,0,1,0,1,0,0,0,0,0,0,0,0,0,0,1,0,0,0,0,0,0,0,0,1]},"_runtime":11.6588784,"gradients/graph_6classifier.weight":{"_type":"histogram","values":[1,1,1,0,0,0,0,0,0,0,0,1,1,0,0,0,0,0,0,1,0,1,0,1,1,0,0,0,1,0,1,1,1,1,0,1,0,0,0,1,1,0,1,0,1,0,0,0,0,0,0,1,1,0,0,0,0,0,0,0,0,1,1,1],"bins":[-0.08766959607601166,-0.084929920732975,-0.08219024538993835,-0.0794505700469017,-0.07671089470386505,-0.0739712193608284,-0.07123154401779175,-0.0684918761253357,-0.06575219333171844,-0.06301252543926239,-0.06027284637093544,-0.05753317475318909,-0.054793499410152435,-0.052053824067115784,-0.04931414872407913,-0.04657447338104248,-0.04383479803800583,-0.04109512269496918,-0.038355447351932526,-0.035615772008895874,-0.03287609666585922,-0.03013642504811287,-0.027396749705076218,-0.024657070636749268,-0.021917402744293213,-0.01917772740125656,-0.01643805205821991,-0.013698376715183258,-0.010958701372146606,-0.008219026029109955,-0.005479350686073303,-0.0027396753430366516,-7.450580596923828e-09,0.0027396678924560547,0.005479343235492706,0.008219018578529358,0.01095869392156601,0.013698369264602661,0.016438044607639313,0.019177719950675964,0.021917395293712616,0.02465706318616867,0.02739674225449562,0.030136417597532272,0.032876089215278625,0.03561576455831528,0.03835543990135193,0.04109511524438858,0.04383479058742523,0.046574465930461884,0.049314141273498535,0.05205381661653519,0.05479349195957184,0.05753316730260849,0.06027283892035484,0.0630125105381012,0.06575219333171844,0.0684918612241745,0.07123154401779175,0.0739712119102478,0.07671088725328445,0.0794505625963211,0.08219023793935776,0.08492991328239441,0.08766958862543106]},"_wandb":{"runtime":11},"_timestamp":1.7316944078156724e+09,"val_accuracy":0.4444444444444444,"gradients/graph_6classifier.bias":{"_type":"histogram","values":[1,0,0,0,0,0,0,0,0,0,0,0,0,0,0,0,0,0,0,0,0,0,0,0,0,0,0,0,0,0,0,0,0,0,0,0,0,0,0,0,0,0,0,0,0,0,0,0,0,0,0,0,0,0,0,0,0,0,0,0,0,0,0,1],"bins":[-0.22203108668327332,-0.21509261429309845,-0.20815414190292358,-0.20121566951274872,-0.19427719712257385,-0.187338724732399,-0.18040025234222412,-0.17346179485321045,-0.1665233075618744,-0.15958485007286072,-0.15264636278152466,-0.145707905292511,-0.13876943290233612,-0.13183096051216125,-0.12489248812198639,-0.11795401573181152,-0.11101554334163666,-0.10407707095146179,-0.09713859856128693,-0.09020012617111206,-0.0832616537809372,-0.07632318139076233,-0.06938470900058746,-0.0624462366104126,-0.055507779121398926,-0.04856930673122406,-0.041630834341049194,-0.03469236195087433,-0.027753889560699463,-0.020815417170524597,-0.013876944780349731,-0.006938472390174866,0,0.006938472390174866,0.013876944780349731,0.020815417170524597,0.027753889560699463,0.03469236195087433,0.041630834341049194,0.04856930673122406,0.055507779121398926,0.0624462366104126,0.06938470900058746,0.07632318139076233,0.0832616537809372,0.09020012617111206,0.09713859856128693,0.10407707095146179,0.11101554334163666,0.11795401573181152,0.12489248812198639,0.13183096051216125,0.13876943290233612,0.145707905292511,0.15264636278152466,0.15958485007286072,0.1665233075618744,0.17346179485321045,0.18040025234222412,0.187338724732399,0.19427719712257385,0.20121566951274872,0.20815414190292358,0.21509261429309845,0.22203108668327332]},"_step":4,"parameters/graph_6classifier.weight":{"bins":[-0.24172966182231903,-0.23360934853553772,-0.2254890352487564,-0.2173687219619751,-0.2092483937740326,-0.20112809538841248,-0.19300776720046997,-0.18488745391368866,-0.17676714062690735,-0.16864682734012604,-0.16052651405334473,-0.15240618586540222,-0.1442858874797821,-0.1361655592918396,-0.1280452460050583,-0.11992493271827698,-0.11180461943149567,-0.10368430614471436,-0.09556399285793304,-0.08744367957115173,-0.07932336628437042,-0.07120303809642792,-0.0630827248096466,-0.054962411522865295,-0.046842098236083984,-0.03872178494930267,-0.030601471662521362,-0.02248115837574005,-0.014360830187797546,-0.006240516901016235,0.0018797963857650757,0.010000094771385193,0.01812043786048889,0.026240766048431396,0.034361064434051514,0.042481377720832825,0.050601691007614136,0.05872201919555664,0.06684233248233795,0.07496264576911926,0.08308295905590057,0.09120327234268188,0.0993235856294632,0.1074438989162445,0.11556422710418701,0.12368454039096832,0.13180485367774963,0.13992516696453094,0.14804548025131226,0.15616579353809357,0.16428610682487488,0.17240643501281738,0.1805267333984375,0.18864706158638,0.19676737487316132,0.20488768815994263,0.21300800144672394,0.22112831473350525,0.22924862802028656,0.23736894130706787,0.24548926949501038,0.2536095678806305,0.261729896068573,0.2698501944541931,0.2779705226421356],"_type":"histogram","values":[1,0,0,1,0,0,1,0,0,2,0,1,0,1,1,1,0,0,0,1,1,0,1,0,2,0,0,0,0,1,1,0,0,0,0,0,1,0,0,0,1,1,0,0,0,0,0,0,0,1,1,0,0,0,0,0,0,1,0,1,0,0,0,1]},"train_f1":0.26064804469273745,"parameters/graph_6classifier.bias":{"_type":"histogram",