{"_wandb":{"runtime":8},"parameters/graph_45classifier.weight":{"_type":"histogram","values":[1,0,0,0,0,0,0,0,1,1,1,0,4,1,2,2,1,1,0,1,0,0,0,1,0,2,0,1,0,1,1,0,1,0,2,0,1,3,1,1,1,0,2,0,1,1,1,0,1,1,0,0,1,0,1,0,1,2,0,0,0,1,2,1],"bins":[-0.21334214508533478,-0.2066950798034668,-0.20004801452159882,-0.19340094923973083,-0.18675388395786285,-0.18010681867599487,-0.1734597384929657,-0.1668126881122589,-0.16016560792922974,-0.15351855754852295,-0.14687147736549377,-0.140224426984787,-0.1335773468017578,-0.12693028151988983,-0.12028321623802185,-0.11363615095615387,-0.10698908567428589,-0.10034202039241791,-0.09369495511054993,-0.08704788982868195,-0.08040082454681396,-0.07375375926494598,-0.067106693983078,-0.06045962870121002,-0.05381254851818085,-0.047165483236312866,-0.040518417954444885,-0.033871352672576904,-0.027224287390708923,-0.020577222108840942,-0.013930156826972961,-0.0072830915451049805,-0.0006360113620758057,0.006011053919792175,0.012658119201660156,0.019305184483528137,0.025952249765396118,0.0325993150472641,0.03924638032913208,0.04589344561100006,0.05254051089286804,0.05918759107589722,0.0658346563577652,0.07248172163963318,0.07912878692150116,0.08577585220336914,0.09242291748523712,0.0990699827671051,0.10571704804897308,0.11236411333084106,0.11901117861270905,0.12565824389457703,0.132305309176445,0.138952374458313,0.14559945464134216,0.15224650502204895,0.15889358520507812,0.1655406355857849,0.1721877157688141,0.17883478105068207,0.18548184633255005,0.19212891161441803,0.198775976896286,0.205423042178154,0.21207010746002197]},"train_f1":0.26064804469273745,"val_f1":0.27350427350427353,"parameters/graph_45gat1.heads.1.fc.weight":{"bins":[-0.8336220979690552,-0.8048496842384338,-0.7760773301124573,-0.7473049163818359,-0.7185325622558594,-0.689760148525238,-0.6609877347946167,-0.6322153806686401,-0.6034429669380188,-0.5746705532073975,-0.5458981990814209,-0.5171258449554443,-0.488353431224823,-0.45958104729652405,-0.4308086335659027,-0.40203624963760376,-0.3732638657093048,-0.34449148178100586,-0.3157190680503845,-0.28694671392440796,-0.2581743001937866,-0.22940194606781006,-0.20062953233718872,-0.17185711860656738,-0.14308476448059082,-0.11431235074996948,-0.08553999662399292,-0.05676758289337158,-0.027995169162750244,0.0007771849632263184,0.029549598693847656,0.05832195281982422,0.08709436655044556,0.1158667802810669,0.14463913440704346,0.1734115481376648,0.20218390226364136,0.2309563159942627,0.25972872972488403,0.2885010838508606,0.31727349758148193,0.3460458517074585,0.37481826543807983,0.40359067916870117,0.43236303329467773,0.4611354470252991,0.48990780115127563,0.518680214881897,0.5474525690078735,0.5762249827384949,0.6049973964691162,0.6337697505950928,0.6625421643257141,0.6913145780563354,0.720086932182312,0.7488592863082886,0.7776317000389099,0.8064041137695312,0.8351764678955078,0.8639488816261292,0.8927212953567505,0.921493649482727,0.9502660632133484,0.979038417339325,1.0078108310699463],"_type":"histogram","values":[1,1,0,0,0,1,2,0,2,0,0,0,0,0,1,1,1,5,0,2,2,1,0,3,1,2,1,3,2,3,2,1,2,1,1,6,1,1,2,1,2,1,2,2,0,0,2,0,0,1,0,0,1,1,0,1,2,0,0,2,0,1,0,1]},"_timestamp":1.731701846259917e+09,"epoch":5,"gradients/graph_45classifier.bias":{"_type":"histogram","values":[1,0,0,0,0,0,0,0,0,0,0,0,0,0,0,0,0,0,0,0,0,0,0,0,0,0,0,0,0,0,0,0,0,0,0,0,0,0,0,0,0,0,0,0,0,0,0,0,0,0,0,0,0,0,0,0,0,0,0,0,0,0,0,1],"bins":[-0.0783645436167717,-0.07591564953327179,-0.07346676290035248,-0.07101786881685257,-0.06856897473335266,-0.06612008064985275,-0.06367119401693344,-0.06122229993343353,-0.058773405849933624,-0.056324515491724014,-0.053875625133514404,-0.051426731050014496,-0.048977840691804886,-0.04652894660830498,-0.04408005625009537,-0.04163116216659546,-0.03918227180838585,-0.03673338145017624,-0.03428448736667633,-0.03183559700846672,-0.029386702924966812,-0.026937812566757202,-0.024488918483257294,-0.022040028125047684,-0.019591137766838074,-0.017142243683338165,-0.014693349599838257,-0.012244462966918945,-0.009795568883419037,-0.007346674799919128,-0.00489778071641922,-0.0024488940834999084,0,0.0024488940834999084,0.00489778071641922,0.007346674799919128,0.009795568883419037,0.012244462966918945,0.014693349599838257,0.017142243683338165,0.019591137766838074,0.022040028125047684,0.024488918483257294,0.026937812566757202,0.029386702924966812,0.03183559700846672,0.03428448736667633,0.03673338145017624,0.03918227180838585,0.04163116216659546,0.04408005625009537,0.04652894660830498,0.048977840691804886,0.051426731050014496,0.053875625133514404,0.056324515491724014,0.058773405849933624,0.06122229993343353,0.06367119401693344,0.06612008064985275,0.06856897473335266,0.07101786881685257,0.07346676290035248,0.07591564953327179,0.0783645436167717]},"parameters/graph_45gat1.heads.0.fc.weight":{"bins":[-1.1849347352981567,-1.1522479057312012,-1.1195610761642456,-1.08687424659729,-1.0541874170303345,-1.021500587463379,-0.9888138175010681,-0.9561269879341125,-0.9234402179718018,-0.8907533884048462,-0.8580665588378906,-0.8253797292709351,-0.7926928997039795,-0.7600060701370239,-0.7273192405700684,-0.6946324706077576,-0.661945641040802,-0.6292588114738464,-0.5965719819068909,-0.5638852119445801,-0.5311983823776245,-0.49851155281066895,-0.4658247232437134,-0.4331378936767578,-0.40045106410980225,-0.36776429414749146,-0.3350774645805359,-0.3023906350135803,-0.26970380544662476,-0.2370169758796692,-0.2043302059173584,-0.17164337635040283,-0.1389564871788025,-0.10626965761184692,-0.07358282804489136,-0.040896058082580566,-0.008209228515625,0.024477601051330566,0.05716443061828613,0.0898512601852417,0.12253803014755249,0.15522485971450806,0.18791168928146362,0.2205985188484192,0.25328534841537476,0.2859721779823303,0.3186589479446411,0.3513457775115967,0.38403260707855225,0.4167194366455078,0.449406236410141,0.48209306597709656,0.5147798657417297,0.5474666953086853,0.5801535248756409,0.6128402948379517,0.6455271244049072,0.6782139539718628,0.7109007835388184,0.7435876131057739,0.7762744426727295,0.8089612722396851,0.8416480422019958,0.8743348717689514,0.907021701335907],"_type":"histogram","values":[1,0,0,0,0,0,0,0,0,1,0,0,0,0,0,2,0,1,0,1,1,1,1,0,0,1,1,3,1,1,4,2,1,1,1,2,2,3,4,2,2,1,2,2,3,3,1,5,0,2,4,2,1,1,0,1,0,1,0,1,1,0,0,1]},"train_loss":0.6920213401317596,"gradients/graph_45gat1.heads.0.fc.weight":{"values":[1,0,1,0,0,1,0,0,0,0,0,0,0,1,0,2,2,1,0,1,2,4,0,1,0,0,2,3,2,2,4,7,9,7,1,2,2,0,0,1,2,1,1,1,1,1,2,1,0,0,0,0,0,0,0,0,0,1,0,0,0,1,0,1],"bins":[-0.006174070760607719,-0.005975931417196989,-0.005777792073786259,-0.005579653196036816,-0.005381513852626085,-0.005183374509215355,-0.0049852351658046246,-0.004787095822393894,-0.004588956478983164,-0.0043908171355724335,-0.00419267825782299,-0.003994538448750973,-0.0037963995710015297,-0.0035982602275907993,-0.003400120884180069,-0.0032019817735999823,-0.003003842430189252,-0.0028057030867785215,-0.002607563976198435,-0.0024094246327877045,-0.002211285289376974,-0.0020131459459662437,-0.0018150066025555134,-0.0016168677248060703,-0.00141872838139534,-0.0012205890379846096,-0.0010224496945738792,-0.0008243103511631489,-0.0006261710077524185,-0.00042803213000297546,-0.0002298927865922451,-3.175344318151474e-05,0.00016638590022921562,0.000364525243639946,0.0005626645870506763,0.0007608039304614067,0.0009589428082108498,0.0011570821516215801,0.0013552214950323105,0.0015533608384430408,0.0017515001818537712,0.0019496395252645016,0.0021477784030139446,0.002345917746424675,0.0025440570898354053,0.0027421964332461357,0.002940335776656866,0.0031384748872369528,0.003336614230647683,0.0035347535740584135,0.0037328926846385,0.003931032028049231,0.004129171371459961,0.004327310249209404,0.004525450058281422,0.004723588936030865,0.004921728279441595,0.0051198676228523254,0.005318006966263056,0.005516146309673786,0.0057142856530845165,0.005912424996495247,0.00611056387424469,0.00630870321765542,0.006506842561066151],"_type":"histogram"},"_step":4,"parameters/graph_45gat1.heads.1.attn_fc.weight":{"_type":"histogram",