{"val_loss":0.7059596180915833,"parameters/graph_24gat1.heads.0.fc.weight":{"bins":[-0.9350204467773438,-0.9007961750030518,-0.8665719032287598,-0.832347571849823,-0.798123300075531,-0.763899028301239,-0.7296746969223022,-0.6954504251480103,-0.6612261533737183,-0.6270018815994263,-0.5927776098251343,-0.5585532784461975,-0.5243290066719055,-0.4901047348976135,-0.45588043332099915,-0.42165613174438477,-0.3874318599700928,-0.3532075881958008,-0.3189833164215088,-0.284758985042572,-0.25053471326828003,-0.21631044149398804,-0.18208611011505127,-0.14786183834075928,-0.11363756656646729,-0.07941329479217529,-0.0451890230178833,-0.010964691638946533,0.02325958013534546,0.05748385190963745,0.09170818328857422,0.1259324550628662,0.16015660762786865,0.19438087940216064,0.22860515117645264,0.2628294825553894,0.2970537543296814,0.3312780261039734,0.36550235748291016,0.39972662925720215,0.43395090103149414,0.46817517280578613,0.5023994445800781,0.5366237759590149,0.5708480477333069,0.6050723195075989,0.6392966508865356,0.6735209226608276,0.7077451944351196,0.7419694662094116,0.7761937379837036,0.8104180693626404,0.8446423411369324,0.8788666129112244,0.9130909442901611,0.9473152160644531,0.9815394878387451,1.015763759613037,1.049988031387329,1.084212303161621,1.118436574935913,1.1526609659194946,1.1868852376937866,1.2211095094680786,1.2553337812423706],"_type":"histogram","values":[1,1,1,0,0,1,1,0,0,0,1,0,1,1,2,2,0,4,4,2,2,1,1,5,2,4,1,0,3,0,1,3,1,5,4,1,0,3,2,1,0,0,2,0,1,2,0,0,1,0,0,0,0,0,0,0,0,1,0,1,1,0,0,1]},"_runtime":9.3346854,"gradients/graph_24gat1.heads.0.fc.weight":{"_type":"histogram","values":[1,0,0,0,1,1,2,2,0,0,1,1,3,2,3,6,4,2,2,2,2,0,2,1,0,2,1,1,1,3,1,2,0,2,2,3,0,2,0,3,0,0,1,1,2,1,1,1,1,0,1,0,0,0,0,0,1,0,0,0,0,0,0,1],"bins":[-0.002083798171952367,-0.001982511952519417,-0.0018812259659171104,-0.0017799398628994823,-0.001678653759881854,-0.0015773676568642259,-0.0014760815538465977,-0.0013747954508289695,-0.0012735093478113413,-0.001172223244793713,-0.001070937141776085,-0.0009696510387584567,-0.0008683649357408285,-0.0007670788327232003,-0.0006657927297055721,-0.0005645066266879439,-0.00046322052367031574,-0.00036193442065268755,-0.00026064831763505936,-0.00015936221461743116,-5.807611159980297e-05,4.3209875002503395e-05,0.00014449609443545341,0.00024578231386840343,0.0003470683004707098,0.00044835428707301617,0.0005496405065059662,0.0006509267259389162,0.0007522127125412226,0.0008534986991435289,0.000954784918576479,0.001056071138009429,0.0011573568917810917,0.001258642878383398,0.001359929097816348,0.001461215317249298,0.0015625013038516045,0.0016637872904539108,0.0017650735098868608,0.0018663597293198109,0.0019676457159221172,0.0020689317025244236,0.0021702179219573736,0.0022715041413903236,0.00237279012799263,0.0024740761145949364,0.0025753623340278864,0.0026766485534608364,0.0027779345400631428,0.002879220526665449,0.002980506746098399,0.003081792965531349,0.0031830789521336555,0.003284364938735962,0.003385651158168912,0.003486937377601862,0.0035882233642041683,0.0036895093508064747,0.0037907955702394247,0.0038920817896723747,0.003993367776274681,0.0040946537628769875,0.004195939749479294,0.0042972262017428875,0.004398512188345194]},"parameters/graph_24classifier.weight":{"bins":[-0.5674958825111389,-0.5536162257194519,-0.5397365093231201,-0.5258568525314331,-0.5119771957397461,-0.4980975091457367,-0.4842178225517273,-0.4703381657600403,-0.4564584791660309,-0.4425787925720215,-0.4286991357803345,-0.4148194491863251,-0.4009397625923157,-0.38706010580062866,-0.37318041920661926,-0.35930073261260986,-0.34542107582092285,-0.33154141902923584,-0.31766173243522644,-0.30378204584121704,-0.28990238904953003,-0.27602270245552063,-0.26214301586151123,-0.24826335906982422,-0.23438367247581482,-0.22050398588180542,-0.2066243290901184,-0.192744642496109,-0.1788649559020996,-0.1649852991104126,-0.1511056125164032,-0.1372259557247162,-0.12334629893302917,-0.10946661233901978,-0.09558695554733276,-0.08170726895332336,-0.06782761216163635,-0.05394792556762695,-0.040068238973617554,-0.026188582181930542,-0.012308895587921143,0.0015707910060882568,0.015450447797775269,0.029330134391784668,0.04320982098579407,0.05708947777748108,0.07096916437149048,0.08484883606433868,0.09872850775718689,0.1126081794500351,0.1264878511428833,0.1403675377368927,0.1542472094297409,0.1681268811225891,0.1820065677165985,0.19588623940944672,0.20976591110229492,0.22364558279514313,0.23752525448799133,0.25140494108200073,0.26528459787368774,0.27916428446769714,0.29304397106170654,0.30692362785339355,0.32080331444740295],"_type":"histogram","values":[1,0,0,0,0,0,0,0,0,0,0,0,0,1,0,0,1,0,0,1,0,0,0,0,1,0,0,0,1,1,1,0,0,2,1,0,0,1,1,1,1,0,0,0,0,0,1,0,0,1,3,0,1,0,0,0,0,0,1,0,0,1,0,1]},"_wandb":{"runtime":9},"val_accuracy":0.4444444444444444,"gradients/graph_24gat1.heads.0.attn_fc.weight":{"values":[1,0,0,0,0,0,0,0,0,0,0,0,0,0,0,0,0,0,0,0,0,0,0,0,0,0,0,0,0,0,0,0,0,0,0,0,0,0,0,1,1,0,2,1,1,3,3,3,2,3,0,0,0,1,1,0,0,0,0,0,0,0,0,1],"bins":[-0.011861341074109077,-0.01160537451505661,-0.011349407956004143,-0.011093441396951675,-0.010837474837899208,-0.010581507347524166,-0.010325540788471699,-0.010069574229419231,-0.009813607670366764,-0.009557641111314297,-0.00930167455226183,-0.009045707061886787,-0.00878974050283432,-0.008533773943781853,-0.008277807384729385,-0.008021840825676918,-0.007765874266624451,-0.007509907707571983,-0.007253941148519516,-0.006997974123805761,-0.006742007564753294,-0.006486041005700827,-0.006230073980987072,-0.005974107421934605,-0.005718140862882137,-0.00546217430382967,-0.005206207744777203,-0.004950240720063448,-0.004694274161010981,-0.004438307601958513,-0.004182340577244759,-0.003926374018192291,-0.0036704083904623985,-0.003414441831409931,-0.003158475272357464,-0.002902508247643709,-0.002646541688591242,-0.0023905751295387745,-0.00213460810482502,-0.0018786415457725525,-0.0016226749867200851,-0.0013667084276676178,-0.0011107418686151505,-0.0008547748439013958,-0.0005988082848489285,-0.0003428417257964611,-8.687470108270645e-05,0.0001690918579697609,0.00042505841702222824,0.0006810249760746956,0.0009369917679578066,0.0011929585598409176,0.001448925118893385,0.0017048916779458523,0.0019608584698289633,0.0022168252617120743,0.0024727918207645416,0.002728758379817009,0.00298472517170012,0.003240691963583231,0.0034966585226356983,0.0037526250816881657,0.00400859210640192,0.004264558665454388,0.004520525224506855],"_type":"histogram"},"parameters/graph_24classifier.bias":{"_type":"histogram","values":[1,0,0,0,0,0,0,0,0,0,0,0,0,0,0,0,0,0,0,0,0,0,0,0,0,0,0,0,0,0,0,0,0,0,0,0,0,0,0,0,0,0,0,0,0,0,0,0,0,0,0,0,0,0,0,0,0,0,0,0,0,0,0,1],"bins":[0.08228473365306854,0.08455277234315872,0.0868208035826683,0.08908884227275848,0.09135688096284866,0.09362491965293884,0.09589295089244843,0.0981609895825386,0.10042902827262878,0.10269705951213837,0.10496509820222855,0.10723313689231873,0.10950116813182831,0.11176920682191849,0.11403724551200867,0.11630527675151825,0.11857331544160843,0.12084135413169861,0.12310938537120819,0.12537741661071777,0.12764546275138855,0.12991349399089813,0.13218152523040771,0.1344495713710785,0.13671760261058807,0.13898563385009766,0.14125367999076843,0.14352171123027802,0.1457897424697876,0.14805778861045837,0.15032583475112915,0.15259385108947754,0.15486189723014832,0.1571299433708191,0.15939795970916748,0.16166600584983826,0.16393405199050903,0.16620208323001862,0.1684701144695282,0.17073816061019897,0.17300619184970856,0.17527422308921814,0.17754226922988892,0.1798103004693985,0.18207833170890808,0.18434637784957886,0.18661440908908844,0.18888244032859802,0.1911504864692688,0.19341851770877838,0.19568654894828796,0.19795459508895874,0.20022262632846832,0.2024906575679779,0.20475870370864868,0.20702673494815826,0.20929476618766785,0.21156281232833862,0.2138308435678482,0.2160988748073578,0.21836692094802856,0.22063495218753815,0.22290298342704773,0.2251710295677185,0.2274390608072281]},"train_f1":0.5278577386104335,"_step":4,"_timestamp":1.7316948625296133e+09,