{"val_accuracy":0.5925925925925926,"gradients/graph_9gat1.heads.1.attn_fc.weight":{"_type":"histogram","values":[1,0,0,0,0,0,1,0,0,0,0,0,0,0,0,0,0,0,0,0,0,0,0,0,1,0,1,1,1,0,0,0,0,0,0,0,0,0,0,0,0,0,0,0,0,0,0,0,0,0,0,0,0,0,1,0,0,0,0,0,0,0,0,1],"bins":[-0.0030925890896469355,-0.0029541351832449436,-0.0028156812768429518,-0.00267722737044096,-0.0025387736968696117,-0.00240031979046762,-0.002261865884065628,-0.002123411977663636,-0.0019849580712616444,-0.0018465042812749743,-0.0017080504912883043,-0.0015695965848863125,-0.0014311426784843206,-0.0012926888884976506,-0.0011542349820956588,-0.0010157811921089888,-0.0008773272857069969,-0.0007388733793050051,-0.0006004194729030132,-0.00046196579933166504,-0.0003235118929296732,-0.00018505798652768135,-4.6604080125689507e-05,9.184982627630234e-05,0.00023030373267829418,0.00036875740624964237,0.0005072113126516342,0.0006456652190536261,0.0007841191254556179,0.0009225730318576097,0.001061026705428958,0.0011994808446615934,0.0013379347510635853,0.0014763884246349335,0.001614842563867569,0.0017532962374389172,0.001891750143840909,0.002030204050242901,0.0021686579566448927,0.0023071118630468845,0.0024455655366182327,0.0025840194430202246,0.0027224733494222164,0.0028609272558242083,0.0029993811622262,0.003137835068628192,0.00327628874219954,0.003414742648601532,0.003553196555003524,0.0036916504614055157,0.003830104134976864,0.003968558274209499,0.0041070119477808475,0.004245465621352196,0.004383919760584831,0.004522373434156179,0.004660827573388815,0.004799281246960163,0.004937735386192799,0.005076189059764147,0.005214642733335495,0.0053530968725681305,0.005491550546139479,0.005630004685372114,0.005768458358943462]},"parameters/graph_9classifier.bias":{"values":[1,0,0,0,0,0,0,0,0,0,0,0,0,0,0,0,0,0,0,0,0,0,0,0,0,0,0,0,0,0,0,0,0,0,0,0,0,0,0,0,0,0,0,0,0,0,0,0,0,0,0,0,0,0,0,0,0,0,0,0,0,0,0,1],"bins":[-0.16485437750816345,-0.16392050683498383,-0.1629866361618042,-0.16205276548862457,-0.16111889481544495,-0.16018502414226532,-0.1592511534690857,-0.15831729769706726,-0.15738342702388763,-0.156449556350708,-0.15551568567752838,-0.15458181500434875,-0.15364794433116913,-0.1527140736579895,-0.15178020298480988,-0.15084633231163025,-0.14991246163845062,-0.148978590965271,-0.14804473519325256,-0.14711086452007294,-0.1461769938468933,-0.14524312317371368,-0.14430925250053406,-0.14337538182735443,-0.1424415111541748,-0.14150764048099518,-0.14057376980781555,-0.13963989913463593,-0.1387060284614563,-0.13777217268943787,-0.13683830201625824,-0.1359044313430786,-0.134970560669899,-0.13403668999671936,-0.13310281932353973,-0.1321689486503601,-0.13123507797718048,-0.13030120730400085,-0.12936733663082123,-0.1284334659576416,-0.12749961018562317,-0.12656572461128235,-0.12563186883926392,-0.12469799816608429,-0.12376412749290466,-0.12283025681972504,-0.12189638614654541,-0.12096251547336578,-0.12002864480018616,-0.11909477412700653,-0.1181609109044075,-0.11722704023122787,-0.11629316955804825,-0.11535929888486862,-0.114425428211689,-0.11349156498908997,-0.11255769431591034,-0.11162382364273071,-0.11068995296955109,-0.10975608229637146,-0.10882221162319183,-0.10788834095001221,-0.10695447772741318,-0.10602060705423355,-0.10508673638105392],"_type":"histogram"},"parameters/graph_9gat1.heads.1.attn_fc.weight":{"bins":[-0.9804404973983765,-0.9608595967292786,-0.9412787556648254,-0.9216978549957275,-0.9021170139312744,-0.8825361132621765,-0.8629552125930786,-0.8433743715286255,-0.8237934708595276,-0.8042125701904297,-0.7846317291259766,-0.7650508284568787,-0.7454699277877808,-0.7258890867233276,-0.7063081860542297,-0.6867272853851318,-0.6671464443206787,-0.6475656032562256,-0.6279847025871277,-0.6084038019180298,-0.5888229608535767,-0.5692420601844788,-0.5496611595153809,-0.5300803184509277,-0.5104994177818298,-0.4909185469150543,-0.4713376760482788,-0.4517567753791809,-0.432175874710083,-0.4125950336456299,-0.393014132976532,-0.37343329191207886,-0.35385245084762573,-0.33427155017852783,-0.3146907091140747,-0.2951098084449768,-0.2755289673805237,-0.2559480667114258,-0.23636716604232788,-0.21678629517555237,-0.19720542430877686,-0.17762455344200134,-0.15804368257522583,-0.13846278190612793,-0.11888191103935242,-0.0993010401725769,-0.079720139503479,-0.06013926863670349,-0.04055839776992798,-0.020977526903152466,-0.0013966560363769531,0.018184244632720947,0.03776511549949646,0.05734598636627197,0.07692687213420868,0.09650775790214539,0.1160886287689209,0.1356694996356964,0.15525038540363312,0.17483127117156982,0.19441214203834534,0.21399301290512085,0.23357389867305756,0.25315478444099426,0.2727356553077698],"_type":"histogram","values":[1,0,0,0,0,0,0,0,0,0,1,0,1,0,0,0,0,0,0,0,0,0,0,0,0,0,0,0,0,0,0,0,0,1,0,0,0,0,0,0,0,0,0,0,0,0,0,0,0,1,1,0,0,0,0,0,0,0,0,0,0,0,1,1]},"gradients/graph_9gat1.heads.0.fc.weight":{"_type":"histogram","values":[1,1,0,1,0,0,0,2,0,0,0,1,0,0,1,1,1,0,0,0,3,0,0,0,0,0,0,0,0,0,0,0,0,0,0,1,2,0,0,0,1,1,1,0,0,0,1,0,1,0,0,1,0,0,0,0,0,0,0,1,0,0,1,1],"bins":[-0.014733435586094856,-0.014212108217179775,-0.013690781779587269,-0.013169454410672188,-0.012648127973079681,-0.0121268006041646,-0.01160547323524952,-0.011084146797657013,-0.010562820360064507,-0.010041492991149426,-0.009520165622234344,-0.008998839184641838,-0.008477511815726757,-0.007956184446811676,-0.00743485800921917,-0.006913531571626663,-0.006392204202711582,-0.005870876833796501,-0.005349550396203995,-0.004828223027288914,-0.004306896589696407,-0.0037855692207813263,-0.00326424278318882,-0.002742915414273739,-0.002221588045358658,-0.0017002616077661514,-0.0011789342388510704,-0.000657607801258564,-0.00013628043234348297,0.00038504600524902344,0.0009063724428415298,0.0014277007430791855,0.001949027180671692,0.0024703536182641983,0.002991681918501854,0.0035130083560943604,0.004034334793686867,0.004555662162601948,0.005076988600194454,0.005598315969109535,0.006119642406702042,0.006640969775617123,0.007162297144532204,0.00768362358212471,0.008204950951039791,0.008726277388632298,0.009247604757547379,0.009768931195139885,0.010290258564054966,0.010811585932970047,0.011332912370562553,0.01185423880815506,0.01237556617707014,0.012896893545985222,0.013418219983577728,0.01393954735249281,0.01446087472140789,0.014982201159000397,0.015503527596592903,0.01602485589683056,0.016546182334423065,0.01706750877201557,0.017588835209608078,0.018110163509845734,0.01863148994743824]},"epoch":3,"gradients/graph_9gat1.heads.1.fc.weight":{"_type":"histogram","values":[1,0,0,1,0,0,0,0,0,0,0,0,0,0,0,0,0,0,0,1,0,1,0,0,1,0,0,1,0,0,0,0,0,1,0,0,0,1,0,0,0,0,0,1,1,0,2,0,0,0,1,0,1,1,3,1,1,2,0,0,0,1,0,1],