{"gradients/gat1.heads.1.fc.weight":0.030255142599344254,"gradients/gat1.heads.2.fc.weight":0.02512872777879238,"confusion_matrix_table":{"size":131,"artifact_path":"wandb-client-artifact://jl4nh3x9hvma24dkfb0tlu8mz1msv7j84x9jwxnblsrwsqb1y0k0hl0cxhxlzshnkl2wzh3y1vannqub79g5febgzu48rnqpgymf98ogul390pbwr8jj0py2zvci03e8/confusion_matrix_table.table.json","_latest_artifact_path":"wandb-client-artifact://kttjiqhgq1eee5yi41klam6q23ea4yaxaxy3dm6ge3lubv452kextjdsa5d9j7s9o4v7k1eqwnpwp0t8vdo9wf3zrfo1lta7aoxdp6diieitr3pvyxvp61o1tu5f95gl:latest/confusion_matrix_table.table.json","path":"media/table/confusion_matrix_table_158_bedbc1f25eb062741add.table.json","ncols":3,"nrows":4,"_type":"table-file","sha256":"bedbc1f25eb062741add8eaf67174f1ddf1345f5acb4dbc1a1f3c5451bba3d2b"},"val/accuracy":0.7777777777777778,"Training Metrics":{"sha256":"e06b676c4dfae1458f8ebb8fe68f4948023aca936bb9f8586760ba2eabe4ae3a","size":9050,"artifact_path":"wandb-client-artifact://g852uerjjra9ehtyltro4tsm0fy0eqb2koj9qqnzdib75llyzd41i6k5qu0dej5ohze1aa3r1acj96flmq66v63l0bb6burey8jitq4ju6vkrg7xdkopnb777kcwo8k9/Training Metrics.table.json","_latest_artifact_path":"wandb-client-artifact://jx0zilmg19ee9ishroitbogq2l8mvd8tucfu413dzw3utndjk6bf5xi8fiqybjzonqomrx73uaz65039w2np6u4oelmvoxq533kg38r1ce7p582pel1qpvchiydskzju:latest/Training Metrics.table.json","path":"media/table/Training Metrics_160_e06b676c4dfae1458f8e.table.json","ncols":7,"nrows":80,"_type":"table-file"},"_wandb":{"runtime":210},"gradients/gat1.heads.0.fc.weight":0.03028210438787937,"gradients/gat1.heads.0.attn_fc.weight":0.039806436747312546,"train/f1_score":0.7871038961038962,"gradients/gat1.heads.1.attn_fc.weight":0.02538294903934002,"gradients/classifier.weight":0.12186827510595322,"train/loss":0.5071674734354019,"val/f1_score":0.774621212121212,"epoch":79,"_timestamp":1.7308503233774734e+09,"_step":160,"_runtime":210.484173,"train/accuracy":0.792,"gradients/classifier.bias":0.0030806870199739933,"val/loss":0.5246672034263611,"gradients/gat1.heads.2.attn_fc.weight":0.02676788531243801}