{"gradients/graph_27classifier.bias":{"values":[1,0,0,0,0,0,0,0,0,0,0,0,0,0,0,0,0,0,0,0,0,0,0,0,0,0,0,0,0,0,0,0,0,0,0,0,0,0,0,0,0,0,0,0,0,0,0,0,0,0,0,0,0,0,0,0,0,0,0,0,0,0,0,1],"bins":[-0.05055305361747742,-0.04897326976060867,-0.04739348962903023,-0.045813705772161484,-0.04423392191529274,-0.042654141783714294,-0.04107435792684555,-0.03949457406997681,-0.03791479021310806,-0.03633501008152962,-0.03475522622466087,-0.03317544609308243,-0.031595662236213684,-0.03001587837934494,-0.028436096385121346,-0.0268563125282526,-0.025276530534029007,-0.023696748539805412,-0.02211696468293667,-0.020537182688713074,-0.01895739883184433,-0.017377618700265884,-0.01579783484339714,-0.014218050986528397,-0.012638270854949951,-0.011058486998081207,-0.009478703141212463,-0.00789891928434372,-0.006319139152765274,-0.00473935529589653,-0.0031595714390277863,-0.0015797913074493408,-7.450580596923828e-09,0.001579776406288147,0.0031595565378665924,0.004739340394735336,0.00631912425160408,0.007898904383182526,0.00947868824005127,0.011058472096920013,0.012638255953788757,0.014218036085367203,0.015797819942235947,0.01737760379910469,0.018957383930683136,0.02053716778755188,0.022116949781775475,0.02369673363864422,0.025276515632867813,0.026856297627091408,0.02843608148396015,0.030015863478183746,0.03159564733505249,0.033175431191921234,0.03475521132349968,0.03633499518036842,0.03791477531194687,0.03949455916881561,0.04107434302568436,0.0426541268825531,0.044233907014131546,0.04581369087100029,0.047393474727869034,0.04897325485944748,0.05055303871631622],"_type":"histogram"},"parameters/graph_27classifier.bias":{"values":[1,0,0,0,0,0,0,0,0,0,0,0,0,0,0,0,0,0,0,0,0,0,0,0,0,0,0,0,0,0,0,0,0,0,0,0,0,0,0,0,0,0,0,0,0,0,0,0,0,0,0,0,0,0,0,0,0,0,0,0,0,0,0,1],"bins":[-0.030376700684428215,-0.029228201135993004,-0.028079699724912643,-0.026931200176477432,-0.025782698765397072,-0.02463419921696186,-0.0234856978058815,-0.02233719825744629,-0.021188698709011078,-0.020040197297930717,-0.018891695886850357,-0.017743196338415146,-0.016594696789979935,-0.015446196310222149,-0.014297695830464363,-0.013149194419384003,-0.012000694870948792,-0.01085219532251358,-0.00970369391143322,-0.008555194362998009,-0.007406692951917648,-0.006258193403482437,-0.005109691992402077,-0.0039611924439668655,-0.0028126928955316544,-0.001664191484451294,-0.0005156919360160828,0.0006328094750642776,0.0017813090234994888,0.0029298085719347,0.00407831184566021,0.005226811394095421,0.006375312805175781,0.007523812353610992,0.008672311902046204,0.009820815175771713,0.010969314724206924,0.012117814272642136,0.013266315683722496,0.014414815232157707,0.015563316643238068,0.01671181619167328,0.01786031574010849,0.01900881715118885,0.02015731669962406,0.021305818110704422,0.022454317659139633,0.023602819070219994,0.024751318618655205,0.025899818167090416,0.027048319578170776,0.028196819126605988,0.029345320537686348,0.03049382008612156,0.03164232149720192,0.03279082104563713,0.03393932059407234,0.03508782386779785,0.03623632341623306,0.037384822964668274,0.038533322513103485,0.039681822061538696,0.040830325335264206,0.04197882488369942,0.04312732443213463],"_type":"histogram"},"train_accuracy":0.712,"gradients/graph_27gat1.heads.0.fc.weight":{"bins":[-0.037942059338092804,-0.03712828829884529,-0.03631452098488808,-0.035500749945640564,-0.03468697890639305,-0.03387320786714554,-0.033059440553188324,-0.03224566951394081,-0.0314318984746933,-0.030618129298090935,-0.02980436012148857,-0.02899058908224106,-0.028176819905638695,-0.02736305072903633,-0.02654927968978882,-0.025735510513186455,-0.02492174133658409,-0.02410797029733658,-0.023294199258089066,-0.02248043194413185,-0.02166666090488434,-0.020852889865636826,-0.020039120689034462,-0.0192253515124321,-0.018411580473184586,-0.017597811296582222,-0.01678404025733471,-0.015970271080732346,-0.015156501904129982,-0.01434273086488247,-0.013528961688280106,-0.012715190649032593,-0.01190142147243023,-0.011087652295827866,-0.010273881256580353,-0.00946011207997799,-0.008646341040730476,-0.007832571864128113,-0.007018802687525749,-0.006205031648278236,-0.005391262471675873,-0.00457749143242836,-0.0037637222558259964,-0.002949953079223633,-0.00213618203997612,-0.0013224119320511818,-0.0005086427554488182,0.00030512735247612,0.0011188974604010582,0.0019326675683259964,0.0027464376762509346,0.003560206852853298,0.004373976960778236,0.005187747068703175,0.006001517176628113,0.006815286818891764,0.007629056926816702,0.008442826569080353,0.009256596677005291,0.01007036678493023,0.010884136892855167,0.011697907000780106,0.01251167617738247,0.013325446285307407,0.014139216393232346],"_type":"histogram","values":[1,0,0,0,0,1,0,1,0,0,0,0,0,0,0,0,0,0,0,0,0,0,0,0,0,0,0,0,0,0,0,1,0,0,2,0,0,0,0,0,0,3,4,0,4,3,14,10,1,0,0,0,0,0,0,0,0,0,0,0,0,2,0,1]},"parameters/graph_27gat1.heads.0.fc.weight":{"bins":[-2.039760112762451,-1.976409673690796,-1.9130593538284302,-1.849708914756775,-1.7863584756851196,-1.723008155822754,-1.6596577167510986,-1.5963072776794434,-1.532956838607788,-1.4696065187454224,-1.406256079673767,-1.3429057598114014,-1.279555320739746,-1.2162048816680908,-1.1528544425964355,-1.0895040035247803,-1.0261536836624146,-0.9628032445907593,-0.8994529247283936,-0.8361024856567383,-0.772752046585083,-0.7094017267227173,-0.646051287651062,-0.5827008485794067,-0.519350528717041,-0.45600008964538574,-0.39264965057373047,-0.3292992115020752,-0.2659488916397095,-0.2025984525680542,-0.13924801349639893,-0.0758976936340332,-0.01254725456237793,0.050803184509277344,0.11415350437164307,0.17750394344329834,0.2408543825149536,0.30420470237731934,0.3675551414489746,0.4309055805206299,0.49425601959228516,0.5576063394546509,0.6209567785263062,0.6843072175979614,0.7476575374603271,0.8110079765319824,0.8743584156036377,0.9377087354660034,1.0010591745376587,1.0644094944000244,1.1277599334716797,1.191110372543335,1.2544608116149902,1.3178112506866455,1.3811615705490112,1.4445120096206665,1.5078623294830322,1.5712127685546875,1.6345632076263428,1.697913646697998,1.7612639665603638,1.824614405632019,1.8879648447036743,1.95131516456604,2.0146656036376953],"_type":"histogram","values":[1,0,0,0,0,0,0,0,0,0,0,0,1,1,0,0,1,0,0,0,0,1,3,0,0,2,1,2,2,1,0,5,4,3,3,3,2,1,0,0,0,1,1,0,1,1,1,0,1,1,1,0,0,0,0,0,0,1,0,0,0,0,0,2]},"_step":4,"_wandb":{"runtime":11},"parameters/graph_27classifier.weight":{"bins":[-1.1575998067855835,-1.1213792562484741,-1.0851588249206543,-1.048938274383545,-1.0127177238464355,-0.976497232913971,-0.9402767419815063,-0.904056191444397,-0.8678357005119324,-0.8316152095794678,-0.7953946590423584,-0.7591741681098938,-0.7229536771774292,-0.6867331266403198,-0.6505126357078552,-0.6142920851707458,-0.5780715942382812,-0.5418511033058167,-0.5056305527687073,-0.4694100618362427,-0.4331895112991333,-0.3969690203666687,-0.3607485294342041,-0.3245279788970947,-0.2883074879646301,-0.2520869970321655,-0.21586644649505615,-0.17964595556259155,-0.14342546463012695,-0.10720491409301758,-0.0709843635559082,-0.03476393222808838,0.0014567375183105469,0.03767728805541992,0.07389771938323975,0.11011826992034912,0.1463388204574585,0.1825593113899231,0.2187798023223877,0.25500035285949707,0.29122084379196167,0.32744133472442627,0.36366188526153564,0.39988237619400024,0.43610286712646484,0.4723234176635742,0.5085439085960388,0.5447644591331482,0.5809849500656128,0.6172054409980774,0.6534259915351868,0.6896464824676514,0.7258670330047607,0.7620875239372253,0.7983080148696899,0.8345285654067993,0.8707490563392639,0.9069695472717285,0.9431900978088379,0.9794105887413025,1.015631079673767,1.0518516302108765,1.0880721807479858,1.1242926120758057,1.160513162612915],"_type":"histogram","values":[1,0,0,0,0,0,0,0,0,0,0,0,0,0,0,0,0,0,1,0,0,1,0,1,0,1,0,1,0,1,0,1,1,0,3,0,0,0,0,0,1,2,0,0,0,0,0,0,0,0,0,0,0,0,0,0,0,0,0,0,0,0,0,1]},