{"gradients/graph_3gat1.heads.1.fc.weight":{"_type":"histogram","values":[1,0,0,0,0,0,1,1,0,1,0,0,1,0,0,3,1,0,0,0,0,1,2,0,0,1,1,0,1,0,0,0,0,0,0,0,0,0,0,0,0,0,0,0,0,0,0,0,0,2,0,0,1,1,0,0,0,0,2,0,0,2,0,1],"bins":[-0.004314788151532412,-0.004231820814311504,-0.0041488539427518845,-0.004065886605530977,-0.003982919733971357,-0.00389995239675045,-0.0038169852923601866,-0.003734018187969923,-0.0036510510835796595,-0.003568083979189396,-0.0034851166419684887,-0.003402149537578225,-0.0033191824331879616,-0.003236215328797698,-0.0031532482244074345,-0.0030702808871865273,-0.0029873140156269073,-0.002904346678406,-0.0028213795740157366,-0.002738412469625473,-0.0026554453652352095,-0.002572478260844946,-0.0024895109236240387,-0.002406544052064419,-0.0023235767148435116,-0.002240609610453248,-0.0021576425060629845,-0.002074675401672721,-0.0019917082972824574,-0.0019087409600615501,-0.0018257738556712866,-0.001742806751281023,-0.0016598397633060813,-0.0015768726589158177,-0.0014939055545255542,-0.0014109384501352906,-0.0013279711129143834,-0.0012450040085241199,-0.0011620369041338563,-0.0010790697997435927,-0.0009961026953533292,-0.0009131354745477438,-0.0008301683701574802,-0.0007472012657672167,-0.0006642340449616313,-0.0005812669405713677,-0.0004982998361811042,-0.0004153326153755188,-0.00033236551098525524,-0.0002493984065949917,-0.0001664311857894063,-8.346408139914274e-05,-4.969770088791847e-07,8.247018558904529e-05,0.00016543734818696976,0.0002484044525772333,0.0003313716151751578,0.00041433877777308226,0.0004973058821633458,0.0005802730447612703,0.0006632402073591948,0.0007462073117494583,0.0008291744743473828,0.0009121415787376463,0.0009951087413355708]},"parameters/graph_3gat1.heads.0.attn_fc.weight":{"_type":"histogram","values":[1,0,0,0,0,0,0,0,0,0,0,0,0,1,0,0,0,0,0,2,0,0,0,0,0,0,0,0,0,0,0,0,1,0,0,0,0,0,0,0,1,0,0,0,1,0,0,0,0,0,0,0,0,0,0,0,0,0,0,0,0,0,0,1],"bins":[-0.4941813051700592,-0.4760924279689789,-0.45800352096557617,-0.43991464376449585,-0.42182573676109314,-0.4037368595600128,-0.3856479525566101,-0.3675590753555298,-0.34947019815444946,-0.33138129115104675,-0.31329238414764404,-0.2952035069465637,-0.2771146297454834,-0.2590257525444031,-0.24093684554100037,-0.22284793853759766,-0.20475906133651733,-0.186670184135437,-0.1685812771320343,-0.15049239993095398,-0.13240349292755127,-0.11431461572647095,-0.09622570872306824,-0.07813683152198792,-0.06004795432090759,-0.04195904731750488,-0.02387017011642456,-0.005781263113021851,0.012307614088058472,0.030396491289138794,0.04848542809486389,0.06657430529594421,0.08466321229934692,0.10275208950042725,0.12084096670150757,0.13892990350723267,0.157018780708313,0.1751076579093933,0.19319656491279602,0.21128544211387634,0.22937434911727905,0.24746322631835938,0.2655521035194397,0.2836410105228424,0.30172988772392273,0.31981879472732544,0.33790767192840576,0.35599657893180847,0.3740854561328888,0.3921743333339691,0.4102632403373718,0.42835211753845215,0.44644102454185486,0.4645299017429352,0.4826188087463379,0.5007076859474182,0.5187965631484985,0.5368854999542236,0.554974377155304,0.5730632543563843,0.5911521315574646,0.6092410087585449,0.62732994556427,0.6454188227653503,0.6635076999664307]},"val_loss":0.6809004247188568,"parameters/graph_3gat1.heads.1.fc.weight":{"_type":"histogram","values":[1,0,0,0,0,0,0,0,0,0,0,0,0,0,0,0,0,0,0,0,1,0,0,1,0,0,0,2,0,1,0,1,1,1,0,1,1,0,0,0,1,0,1,0,2,0,1,0,0,0,0,1,0,2,2,0,0,0,0,0,0,1,0,2],"bins":[-1.5687845945358276,-1.5282539129257202,-1.4877231121063232,-1.4471924304962158,-1.4066616296768188,-1.3661309480667114,-1.3256001472473145,-1.285069465637207,-1.24453866481781,-1.2040079832077026,-1.1634771823883057,-1.1229465007781982,-1.0824158191680908,-1.0418850183486938,-1.0013542175292969,-0.9608235359191895,-0.9202927947044373,-0.8797620534896851,-0.8392313122749329,-0.7987005710601807,-0.7581698298454285,-0.7176390886306763,-0.6771083474159241,-0.6365776062011719,-0.5960469245910645,-0.5555161237716675,-0.5149854421615601,-0.4744546413421631,-0.43392395973205566,-0.3933931589126587,-0.35286247730255127,-0.3123316764831543,-0.2718009948730469,-0.23127031326293945,-0.19073951244354248,-0.15020883083343506,-0.10967803001403809,-0.06914734840393066,-0.02861654758453369,0.01191413402557373,0.0524449348449707,0.09297561645507812,0.13350635766983032,0.17403709888458252,0.21456784009933472,0.2550985813140869,0.2956293225288391,0.3361600637435913,0.3766908049583435,0.4172215461730957,0.4577522873878479,0.4982830286026001,0.5388137698173523,0.5793445110321045,0.6198751926422119,0.6604059934616089,0.7009366750717163,0.7414674758911133,0.7819981575012207,0.8225288987159729,0.8630596399307251,0.9035903811454773,0.9441211223602295,0.9846518635749817,1.0251826047897339]},"train_accuracy":0.568,"_timestamp":1.7317006859379148e+09,"gradients/graph_3classifier.bias":{"bins":[-0.05492890626192093,-0.053212378174066544,-0.05149585008621216,-0.049779318273067474,-0.04806279018521309,-0.046346262097358704,-0.04462973400950432,-0.04291320592164993,-0.04119667410850525,-0.039480146020650864,-0.03776361793279648,-0.03604708984494209,-0.03433056175708771,-0.032614029943943024,-0.030897503718733788,-0.029180973768234253,-0.027464445680379868,-0.025747917592525482,-0.024031387642025948,-0.022314857691526413,-0.020598329603672028,-0.018881801515817642,-0.017165273427963257,-0.015448745340108871,-0.013732217252254486,-0.012015685439109802,-0.010299157351255417,-0.008582629263401031,-0.006866101175546646,-0.005149573087692261,-0.003433041274547577,-0.0017165131866931915,1.4901161193847656e-08,0.0017165429890155792,0.0034330710768699646,0.0051496028900146484,0.006866130977869034,0.00858265906572342,0.010299187153577805,0.01201571524143219,0.013732247054576874,0.01544877514243126,0.017165303230285645,0.01888183131814003,0.020598359405994415,0.0223148874938488,0.024031417444348335,0.02574794739484787,0.027464475482702255,0.02918100357055664,0.030897533521056175,0.03261405974626541,0.034330591559410095,0.03604711964726448,0.037763647735118866,0.03948017582297325,0.04119670391082764,0.04291323572397232,0.044629763811826706,0.04634629189968109,0.04806281998753548,0.04977934807538986,0.051495879888534546,0.05321240797638893,0.05492893606424332],"_type":"histogram","values":[1,0,0,0,0,0,0,0,0,0,0,0,0,0,0,0,0,0,0,0,0,0,0,0,0,0,0,0,0,0,0,0,0,0,0,0,0,0,0,0,0,0,0,0,0,0,0,0,0,0,0,0,0,0,0,0,0,0,0,0,0,0,0,1]},"_step":4,"_runtime":20.6382019,"parameters/graph_3classifier.bias":{"values":[1,0,0,0,0,0,0,0,0,0,0,0,0,0,0,0,0,0,0,0,0,0,0,0,0,0,0,0,0,0,0,0,0,0,0,0,0,0,0,0,0,0,0,0,0,0,0,0,0,0,0,0,0,0,0,0,0,0,0,0,0,0,0,1],"bins":[0.24573004245758057,0.24632969498634338,0.246929332613945,0.24752898514270782,0.24812862277030945,0.24872827529907227,0.2493279129266739,0.2499275654554367,0.25052720308303833,0.25112685561180115,0.25172650814056396,0.2523261308670044,0.2529257833957672,0.25352543592453003,0.25412508845329285,0.25472474098205566,0.2553243637084961,0.2559240162372589,0.25652366876602173,0.25712332129478455,0.257722944021225,0.2583225965499878,0.2589222490787506,0.2595219016075134,0.26012152433395386,0.2607211768627167,0.2613208293914795,0.2619204819202423,0.26252010464668274,0.26311975717544556,0.2637194097042084,0.2643190622329712,0.2649186849594116,0.26551833748817444,0.26611799001693726,0.2667176425457001,0.2673172950744629,0.2679169178009033,0.26851657032966614,0.26911622285842896,0.2697158753871918,0.2703154981136322,0.270915150642395,0.27151480317115784,0.27211445569992065,0.2727140784263611,0.2733137309551239,0.2739133834838867,0.27451303601264954,0.27511268854141235,0.2757123112678528,0.2763119637966156,0.2769116163253784,0.27751126885414124,0.27811089158058167,0.2787105441093445,0.2793101966381073,0.2799098491668701,0.28050947189331055,0.28110912442207336,0.2817087769508362,0.282308429479599,0.28290805220603943,0.28350770473480225,0.28410735726356506],"_type":"histogram"},"parameters/graph_3gat1.heads.0.fc.weight":{"_type":"histogram",