{"train_loss":0.6530782710760832,"val_accuracy":0.4444444444444444,"parameters/graph_23classifier.weight":{"values":[1,0,0,0,0,0,1,0,0,0,0,0,0,0,0,0,0,0,0,0,0,0,0,0,0,0,0,0,0,0,2,0,0,0,0,1,0,0,0,0,0,0,0,0,0,1,0,0,0,0,0,1,0,0,0,0,0,0,0,0,0,0,0,1],"bins":[-0.789634644985199,-0.7702483534812927,-0.7508621215820312,-0.731475830078125,-0.7120895385742188,-0.6927032470703125,-0.673317015171051,-0.6539307236671448,-0.6345444917678833,-0.615158200263977,-0.5957719087600708,-0.5763856172561646,-0.5569993853569031,-0.5376130938529968,-0.5182268619537354,-0.4988405406475067,-0.47945427894592285,-0.460068017244339,-0.44068172574043274,-0.4212954640388489,-0.4019091725349426,-0.38252291083335876,-0.3631366491317749,-0.34375035762786865,-0.3243640959262848,-0.3049778342247009,-0.2855915427207947,-0.2662052512168884,-0.24681901931762695,-0.2274327278137207,-0.20804643630981445,-0.18866020441055298,-0.16927391290664673,-0.14988762140274048,-0.130501389503479,-0.11111509799957275,-0.0917288064956665,-0.07234257459640503,-0.05295628309249878,-0.03356999158859253,-0.014183729887008667,0.005202531814575195,0.024588823318481445,0.04397508502006531,0.06336134672164917,0.08274763822555542,0.10213389992713928,0.12152019143104553,0.1409064531326294,0.16029271483421326,0.1796790063381195,0.19906526803970337,0.21845154464244843,0.23783782124519348,0.25722408294677734,0.2766103744506836,0.29599663615226746,0.3153828978538513,0.33476918935775757,0.35415545105934143,0.3735417127609253,0.39292800426483154,0.4123142659664154,0.43170055747032166,0.4510868191719055],"_type":"histogram"},"gradients/graph_23gat1.heads.0.fc.weight":{"bins":[-0.025634702295064926,-0.023426156491041183,-0.02121760882437229,-0.01900906302034855,-0.016800515353679657,-0.014591969549655914,-0.012383423745632172,-0.010174877010285854,-0.007966330274939537,-0.005757784470915794,-0.0035492368042469025,-0.0013406910002231598,0.0008678548038005829,0.003076402470469475,0.0052849482744932175,0.007493495941162109,0.009702041745185852,0.011910587549209595,0.014119133353233337,0.01632768288254738,0.01853622868657112,0.020744774490594864,0.022953320294618607,0.02516186609864235,0.027370411902666092,0.029578961431980133,0.031787507236003876,0.03399605304002762,0.03620459884405136,0.0384131483733654,0.040621694177389145,0.04283023998141289,0.04503878951072693,0.04724733531475067,0.049455881118774414,0.05166442692279816,0.0538729764521122,0.05608152225613594,0.05829006806015968,0.060498613864183426,0.06270716339349747,0.06491570919752121,0.06712425500154495,0.0693328008055687,0.07154134660959244,0.07374989241361618,0.07595844566822052,0.07816699147224426,0.080375537276268,0.08258408308029175,0.08479262888431549,0.08700117468833923,0.08920972049236298,0.09141826629638672,0.09362681210041046,0.0958353579044342,0.09804390370845795,0.10025244951248169,0.10246099531650543,0.10466954112052917,0.10687809437513351,0.10908664017915726,0.111295185983181,0.11350373178720474,0.11571227759122849],"_type":"histogram","values":[1,1,1,0,1,0,0,0,2,1,0,3,0,0,1,1,1,1,1,1,1,2,0,1,0,0,1,0,0,0,0,0,0,0,0,0,0,0,0,0,1,0,0,0,0,0,0,0,0,0,0,0,0,0,0,0,0,0,0,0,0,0,0,2]},"val_f1":0.27350427350427353,"parameters/graph_23gat1.heads.0.fc.weight":{"values":[1,0,0,0,0,0,0,0,0,0,0,0,0,0,1,0,0,0,0,0,0,0,0,0,1,0,2,0,1,1,1,0,0,0,1,1,2,3,1,0,2,0,0,2,1,0,0,0,1,0,0,0,0,0,0,0,1,0,0,0,0,0,0,1],"bins":[-2.0109760761260986,-1.9601482152938843,-1.9093204736709595,-1.8584926128387451,-1.8076648712158203,-1.756837010383606,-1.7060091495513916,-1.6551814079284668,-1.6043535470962524,-1.553525686264038,-1.5026979446411133,-1.451870083808899,-1.4010422229766846,-1.3502144813537598,-1.2993866205215454,-1.248558759689331,-1.1977310180664062,-1.1469032764434814,-1.096075415611267,-1.0452475547790527,-0.9944198131561279,-0.9435919523239136,-0.8927640914916992,-0.8419363498687744,-0.7911084890365601,-0.7402806282043457,-0.6894528865814209,-0.6386250257492065,-0.5877971649169922,-0.5369694232940674,-0.486141562461853,-0.4353138208389282,-0.3844860792160034,-0.33365821838378906,-0.28283047676086426,-0.2320026159286499,-0.1811748743057251,-0.13034701347351074,-0.07951915264129639,-0.028691411018371582,0.022136449813842773,0.07296431064605713,0.12379205226898193,0.1746199131011963,0.22544777393341064,0.27627551555633545,0.3271033763885498,0.3779311776161194,0.42875897884368896,0.47958678007125854,0.5304145812988281,0.5812424421310425,0.6320702433586121,0.6828980445861816,0.733725905418396,0.7845537066459656,0.8353815078735352,0.8862093091011047,0.9370371103286743,0.9878649711608887,1.0386927127838135,1.0895205736160278,1.1403484344482422,1.191176176071167,1.2420040369033813],"_type":"histogram"},"_timestamp":1.7316882680959291e+09,"val_loss":0.8629804700613022,"gradients/graph_23classifier.weight":{"values":[1,0,0,0,0,0,0,0,0,0,0,0,0,0,0,0,0,0,0,0,0,0,0,0,0,0,0,1,1,0,1,0,0,1,0,1,1,0,0,0,0,0,0,0,0,0,0,0,0,0,0,0,0,0,0,0,0,0,0,0,0,0,0,1],"bins":[-0.08818718791007996,-0.08543133735656738,-0.08267548680305481,-0.07991963624954224,-0.07716378569602966,-0.07440794259309769,-0.07165209203958511,-0.06889624148607254,-0.06614039093255997,-0.0633845403790474,-0.06062868982553482,-0.057872842997312546,-0.05511699244379997,-0.0523611418902874,-0.049605295062065125,-0.04684944450855255,-0.04409359395503998,-0.041337743401527405,-0.03858189284801483,-0.03582604601979256,-0.033070195466279984,-0.03031434491276741,-0.027558498084545135,-0.024802647531032562,-0.02204679697751999,-0.019290946424007416,-0.016535095870494843,-0.01377924531698227,-0.011023402214050293,-0.00826755166053772,-0.0055117011070251465,-0.0027558505535125732,-7.450580596923828e-09,0.0027558431029319763,0.0055116936564445496,0.008267544209957123,0.011023394763469696,0.013779237866401672,0.016535088419914246,0.01929093897342682,0.022046789526939392,0.024802640080451965,0.02755849063396454,0.030314337462186813,0.03307018801569939,0.03582603856921196,0.038581885397434235,0.04133773595094681,0.04409358650445938,0.046849437057971954,0.04960528761148453,0.0523611344397068,0.055116984993219376,0.05787283554673195,0.060628682374954224,0.0633845329284668,0.06614038348197937,0.06889623403549194,0.07165208458900452,0.07440793514251709,0.07716378569602966,0.07991962879896164,0.08267547935247421,0.08543132990598679,0.08818718045949936],"_type":"histogram"},"_step":4,"parameters/graph_23gat1.heads.0.attn_fc.weight":{"_type":"histogram","values":[1,0,0,0,0,0,0,0,0,0,0,0,0,0,0,0,0,0,0,0,0,0,0,0,0,0,0,0,0,0,0,0,0,1,0,1,0,1,0,0,0,0,0,0,1,0,2,0,0,0,0,0,0,0,0,0,0,0,0,0,0,0,0,1],"bins":[-2.8160600662231445,-2.754284143447876,-2.6925079822540283,-2.6307320594787598,-2.568955898284912,-2.5071799755096436,-2.445404052734375,-2.3836278915405273,-2.321851968765259,-2.260075807571411,-2.1982998847961426,-2.136523723602295,-2.0747478008270264,-2.012971878051758,-1.9511957168579102,-1.8894197940826416,-1.8276437520980835,-1.7658677101135254,-1.7040916681289673,-1.6423157453536987,-1.5805397033691406,-1.5187636613845825,-1.4569876194000244,-1.3952115774154663,-1.3334355354309082,-1.2716596126556396,-1.2098835706710815,-1.1481075286865234,-1.0863314867019653,-1.0245554447174072,-0.9627795219421387,-0.9010034799575806,-0.839227557182312,-0.7774515151977539,-0.7156754732131958,-0.6538995504379272,-0.5921235084533691,-0.530347466468811,-0.46857142448425293,-0.4067953824996948,-0.34501945972442627,-0.28324341773986816,-0.22146737575531006,-0.15969133377075195,-0.09791529178619385,-0.03613924980163574,0.025636672973632812,0.08741271495819092,0.14918875694274902,0.21096479892730713,0.27274078130722046,0.33451682329177856,0.3962928056716919,0.45806884765625,0.5198448896408081,0.5816208720207214,0.6433969140052795,0.7051728963851929,0.766948938369751,0.8287249803543091,0.8905010223388672,0.9522770047187805,1.0140529870986938,1.075829029083252,1.13760507106781]},"train_accuracy":0.584,"_runtime":12.160273,