{"gradients/gat1.attn_r":0.0319770872592926,"gradients/gat1.fc.weight":0.17301015555858612,"_timestamp":1.7307179909272454e+09,"val/accuracy":0.7037037037037037,"train/accuracy":0.768,"gradients/gat1.bias":0.10674341768026352,"_wandb":{"runtime":39},"gradients/classifier.bias":0.04449896514415741,"train/loss":0.5156425163149834,"gradients/gat1.attn_l":0.20429418981075287,"_runtime":39.585751,"gradients/classifier.weight":0.07527919858694077,"val/loss":0.6119424104690552,"val/f1_score":0.7045177045177046,"_step":149,"train/f1_score":0.7670857142857143,"epoch":149}