{"parameters/graph_28gat1.heads.1.attn_fc.weight":{"_type":"histogram","values":[1,0,0,0,0,0,0,0,0,0,0,0,0,0,0,0,0,0,0,0,1,1,1,0,0,1,1,0,0,0,0,0,0,0,0,2,0,1,1,2,1,0,1,0,1,0,1,1,0,2,0,1,0,1,0,0,0,0,1,0,0,1,0,1],"bins":[-1.37834894657135,-1.3455573320388794,-1.3127657175064087,-1.279974102973938,-1.2471824884414673,-1.214390754699707,-1.1815991401672363,-1.1488075256347656,-1.116015911102295,-1.0832242965698242,-1.0504326820373535,-1.0176410675048828,-0.9848494529724121,-0.9520578384399414,-0.9192662239074707,-0.8864745497703552,-0.8536829352378845,-0.8208913207054138,-0.7880997061729431,-0.7553080320358276,-0.7225164175033569,-0.6897248029708862,-0.6569331884384155,-0.6241415739059448,-0.5913499593734741,-0.5585582852363586,-0.5257666707038879,-0.49297505617141724,-0.46018344163894653,-0.42739182710647583,-0.39460015296936035,-0.36180853843688965,-0.32901686429977417,-0.29622524976730347,-0.26343363523483276,-0.23064196109771729,-0.19785034656524658,-0.16505873203277588,-0.13226711750030518,-0.09947550296783447,-0.066683828830719,-0.03389221429824829,-0.0011005997657775879,0.031691014766693115,0.06448262929916382,0.09727424383163452,0.13006591796875,0.1628575325012207,0.1956491470336914,0.2284407615661621,0.2612324059009552,0.2940240204334259,0.326815664768219,0.3596072793006897,0.3923988938331604,0.4251905381679535,0.4579821527004242,0.4907737970352173,0.523565411567688,0.5563570261001587,0.5891486406326294,0.6219402551651001,0.6547319293022156,0.6875235438346863,0.720315158367157]},"parameters/graph_28gat1.heads.0.attn_fc.weight":{"_type":"histogram","values":[1,0,0,0,0,0,0,0,0,0,0,0,0,0,0,0,0,0,0,1,1,0,0,1,0,1,0,0,0,1,1,1,1,1,0,0,0,0,0,0,1,1,1,1,1,3,1,1,1,0,0,0,0,0,0,0,0,0,1,0,1,0,0,1],"bins":[-1.1947399377822876,-1.1674230098724365,-1.140105962753296,-1.1127890348434448,-1.0854721069335938,-1.0581550598144531,-1.030838131904602,-1.003521203994751,-0.9762041568756104,-0.9488872289657593,-0.9215702414512634,-0.8942532539367676,-0.8669363260269165,-0.8396193385124207,-0.8123023509979248,-0.7849854230880737,-0.7576684355735779,-0.730351448059082,-0.703034520149231,-0.6757175326347351,-0.6484005451202393,-0.6210836172103882,-0.5937666296958923,-0.5664496421813965,-0.5391327142715454,-0.5118157267570496,-0.4844987392425537,-0.45718175172805786,-0.4298648238182068,-0.40254783630371094,-0.3752308487892151,-0.347913920879364,-0.32059699296951294,-0.2932800054550171,-0.265963077545166,-0.23864609003067017,-0.21132910251617432,-0.18401217460632324,-0.1566951870918274,-0.12937819957733154,-0.1020612120628357,-0.07474428415298462,-0.04742729663848877,-0.02011030912399292,0.007206618785858154,0.034523606300354004,0.061840564012527466,0.08915755152702332,0.11647450923919678,0.14379146695137024,0.1711084544658661,0.19842541217803955,0.2257423996925354,0.25305935740470886,0.2803763151168823,0.3076933026313782,0.33501026034355164,0.3623272180557251,0.38964420557022095,0.4169611632823944,0.44427812099456787,0.4715951085090637,0.4989120662212372,0.5262290239334106,0.5535460114479065]},"gradients/graph_28gat1.heads.1.fc.weight":{"values":[1,0,0,0,0,0,0,0,3,0,1,0,1,1,1,1,2,1,0,1,2,1,1,1,4,2,4,2,2,3,3,5,3,5,1,7,3,2,0,2,1,1,1,1,0,0,0,0,0,0,0,0,0,0,0,0,0,0,0,0,0,1,0,1],"bins":[-0.04431929439306259,-0.04278642311692238,-0.041253555566072464,-0.03972068428993225,-0.03818781301379204,-0.036654941737651825,-0.03512207418680191,-0.0335892029106617,-0.032056331634521484,-0.03052346408367157,-0.028990592807531357,-0.027457723394036293,-0.02592485398054123,-0.024391982704401016,-0.022859113290905952,-0.02132624201476574,-0.019793372601270676,-0.018260503187775612,-0.0167276319116354,-0.015194762498140335,-0.013661891222000122,-0.012129023671150208,-0.010596152395009995,-0.009063281118869781,-0.007530413568019867,-0.005997542291879654,-0.004464671015739441,-0.002931799739599228,-0.0013989321887493134,0.00013393908739089966,0.0016668103635311127,0.0031996779143810272,0.00473254919052124,0.006265420466661453,0.007798288017511368,0.00933115929365158,0.010864030569791794,0.012396898120641708,0.013929769396781921,0.015462640672922134,0.016995511949062347,0.018528379499912262,0.020061250776052475,0.021594122052192688,0.023126989603042603,0.024659860879182816,0.02619273029267788,0.027725601568818092,0.029258470982313156,0.03079134039580822,0.032324209809303284,0.0338570810854435,0.03538995236158371,0.036922819912433624,0.03845569118857384,0.03998856246471405,0.041521430015563965,0.04305430129170418,0.04458717256784439,0.046120040118694305,0.04765291139483452,0.04918578267097473,0.050718653947114944,0.05225152149796486,0.05378439277410507],"_type":"histogram"},"parameters/graph_28gat1.heads.1.fc.weight":{"values":[1,0,0,0,0,1,2,0,0,0,1,0,1,0,0,0,0,1,2,1,0,0,2,4,6,1,2,1,1,3,2,1,3,3,1,0,2,1,5,2,0,0,2,4,3,0,0,2,1,1,0,1,0,0,1,0,1,0,2,1,2,0,0,1],"bins":[-1.2266186475753784,-1.1892086267471313,-1.1517987251281738,-1.1143887042999268,-1.0769786834716797,-1.0395686626434326,-1.002158761024475,-0.964748740196228,-0.9273387789726257,-0.8899288177490234,-0.8525187969207764,-0.8151088356971741,-0.7776988744735718,-0.7402888536453247,-0.7028788924217224,-0.6654688715934753,-0.628058910369873,-0.5906489491462708,-0.5532389283180237,-0.5158289670944214,-0.4784189462661743,-0.441008985042572,-0.4035990238189697,-0.36618900299072266,-0.32877904176712036,-0.29136908054351807,-0.253959059715271,-0.21654903888702393,-0.1791391372680664,-0.14172911643981934,-0.10431909561157227,-0.06690919399261475,-0.029499173164367676,0.007910847663879395,0.045320749282836914,0.08273077011108398,0.12014079093933105,0.15755069255828857,0.19496071338653564,0.23237073421478271,0.269780695438385,0.3071906566619873,0.3446006774902344,0.38201063871383667,0.41942059993743896,0.45683062076568604,0.49424058198928833,0.5316506028175354,0.5690605640411377,0.60647052526474,0.6438805460929871,0.6812905073165894,0.7187005281448364,0.7561104893684387,0.793520450592041,0.8309304714202881,0.8683404326438904,0.9057503938674927,0.9431604146957397,0.980570375919342,1.0179803371429443,1.0553903579711914,1.0928003787994385,1.130210280418396,1.167620301246643],"_type":"histogram"},"parameters/graph_28classifier.weight":{"_type":"histogram","values":[2,1,1,1,1,0,0,1,1,0,1,0,1,0,1,1,1,0,1,3,1,0,0,2,1,0,0,0,0,2,1,1,1,1,0,2,0,1,3,3,2,0,1,0,1,0,0,1,0,0,0,0,0,2,0,1,1,1,0,1,0,0,0,1],"bins":[-0.183119535446167,-0.1770365983247757,-0.1709536612033844,-0.1648707240819931,-0.1587877869606018,-0.1527048647403717,-0.1466219276189804,-0.1405389904975891,-0.13445605337619781,-0.12837311625480652,-0.12229017913341522,-0.11620724946260452,-0.11012431234121323,-0.10404137521982193,-0.09795844554901123,-0.09187550842761993,-0.08579257130622864,-0.07970963418483734,-0.07362669706344604,-0.06754376739263535,-0.06146083027124405,-0.05537790060043335,-0.04929496347904205,-0.04321202635765076,-0.03712908923625946,-0.031046152114868164,-0.024963214993476868,-0.01888027787208557,-0.012797355651855469,-0.006714418530464172,-0.000631481409072876,0.00545145571231842,0.01153440773487091,0.017617344856262207,0.023700281977653503,0.0297832190990448,0.035866156220436096,0.0419490784406662,0.048032015562057495,0.05411495268344879,0.06019788980484009,0.06628082692623138,0.07236376404762268,0.07844670116901398,0.08452963083982468,0.09061256796121597,0.09669549763202667,0.10277843475341797,0.10886137187480927,0.11494430899620056,0.12102724611759186,0.12711018323898315,0.13319310545921326,0.13927605748176575,0.14535897970199585,0.15144191682338715,0.15752485394477844,0.16360779106616974,0.16969072818756104,0.17577366530895233,0.18185660243034363,0.18793952465057373,0.19402246177196503,0.20010539889335632,0.20618833601474762]},"gradients/graph_28gat1.heads.0.fc.weight":{"_type":"histogram","values":[1,0,0,0,0,0,0,0,0,3,0,0,0,0,3,0,1,2,4,4,0,1,0,0,0,0,0,2,6,3,6,2,7,4,2,3,4,1,2,0,0,1,1,1,2,0,0,0,1,2,2,0,0,0,0,0,0,0,0,0,0,0,0,1],