{"_step":4,"_runtime":7.2746485,"_timestamp":1.7316948241298199e+09,"val_f1":0.6666666666666666,"gradients/graph_22gat1.heads.0.fc.weight":{"_type":"histogram","values":[1,0,0,0,0,0,0,0,0,0,0,0,0,0,1,1,1,0,1,0,1,2,0,2,0,1,2,0,2,2,2,0,1,1,7,1,1,4,3,6,7,1,4,4,5,2,5,4,6,2,1,1,1,3,2,0,3,0,0,0,0,1,0,1],"bins":[-0.5230734348297119,-0.5100052952766418,-0.496937096118927,-0.48386895656585693,-0.4708007872104645,-0.457732617855072,-0.44466447830200195,-0.4315963089466095,-0.41852813959121704,-0.4054599702358246,-0.39239180088043213,-0.37932366132736206,-0.3662554919719696,-0.35318732261657715,-0.3401191830635071,-0.3270510137081146,-0.31398284435272217,-0.3009146749973297,-0.28784650564193726,-0.2747783660888672,-0.26171019673347473,-0.24864202737808228,-0.2355738878250122,-0.22250571846961975,-0.2094375491142273,-0.19636937975883484,-0.18330121040344238,-0.17023307085037231,-0.15716490149497986,-0.1440967321395874,-0.13102859258651733,-0.11796042323112488,-0.10489222407341003,-0.09182405471801758,-0.07875588536262512,-0.06568774580955505,-0.0526195764541626,-0.03955140709877014,-0.026483267545700073,-0.013415098190307617,-0.00034692883491516113,0.012721240520477295,0.02578940987586975,0.03885754942893982,0.051925718784332275,0.06499388813972473,0.078062042593956,0.09113019704818726,0.10419836640357971,0.11726653575897217,0.13033469021320343,0.1434028446674347,0.15647101402282715,0.1695391833782196,0.18260733783245087,0.19567549228668213,0.20874366164207458,0.22181183099746704,0.2348799854516983,0.24794813990592957,0.261016309261322,0.2740844786167145,0.28715264797210693,0.300220787525177,0.31328895688056946]},"parameters/graph_22gat1.heads.0.fc.weight":{"bins":[-1.2134811878204346,-1.1781771183013916,-1.1428730487823486,-1.1075688600540161,-1.0722647905349731,-1.0369607210159302,-1.0016566514968872,-0.9663525819778442,-0.9310484528541565,-0.8957443237304688,-0.8604402542114258,-0.8251361846923828,-0.7898321151733398,-0.7545279860496521,-0.7192239165306091,-0.6839197874069214,-0.6486157178878784,-0.6133116483688354,-0.5780075192451477,-0.5427034497261047,-0.507399320602417,-0.472095251083374,-0.43679118156433105,-0.4014870524406433,-0.36618298292160034,-0.3308789134025574,-0.29557478427886963,-0.26027071475982666,-0.2249666452407837,-0.18966257572174072,-0.1543583869934082,-0.11905431747436523,-0.08375036716461182,-0.04844629764556885,-0.013142228126525879,0.02216196060180664,0.05746603012084961,0.09277009963989258,0.12807416915893555,0.1633782982826233,0.19868236780166626,0.23398643732070923,0.269290566444397,0.30459463596343994,0.3398987054824829,0.37520283460617065,0.4105069041252136,0.44581103324890137,0.48111510276794434,0.5164191722869873,0.551723301410675,0.587027370929718,0.6223315000534058,0.6576355695724487,0.6929396390914917,0.7282437086105347,0.7635478377342224,0.7988519668579102,0.8341560363769531,0.8694601058959961,0.9047641754150391,0.9400683045387268,0.9753723740577698,1.0106765031814575,1.0459805727005005],"_type":"histogram","values":[2,0,0,1,0,0,0,0,0,0,0,0,1,1,1,1,0,3,1,2,2,1,2,1,1,5,2,1,4,4,2,3,1,2,5,7,2,3,4,1,3,5,3,2,2,1,4,2,1,0,1,1,0,1,0,0,1,1,1,0,0,0,0,1]},"gradients/graph_22gat1.heads.0.attn_fc.weight":{"values":[1,0,0,0,0,0,0,0,0,0,0,0,0,0,0,0,0,0,0,0,0,0,0,0,0,2,0,0,0,1,0,0,1,1,0,0,0,0,0,2,11,5,0,0,0,0,0,0,1,1,1,0,1,0,0,0,1,0,1,0,1,0,0,1],"bins":[-0.6172316074371338,-0.6021410226821899,-0.5870504379272461,-0.5719598531723022,-0.5568692684173584,-0.5417786836624146,-0.5266880989074707,-0.5115975141525269,-0.496506929397583,-0.48141634464263916,-0.4663257598876953,-0.45123517513275146,-0.43614462018013,-0.42105403542518616,-0.4059634506702423,-0.39087286591529846,-0.3757822811603546,-0.36069169640541077,-0.3456011116504669,-0.33051052689552307,-0.3154199421405792,-0.3003293573856354,-0.28523877263069153,-0.2701481878757477,-0.2550576329231262,-0.23996704816818237,-0.22487646341323853,-0.20978587865829468,-0.19469529390335083,-0.17960470914840698,-0.16451412439346313,-0.1494235396385193,-0.13433298468589783,-0.11924239993095398,-0.10415181517601013,-0.08906123042106628,-0.07397064566612244,-0.05888006091117859,-0.04378947615623474,-0.028698891401290894,-0.013608306646347046,0.001482248306274414,0.01657283306121826,0.03166341781616211,0.04675400257110596,0.061844587326049805,0.07693517208099365,0.0920257568359375,0.10711634159088135,0.1222069263458252,0.13729751110076904,0.1523880958557129,0.16747868061065674,0.1825692504644394,0.19765983521938324,0.2127504199743271,0.22784100472927094,0.24293158948421478,0.2580221891403198,0.2731127440929413,0.28820332884788513,0.303293913602829,0.3183844983577728,0.3334750831127167,0.3485656678676605],"_type":"histogram"},"gradients/graph_22classifier.bias":{"_type":"histogram","values":[1,0,0,0,0,0,0,0,0,0,0,0,0,0,0,0,0,0,0,0,0,0,0,0,0,0,0,0,0,0,0,0,0,0,0,0,0,0,0,0,0,0,0,0,0,0,0,0,0,0,0,0,0,0,0,0,0,0,0,0,0,0,0,1],"bins":[-0.2723393440246582,-0.26382875442504883,-0.25531813502311707,-0.2468075305223465,-0.23829692602157593,-0.22978632152080536,-0.2212757170200348,-0.21276511251926422,-0.20425450801849365,-0.19574390351772308,-0.18723329901695251,-0.17872269451618195,-0.17021209001541138,-0.1617014855146408,-0.15319088101387024,-0.14468027651309967,-0.1361696720123291,-0.12765906751155853,-0.11914846301078796,-0.1106378585100174,-0.10212725400924683,-0.09361664950847626,-0.08510604500770569,-0.07659544050693512,-0.06808483600616455,-0.05957423150539398,-0.05106362700462341,-0.042553022503852844,-0.034042418003082275,-0.025531813502311707,-0.017021209001541138,-0.008510589599609375,0,0.008510589599609375,0.017021209001541138,0.025531813502311707,0.034042418003082275,0.042553022503852844,0.05106362700462341,0.05957423150539398,0.06808483600616455,0.07659544050693512,0.08510604500770569,0.09361664950847626,0.10212725400924683,0.1106378585100174,0.11914846301078796,0.12765906751155853,0.1361696720123291,0.14468027651309967,0.15319088101387024,0.1617014855146408,0.17021209001541138,0.17872269451618195,0.18723329901695251,0.19574390351772308,0.20425450801849365,0.21276511251926422,0.2212757170200348,0.22978632152080536,0.23829692602157593,0.2468075305223465,0.25531813502311707,0.26382875442504883,0.2723393440246582]},"parameters/graph_22gat1.heads.0.attn_fc.weight":{"_type":"histogram","values":[1,0,0,0,0,0,0,0,0,1,0,0,0,0,0,0,0,0,1,0,0,1,0,0,1,0,1,1,1,0,1,3,0,1,0,1,0,1,1,3,0,0,0,2,0,1,1,0,0,0,2,0,0,1,1,0,1,1,1,0,0,1,0,1],"bins":[-1.1006370782852173,-1.0714349746704102,-1.0422329902648926,-1.013031005859375,-0.9838289022445679,-0.9546268582344055,-0.9254248142242432,-0.8962227702140808,-0.8670207262039185,-0.8378186821937561,-0.8086166381835938,-0.7794145941734314,-0.750212550163269,-0.7210105061531067,-0.6918084621429443,-0.662606418132782,-0.6334043741226196,-0.6042023301124573,-0.5750002861022949,-0.5457982420921326,-0.5165961980819702,-0.48739415407180786,-0.4581921100616455,-0.42899006605148315,-0.3997880220413208,-0.37058597803115845,-0.3413839340209961,-0.31218189001083374,-0.2829798460006714,-0.25377780199050903,-0.22457575798034668,-0.19537371397018433,-0.16617166996002197,-0.13696962594985962,-0.10776758193969727,-0.07856553792953491,-0.04936349391937256,-0.020161449909210205,0.009040594100952148,0.0382426381111145,0.06744468212127686,0.09664672613143921,0.12584877014160156,0.15505081415176392,0.18425285816192627,0.21345490217208862,0.24265694618225098,0.27185899019241333,0.3010610342025757,0.33026307821273804,0.3594651222229004,0.38866716623306274,0.4178692102432251,0.44707125425338745,0.4762732982635498,0.5054753422737122,0.5346773862838745,0.5638794302940369,0.5930814743041992,0.6222835183143616,0.6514855623245239,0.6806876063346863,0.7098896503448486,0.739091694355011,0.7682937383651733]},"_wandb":{"runtime":7},"epoch":5,"val_accuracy":0.6666666666666666,"train_loss":0.809443324804306,"train_accuracy":0.632,"train_f1":0.6299641728134878,