{"gradients/graph_15gat1.heads.0.fc.weight":{"bins":[-0.010355358943343163,-0.010009470395743847,-0.009663581848144531,-0.009317693300545216,-0.0089718047529459,-0.008625916205346584,-0.008280027657747269,-0.007934139110147953,-0.007588250562548637,-0.007242362014949322,-0.006896473467350006,-0.0065505849197506905,-0.006204696372151375,-0.005858807824552059,-0.0055129192769527435,-0.005167030729353428,-0.004821142181754112,-0.004475253634154797,-0.004129365086555481,-0.0037834765389561653,-0.0034375879913568497,-0.003091699443757534,-0.0027458108961582184,-0.0023999223485589027,-0.002054033800959587,-0.0017081452533602715,-0.0013622567057609558,-0.0010163681581616402,-0.0006704796105623245,-0.0003245910629630089,2.1297484636306763e-05,0.0003671860322356224,0.000713074579834938,0.0010589631274342537,0.0014048516750335693,0.001750740222632885,0.0020966287702322006,0.0024425173178315163,0.002788405865430832,0.0031342944130301476,0.003480182960629463,0.003826071508228779,0.0041719600558280945,0.00451784860342741,0.004863737151026726,0.005209625698626041,0.005555514246225357,0.005901402793824673,0.006247291341423988,0.006593179889023304,0.00693906843662262,0.007284956984221935,0.007630845531821251,0.007976734079420567,0.008322622627019882,0.008668511174619198,0.009014399722218513,0.009360288269817829,0.009706176817417145,0.01005206536501646,0.010397953912615776,0.010743842460215092,0.011089731007814407,0.011435619555413723,0.011781508103013039],"_type":"histogram","values":[2,2,0,0,1,1,0,0,1,0,0,0,0,0,1,0,0,1,2,0,0,3,5,4,1,1,6,7,6,9,7,1,11,0,2,2,2,5,0,2,2,0,0,0,0,0,1,2,2,0,0,0,0,0,0,0,2,0,0,0,0,0,0,2]},"val_loss":0.6882122755050659,"train_loss":0.6925666332244873,"parameters/graph_15gat1.heads.0.fc.weight":{"bins":[-1.0563708543777466,-1.0257929563522339,-0.995215117931366,-0.9646372199058533,-0.9340593814849854,-0.9034814834594727,-0.87290358543396,-0.842325747013092,-0.8117479085922241,-0.7811700105667114,-0.7505921125411987,-0.7200142741203308,-0.6894363760948181,-0.6588585376739502,-0.6282806396484375,-0.5977027416229248,-0.5671249032020569,-0.5365470051765442,-0.5059691667556763,-0.4753912687301636,-0.44481343030929565,-0.41423553228378296,-0.38365769386291504,-0.35307979583740234,-0.32250189781188965,-0.29192405939102173,-0.26134616136550903,-0.2307683229446411,-0.20019042491912842,-0.1696125864982605,-0.1390346884727478,-0.10845685005187988,-0.07787901163101196,-0.04730111360549927,-0.016723275184631348,0.013854622840881348,0.04443246126174927,0.07501035928726196,0.10558819770812988,0.13616609573364258,0.1667439341545105,0.1973218321800232,0.2278997302055359,0.2584775686264038,0.2890554666519165,0.3196333050727844,0.3502112030982971,0.38078904151916504,0.41136693954467773,0.44194480776786804,0.47252267599105835,0.5031005144119263,0.533678412437439,0.5642563104629517,0.5948342084884644,0.6254120469093323,0.6559898853302002,0.6865677833557129,0.7171456813812256,0.7477235198020935,0.7783014178276062,0.8088792562484741,0.8394571542739868,0.8700349926948547,0.9006128907203674],"_type":"histogram","values":[1,0,1,0,0,0,0,1,1,2,0,0,3,1,1,0,0,1,3,1,2,3,0,2,3,0,2,5,2,4,0,2,2,0,2,3,4,2,3,2,2,2,1,2,2,3,0,3,5,2,1,0,2,2,1,1,1,2,1,1,0,1,1,1]},"_timestamp":1.731701035934608e+09,"parameters/graph_15gat1.heads.0.attn_fc.weight":{"bins":[-0.7133665680885315,-0.6914032697677612,-0.669439971446991,-0.6474766731262207,-0.6255133748054504,-0.6035500764846802,-0.5815867185592651,-0.5596234202384949,-0.5376601219177246,-0.5156968235969543,-0.4937335252761841,-0.4717702269554138,-0.44980692863464355,-0.4278436303138733,-0.40588030219078064,-0.3839170038700104,-0.3619537055492401,-0.33999040722846985,-0.3180271089076996,-0.29606378078460693,-0.27410048246383667,-0.2521371841430664,-0.23017388582229614,-0.20821058750152588,-0.18624728918075562,-0.16428399085998535,-0.1423206925392151,-0.12035733461380005,-0.09839403629302979,-0.07643073797225952,-0.05446743965148926,-0.032504141330718994,-0.01054084300994873,0.011422455310821533,0.0333857536315918,0.05534905195236206,0.07731235027313232,0.09927564859390259,0.12123900651931763,0.1432023048400879,0.16516560316085815,0.18712890148162842,0.20909219980239868,0.23105549812316895,0.2530187964439392,0.2749820947647095,0.2969454228878021,0.3189087212085724,0.34087201952934265,0.3628353178501129,0.3847986161708832,0.40676194429397583,0.4287252426147461,0.45068854093551636,0.4726518392562866,0.4946151375770569,0.5165784358978271,0.5385417342185974,0.5605050325393677,0.5824683904647827,0.604431688785553,0.6263949871063232,0.6483582854270935,0.6703215837478638,0.692284882068634],"_type":"histogram","values":[1,0,0,0,0,0,0,0,0,0,0,0,0,0,0,2,0,1,2,0,0,1,0,2,0,0,1,0,0,0,0,1,3,2,1,1,2,0,2,1,2,2,0,0,0,0,1,0,0,0,0,0,1,0,0,1,0,0,1,0,0,0,0,1]},"train_f1":0.41151020408163264,"train_accuracy":0.568,"parameters/graph_15classifier.bias":{"_type":"histogram","values":[1,0,0,0,0,0,0,0,0,0,0,0,0,0,0,0,0,0,0,0,0,0,0,0,0,0,0,0,0,0,0,0,0,0,0,0,0,0,0,0,0,0,0,0,0,0,0,0,0,0,0,0,0,0,0,0,0,0,0,0,0,0,0,1],"bins":[-0.04437191039323807,-0.04032333567738533,-0.03627476096153259,-0.03222618252038956,-0.02817760780453682,-0.024129033088684082,-0.020080456510186195,-0.01603187993168831,-0.011983305215835571,-0.007934730499982834,-0.0038861557841300964,0.00016242265701293945,0.004210997372865677,0.008259572088718414,0.01230815052986145,0.016356725245714188,0.020405299961566925,0.02445387840270996,0.0285024493932724,0.032551027834415436,0.036599598824977875,0.04064817726612091,0.04469675570726395,0.048745326697826385,0.05279390513896942,0.05684248358011246,0.060891054570674896,0.06493963301181793,0.06898821145296097,0.07303678244352341,0.07708536088466644,0.08113393932580948,0.08518251776695251,0.08923108875751495,0.09327966719865799,0.09732824563980103,0.10137681663036346,0.1054253950715065,0.10947397351264954,0.11352254450321198,0.11757112294435501,0.12161970138549805,0.12566827237606049,0.12971684336662292,0.13376542925834656,0.137814000248909,0.14186257123947144,0.14591115713119507,0.1499597281217575,0.15400829911231995,0.15805688500404358,0.16210545599460602,0.16615402698516846,0.1702026128768921,0.17425118386745453,0.17829975485801697,0.1823483407497406,0.18639691174030304,0.19044548273086548,0.1944940686225891,0.19854263961315155,0.202591210603714,0.20663978159427643,0.21068836748600006,0.2147369384765625]},"gradients/graph_15gat1.heads.0.attn_fc.weight":{"_type":"histogram","values":[1,0,0,0,0,0,0,0,0,1,0,0,0,1,0,0,1,1,1,0,1,0,1,2,0,1,1,0,1,0,0,1,2,0,1,0,0,1,2,1,0,1,1,1,2,2,0,0,0,0,0,1,1,0,1,0,0,0,0,0,0,0,0,1],"bins":[-0.0025442740879952908,-0.0024555716663599014,-0.0023668694775551558,-0.0022781670559197664,-0.0021894648671150208,-0.0021007624454796314,-0.0020120602566748857,-0.0019233578350394964,-0.0018346556462347507,-0.0017459532245993614,-0.0016572510357946157,-0.0015685486141592264,-0.001479846308939159,-0.0013911440037190914,-0.001302441698499024,-0.0012137393932789564,-0.001125037088058889,-0.0010363347828388214,-0.0009476324776187539,-0.0008589301723986864,-0.0007702278671786189,-0.0006815255619585514,-0.0005928232567384839,-0.0005041209515184164,-0.0004154185298830271,-0.0003267163410782814,-0.00023801391944289207,-0.0001493117306381464,-6.060930900275707e-05,2.80928798019886e-05,0.00011679530143737793,0.0002054974902421236,0.00029419991187751293,0.00038290233351290226,0.00047160452231764793,0.0005603069439530373,0.0006490091327577829,0.0007377115543931723,0.0008264137431979179,0.0009151161648333073,0.001003818353638053,0.0010925207752734423,0.0011812230804935098,0.0012699253857135773,0.0013586276909336448,0.0014473299961537123,0.0015360323013737798,0.0016247346065938473,0.0017134369118139148,0.0018021392170339823,0.0018908415222540498,0.0019795438274741173,0.0020682462491095066,0.0021569484379142523,0.0022456508595496416,0.0023343530483543873,0.0024230554699897766,0.0025117576587945223,0.0026004600804299116,0.0026891622692346573,0.0027778646908700466,0.0028665668796747923,0.0029552693013101816,0.0030439714901149273,0.0031326739117503166]},